word,total_count,num_papers
robot,72738,32942
control,61558,27503
system,52327,27258
model,40711,22541
robots,35944,20506
motion,34222,18482
algorithm,25933,15319
data,24286,14383
problem,23157,15958
robotic,22352,14616
design,21863,14269
object,21246,9857
task,20548,12484
learning,20278,10672
force,19317,9360
human,19285,10369
planning,19128,10377
environment,18898,13372
systems,18801,13267
tasks,18735,12511
novel,18208,16120
time,17538,13067
information,17419,11884
dynamic,17300,11474
framework,16977,11498
objects,16735,9009
environments,16547,12012
sensor,16071,9055
controller,15950,8856
simulation,14519,12023
space,14015,9251
tracking,13489,7672
models,13209,8963
trajectory,12977,7841
estimation,12950,7745
developed,12895,10813
math,12793,7852
mathml,12723,7839
accuracy,12630,9530
autonomous,12414,9281
position,12379,8654
visual,12326,7217
manipulation,12256,7048
mobile,12254,8212
high,12169,9669
dynamics,11915,7798
real,11468,9303
path,11365,6118
applications,11013,9538
multiple,10987,8523
sensors,10986,7308
features,10978,7244
contact,10962,5602
navigation,10903,6204
network,10850,6895
soft,10723,4188
constraints,10708,7286
joint,10646,6207
point,10516,6519
parameters,10293,7149
complex,10103,8385
optimization,10067,6866
image,9894,5868
robust,9876,7876
algorithms,9839,7209
pose,9762,5394
camera,9717,5952
manipulator,9692,5577
process,9687,7715
designed,9660,8442
mechanism,9537,5942
localization,9530,5139
map,9469,5247
analysis,9441,7555
existing,9311,8140
structure,9251,6934
large,9232,7752
detection,9166,5378
real-time,8992,6924
order,8860,7734
feedback,8810,5868
strategy,8752,6385
effectiveness,8654,8412
optimal,8627,5952
vehicle,8605,5006
range,8556,6511
interaction,8344,5743
error,8130,5840
hand,8100,4001
images,8060,5011
number,8042,6555
training,7958,5249
solution,7915,6229
target,7911,4736
function,7884,5969
field,7752,5785
local,7652,5331
trajectories,7591,5202
sensing,7578,4739
real-world,7527,6272
surface,7519,4695
behavior,7500,5274
accurate,7482,6362
applied,7468,6725
robotics,7433,6217
actuator,7352,3841
conditions,7351,5881
stability,7302,5072
potential,7299,6373
single,7269,6185
challenging,7141,6561
forces,7087,4694
physical,7003,5465
improve,6945,6280
neural,6942,4909
grasping,6866,3429
finally,6830,6777
simple,6819,6079
problems,6805,5274
scenarios,6787,5592
etx,6772,3387
scheme,6701,4769
feature,6688,4447
body,6673,4402
shape,6631,4102
stiffness,6627,2802
speed,6499,4760
research,6445,5592
dataset,6433,4168
current,6399,5495
walking,6394,2904
mapping,6391,4318
state-of-the-art,6385,5925
robustness,6343,5335
desired,6329,5056
vehicles,6308,4538
torque,6274,3457
arm,6228,3892
actuators,6220,3933
linear,6214,4897
introduce,6147,5839
locomotion,6127,3453
simulations,6123,5840
energy,6117,3483
grasp,6108,2596
motions,6091,4273
available,6084,5637
policy,6042,3092
adaptive,6031,4158
velocity,6016,4070
ability,6003,5361
obstacles,5997,3911
modeling,5971,4712
representation,5949,4372
points,5944,4074
techniques,5928,5035
kinematic,5916,4204
online,5900,4379
nonlinear,5885,4298
generate,5864,5174
enables,5855,5464
safety,5851,3615
often,5830,5413
vision,5824,4225
obtained,5817,5225
cost,5790,4418
significant,5785,5410
flexible,5739,3965
small,5735,4830
global,5724,4115
configuration,5720,4216
estimate,5699,4684
depth,5694,2717
input,5661,4519
measurements,5618,4022
knowledge,5562,4363
unknown,5550,4268
technique,5529,4468
application,5522,5068
important,5490,5191
evaluate,5464,5189
driving,5458,3411
dof,5441,3655
properties,5424,4389
limited,5416,5010
scene,5354,3253
possible,5334,4836
significantly,5329,5016
platform,5317,3915
search,5296,3374
architecture,5277,3884
active,5268,3669
uncertainty,5182,3249
computational,5172,4281
perception,5162,3440
moving,5154,3907
ground,5124,3707
recognition,5116,2875
mechanical,5114,3962
low,5096,4387
user,5073,3173
challenges,5056,4436
tactile,5009,1929
power,4981,3314
goal,4971,3923
capabilities,4944,4312
errors,4938,3802
prediction,4921,2961
actuation,4914,3239
slam,4909,2261
measurement,4859,3541
validate,4858,4778
parallel,4857,3261
manipulators,4852,3357
addition,4847,4687
device,4826,2934
geometric,4822,3650
implemented,4819,4571
magnetic,4801,1854
inline-formula,4780,1075
tex-math,4780,1075
capable,4776,4375
development,4760,4188
communication,4751,2874
external,4739,3670
sup,4712,1662
key,4700,4406
rate,4637,3724
terms,4619,4250
datasets,4618,3819
fast,4612,3978
case,4611,4009
letter,4549,4135
module,4541,2809
conducted,4538,4339
planner,4534,2839
deep,4504,3413
motor,4483,2782
generated,4481,3998
exploration,4459,2606
virtual,4422,2825
changes,4420,3533
implementation,4410,3999
actions,4410,2971
collision,4404,2722
graph,4376,2601
distance,4368,3242
hybrid,4357,2958
spatial,4338,3127
evaluated,4335,4142
better,4333,4012
simulated,4323,3985
conventional,4319,3757
terrain,4316,2219
stable,4300,3486
aerial,4292,2853
develop,4289,4006
agents,4263,2317
evaluation,4255,3677
learn,4247,3423
level,4243,3250
semantic,4237,2051
filter,4231,2980
operation,4226,3508
reduce,4213,3878
challenge,4204,3909
segmentation,4202,2111
calibration,4200,2038
assembly,4192,2021
reinforcement,4175,3212
relative,4168,3181
humanoid,4163,2319
controllers,4140,2911
action,4134,2581
maps,4132,2716
way,4111,3858
integrated,4111,3657
solutions,4094,3353
generation,4085,3281
validated,4085,4015
kinematics,4062,3016
gait,4053,1832
orientation,4040,2924
characteristics,4036,3474
quality,4014,3101
safe,4008,3080
extensive,4008,3912
test,3999,3386
movement,3973,2930
concept,3947,3331
improved,3947,3613
strategies,3945,3120
traditional,3931,3552
enable,3921,3652
initial,3919,3254
highly,3904,3602
continuous,3895,3132
prototype,3884,3300
world,3869,3040
distributed,3828,2662
functions,3824,3023
obstacle,3821,2543
known,3819,3476
distribution,3811,2795
controlled,3811,3358
capability,3807,3424
step,3799,3005
robot's,3770,2995
part,3769,2723
introduced,3766,3566
joints,3763,2641
prior,3753,3138
rigid,3745,2915
solve,3727,3376
components,3723,2976
difficult,3718,3516
directly,3713,3482
practical,3710,3429
consists,3702,3579
future,3688,3149
humans,3665,2858
hardware,3656,3020
passive,3641,2519
complexity,3626,3220
form,3621,3202
domain,3587,2429
tested,3573,3410
efficiently,3571,3333
lidar,3569,1772
workspace,3563,2354
freedom,3562,3195
networks,3555,2722
describe,3553,3235
avoidance,3552,2527
paths,3548,2377
behaviors,3548,2428
successfully,3544,3407
output,3543,2711
size,3536,2947
view,3533,2822
natural,3529,2849
tool,3516,2396
states,3504,2592
main,3501,3278
friction,3455,2065
computation,3451,2907
learned,3448,2729
structures,3443,2571
end,3427,2957
support,3423,2706
haptic,3409,1548
planar,3405,2709
experimentally,3392,3276
success,3392,2842
underwater,3392,1671
noise,3384,2428
direction,3383,2641
devices,3374,2562
fusion,3360,2129
outperforms,3359,3318
surgical,3355,1593
types,3351,2909
obtain,3347,3100
static,3336,2642
gripper,3312,1548
maximum,3311,2724
describes,3307,3185
higher,3285,2984
area,3277,2609
enabling,3269,3120
simultaneously,3254,3124
derived,3250,3019
configurations,3243,2498
angle,3233,2316
industrial,3226,2537
standard,3225,2876
interactions,3215,2461
loop,3214,2196
execution,3205,2474
parts,3203,2279
less,3198,2920
variable,3190,2221
precision,3189,2569
precise,3187,2796
mechanisms,3186,2395
trained,3182,2632
matching,3180,2025
location,3176,2546
complete,3175,2853
additional,3174,2955
suitable,3152,2990
numerical,3148,2809
flight,3148,1812
mode,3147,1950
cameras,3133,2216
effect,3132,2640
fully,3122,2849
phase,3121,2023
change,3114,2615
described,3102,2850
response,3099,2501
degrees,3098,2738
estimates,3096,2561
regions,3091,2251
critical,3089,2840
sequence,3088,2350
common,3086,2868
constraint,3085,2255
inverse,3079,2167
times,3078,2531
compliant,3056,2140
processing,3053,2496
formulation,3049,2496
interface,3049,2032
introduces,3048,3007
policies,3044,1837
focus,3037,2886
flow,3025,1635
like,3022,2744
achieving,3021,2885
effects,3012,2502
positioning,3005,2097
estimated,3005,2615
operator,3000,1931
similar,2999,2782
enhance,2995,2810
overall,2993,2787
average,2987,2533
requirements,2983,2629
feasibility,2977,2773
parameter,2968,2271
increase,2964,2699
impedance,2959,1537
respect,2955,2713
example,2950,2814
agent,2941,1837
environmental,2933,2404
type,2932,2510
attention,2930,2239
machine,2918,2270
accurately,2894,2686
sampling,2892,1872
constrained,2885,2350
disturbances,2883,2063
modules,2877,1814
best,2877,2607
reconstruction,2871,1697
poses,2866,2219
good,2862,2611
geometry,2858,2359
account,2843,2713
following,2841,2403
extended,2831,2593
advantages,2824,2694
plan,2815,2137
necessary,2812,2659
indoor,2812,2228
deformation,2809,1755
frequency,2802,1990
presence,2799,2563
capture,2796,2378
operating,2789,2491
odometry,2785,1748
computer,2781,2496
determine,2779,2566
signals,2778,2004
matrix,2777,1948
finger,2767,1420
source,2766,1992
variety,2755,2611
temporal,2753,1902
video,2748,2036
essential,2742,2663
direct,2741,2367
measure,2734,2215
limitations,2732,2512
human-robot,2730,2114
improves,2725,2590
full,2722,2433
procedure,2722,2249
surfaces,2717,1925
load,2717,1824
laser,2711,1701
theory,2710,2343
detect,2710,2329
verified,2710,2642
discussed,2707,2542
context,2705,2305
signal,2698,1986
convergence,2697,2190
cloud,2691,1602
reduced,2684,2417
compliance,2673,1759
pressure,2671,1589
length,2670,2133
movements,2668,1989
crucial,2663,2622
inertial,2661,1944
scale,2660,2092
operations,2653,2175
probabilistic,2652,2094
theoretical,2651,2402
programming,2645,2021
predict,2640,2334
uncertainties,2636,1941
individual,2635,2264
promising,2635,2551
scenes,2633,1962
combined,2626,2466
lower,2626,2219
stereo,2624,1552
impact,2619,2037
leg,2601,1453
integration,2600,2241
code,2591,2402
reliable,2577,2341
positions,2577,2151
teleoperation,2573,1427
optical,2570,1627
transfer,2559,1857
wide,2549,2372
equipped,2549,2427
around,2546,2309
plane,2542,1829
move,2541,2278
classification,2538,1647
automatically,2530,2302
issues,2529,2346
diverse,2524,2197
predictive,2524,2045
methodology,2523,2071
end-effector,2519,1783
github,2519,2451
notation,2518,1134
rotation,2517,1805
providing,2514,2406
observations,2509,1939
objective,2508,2138
typically,2506,2415
mass,2504,1828
improvement,2485,2291
modular,2484,1692
verify,2484,2425
feasible,2482,2104
language,2479,1384
drive,2466,1871
resolution,2464,1890
internal,2457,1836
avoid,2453,2291
combination,2452,2318
identification,2446,1729
according,2444,2304
hierarchical,2442,1924
class,2442,2020
tests,2440,2175
software,2430,1810
manufacturing,2426,1745
issue,2424,2275
corresponding,2422,2260
series,2417,2151
authors,2417,1849
gaussian,2417,1734
region,2415,1735
closed-loop,2413,1959
artificial,2411,1884
simultaneous,2410,2253
compute,2406,2135
latex,2405,1095
place,2395,1557
forward,2392,1964
useful,2386,2269
cases,2385,2151
defined,2379,2203
elastic,2377,1620
identify,2372,2169
multi-robot,2367,1529
frame,2364,1798
observed,2357,2070
employed,2350,2254
ensure,2344,2237
locations,2335,1915
easily,2316,2219
users,2311,1621
patterns,2302,1681
fields,2298,1806
track,2297,1922
demonstrations,2295,1456
long,2273,2085
technology,2273,1996
building,2266,1975
measured,2255,1994
material,2248,1660
coordination,2247,1545
sparse,2247,1644
generating,2246,2090
fixed,2246,1966
base,2245,1590
remains,2244,2196
cooperative,2243,1502
open,2241,2007
rely,2239,2178
areas,2227,1893
varying,2221,2017
team,2219,1372
produce,2215,2025
associated,2212,2068
reduction,2212,1849
manner,2209,2115
weight,2207,1815
line,2199,1425
understanding,2199,1892
adaptation,2198,1551
apply,2198,2105
condition,2196,1707
handle,2195,2047
reducing,2190,2079
selection,2189,1764
loss,2188,1692
actuated,2180,1840
benchmark,2178,1842
adapt,2173,1934
free,2171,1731
cell,2170,1014
dense,2169,1544
automated,2165,1741
analyzed,2165,2060
cannot,2164,2066
representations,2164,1645
improving,2163,2058
tools,2162,1707
controlling,2162,2007
means,2158,2036
inputs,2156,1794
value,2154,1736
combines,2152,2126
group,2151,1490
italic,2147,1021
solving,2146,1938
reduces,2145,2057
pattern,2143,1542
flexibility,2140,1888
built,2137,2052
surgery,2136,1521
carried,2134,2047
utilizing,2134,2039
modes,2132,1505
maintaining,2125,2038
discrete,2124,1650
constructed,2110,1976
pneumatic,2109,1240
law,2106,1609
light,2105,1608
redundant,2094,1564
dynamically,2092,1913
inspired,2089,1994
composed,2088,1984
appropriate,2085,1968
overcome,2080,2006
arbitrary,2079,1861
investigate,2079,2016
coverage,2079,1015
compact,2068,1846
legged,2068,1411
advantage,2066,1986
sequences,2065,1653
automatic,2065,1761
stage,2060,1286
uav,2060,1079
smooth,2057,1757
assistance,2057,1271
memory,2056,1548
combining,2052,1994
observation,2052,1640
component,2050,1748
large-scale,2049,1670
increasing,2048,1968
independent,2047,1827
link,2040,1458
kalman,2039,1724
continuum,2038,912
successful,2037,1918
bending,2036,1213
muscle,2036,1045
faster,2031,1883
interest,2023,1856
testing,2021,1729
exoskeleton,2013,852
intelligent,2012,1644
inference,2006,1503
model-based,2003,1612
spaces,1998,1613
driven,1995,1787
remote,1990,1399
materials,1989,1513
examples,1988,1872
unit,1988,1604
outdoor,1987,1657
inspection,1980,1139
disturbance,1980,1273
skills,1980,1269
lightweight,1979,1742
actual,1977,1781
demonstration,1976,1507
baseline,1974,1775
center,1972,1617
illustrate,1972,1949
embedded,1964,1694
collected,1963,1787
metric,1962,1396
lack,1961,1917
decision,1954,1539
changing,1953,1736
monitoring,1952,1465
investigated,1951,1844
tip,1951,1210
simulator,1951,1449
build,1946,1783
basic,1943,1772
processes,1942,1696
superior,1942,1901
computing,1938,1704
realistic,1936,1765
generates,1936,1843
estimating,1932,1771
vector,1931,1449
fingers,1928,1183
widely,1924,1892
needle,1923,520
shapes,1921,1547
vibration,1919,1021
represent,1919,1775
probability,1915,1439
subject,1913,1684
minimum,1906,1625
together,1904,1844
transmission,1902,1238
optimized,1897,1679
demonstrating,1897,1869
applying,1896,1826
computed,1896,1717
generalization,1895,1545
monocular,1894,1337
explore,1892,1783
formation,1888,916
nature,1888,1818
sensory,1883,1422
compensation,1880,1299
related,1879,1771
people,1878,1286
situations,1877,1649
fundamental,1877,1817
role,1876,1760
constant,1873,1598
handling,1871,1581
despite,1871,1832
designs,1870,1524
unmanned,1868,1657
pipeline,1867,1393
lead,1867,1773
acceleration,1866,1342
random,1866,1619
usually,1864,1783
values,1863,1570
sub,1862,541
expected,1857,1667
analyze,1853,1784
tissue,1847,966
train,1838,1642
sliding,1837,1181
arms,1836,1309
realize,1835,1668
unique,1833,1724
next,1832,1721
scenario,1829,1629
plans,1827,1359
servoing,1822,1086
construction,1820,1447
tree,1818,1191
indicate,1818,1781
deformable,1817,1140
utilizes,1809,1767
finite,1808,1604
basis,1807,1620
leveraging,1807,1761
validation,1806,1699
elements,1805,1456
platforms,1804,1533
leads,1803,1734
takes,1799,1746
consistent,1795,1597
mobility,1793,1381
wheel,1786,975
vision-based,1783,1479
micro,1779,1103
steering,1772,1049
grasps,1768,1001
take,1767,1715
coupled,1763,1519
modeled,1762,1665
certain,1760,1666
computationally,1757,1641
limits,1757,1558
clouds,1751,1175
degree,1749,1629
developing,1746,1647
normal,1743,1332
maintain,1741,1641
ratio,1739,1341
analytical,1737,1484
levels,1737,1520
autonomously,1737,1588
structural,1731,1368
original,1729,1513
caused,1726,1629
road,1726,945
cluttered,1724,1375
hands,1720,1196
gap,1719,1397
increased,1713,1550
deployment,1703,1409
collaborative,1703,1186
reach,1702,1524
sufficient,1697,1588
sample,1694,1340
implement,1694,1631
running,1691,1196
primitives,1691,1067
contrast,1690,1625
transition,1689,1246
involving,1688,1615
synthetic,1682,1327
utilized,1679,1625
create,1678,1576
relationship,1675,1474
guide,1674,1487
typical,1672,1590
failure,1672,1183
showed,1671,1556
air,1669,1180
unstructured,1668,1474
integrating,1666,1601
balance,1665,1252
minimal,1663,1509
principle,1662,1497
integrates,1661,1640
high-level,1656,1369
traffic,1655,849
targets,1651,1096
differential,1650,1341
reward,1649,947
thereby,1648,1583
iterative,1646,1409
learning-based,1645,1385
upon,1644,1573
literature,1642,1546
alternative,1639,1569
total,1637,1468
help,1634,1533
displacement,1629,1157
variations,1626,1398
swarm,1626,733
collisions,1623,1312
coupling,1622,1218
taking,1621,1576
optimize,1620,1513
registration,1617,851
observer,1617,1021
coordinate,1616,1321
established,1616,1540
become,1614,1557
solved,1612,1524
layer,1611,993
navigate,1610,1457
foot,1609,908
variables,1608,1267
vertical,1607,1215
rates,1606,1389
imaging,1603,1121
construct,1603,1517
mounted,1602,1478
guidance,1598,1174
explicitly,1594,1511
great,1592,1533
formulated,1592,1535
consisting,1591,1549
leverages,1591,1572
settings,1588,1459
cells,1586,877
benefits,1582,1501
amount,1580,1448
leading,1580,1512
three-dimensional,1578,1422
samples,1578,1183
directions,1572,1298
operate,1570,1503
motors,1570,1176
factor,1565,1272
payload,1563,998
discuss,1561,1479
designing,1560,1461
inside,1560,1312
determined,1559,1488
purpose,1559,1493
inherent,1558,1500
another,1557,1487
commands,1556,1200
generalized,1550,1321
angles,1549,1260
enhanced,1549,1458
transformation,1548,1172
angular,1547,1171
deal,1545,1485
particle,1544,1003
major,1539,1488
convex,1538,1084
aim,1535,1482
factors,1535,1284
extend,1526,1490
rapid,1526,1328
whole,1524,1373
steps,1522,1381
legs,1522,1045
minimize,1518,1441
derive,1518,1445
predictions,1513,1178
extension,1512,1316
frames,1512,1183
classical,1510,1317
array,1507,1019
increases,1507,1430
planners,1507,1050
rotational,1504,1173
aims,1504,1489
water,1503,905
unlike,1503,1480
subjects,1502,1126
reliability,1501,1297
reasoning,1500,1105
stochastic,1499,1112
strong,1499,1412
decentralized,1499,1079
adaptability,1499,1289
dexterous,1497,1102
consumption,1496,1161
extract,1495,1399
contribution,1492,1343
idea,1491,1418
quadrotor,1488,925
switching,1485,1087
risk,1476,936
guarantee,1473,1377
posture,1473,969
incorporating,1472,1431
comprehensive,1471,1425
density,1471,1151
approximation,1471,1182
axis,1466,1086
utilize,1466,1429
offline,1466,1126
gain,1464,1181
connected,1462,1318
improvements,1460,1381
social,1458,753
facilitate,1456,1416
mpc,1456,705
uncertain,1452,1205
project,1451,1321
attitude,1447,880
metrics,1447,1125
detailed,1446,1366
torques,1445,1106
rehabilitation,1444,841
advanced,1441,1345
cable,1441,704
slip,1440,660
offers,1440,1392
preliminary,1439,1391
validity,1438,1403
ensuring,1436,1362
shared,1435,1061
rather,1434,1386
close,1433,1348
setup,1433,1257
influence,1431,1294
insertion,1431,749
guarantees,1431,1285
update,1431,1181
contacts,1428,1017
speeds,1428,1194
extracted,1427,1317
relies,1427,1396
interactive,1426,1070
wearable,1426,923
entire,1425,1337
element,1423,1220
collision-free,1421,1149
leverage,1420,1371
years,1419,1395
skill,1419,846
segments,1418,1008
tex,1418,324
learns,1416,1284
consistency,1415,1117
urban,1411,1064
multimodal,1410,931
manual,1409,1206
prove,1407,1360
quickly,1403,1309
spring,1401,863
biological,1400,1104
relevant,1398,1308
identified,1397,1282
bayesian,1396,1100
biped,1395,786
avoiding,1394,1318
onboard,1394,1147
least,1393,1256
imitation,1390,857
alignment,1389,976
multi-agent,1386,903
mathematical,1384,1280
upper,1383,1073
limit,1376,1154
procedures,1375,1163
functional,1375,1093
uavs,1375,807
special,1374,1275
mission,1374,945
gravity,1368,966
property,1367,1212
predicted,1366,1201
commonly,1366,1334
final,1356,1241
capacity,1356,1099
fabrication,1356,1083
efficacy,1356,1328
medical,1354,1042
gaits,1353,799
gradient,1352,1066
imu,1351,884
partial,1349,1134
quadruped,1348,889
head,1343,812
detected,1342,1222
underlying,1337,1251
experience,1337,1104
fuzzy,1337,694
end-to-end,1337,1137
employs,1336,1310
explicit,1334,1202
applicability,1332,1295
extraction,1332,1087
larger,1332,1232
dynamical,1331,1073
considers,1324,1283
focuses,1318,1307
underactuated,1318,946
low-cost,1314,1153
velocities,1313,1073
modified,1312,1169
approximate,1310,1189
domains,1309,1080
dimensional,1307,1080
spherical,1306,845
boundary,1306,943
unified,1304,1143
detecting,1301,1153
delay,1301,834
heterogeneous,1300,953
fault,1299,558
terrains,1298,899
unseen,1298,1052
sense,1297,1180
synthesis,1295,965
estimator,1292,942
face,1290,1019
reported,1289,1216
incorporates,1288,1273
comparing,1286,1251
effort,1285,1123
employ,1285,1250
description,1283,1137
skin,1283,679
represented,1282,1211
volume,1282,947
rgb-d,1282,939
define,1281,1207
realized,1280,1201
noisy,1280,1120
event,1279,691
hard,1279,1138
autonomy,1276,979
recovery,1274,890
specified,1271,1173
height,1271,944
service,1271,939
appearance,1271,923
assist,1270,1055
collection,1268,1065
correct,1266,1159
damping,1265,785
schemes,1262,1038
participants,1262,894
comparable,1260,1237
closed,1257,1058
offer,1257,1227
activities,1257,955
edge,1254,824
nodes,1253,831
aspects,1250,1167
expensive,1250,1205
landmarks,1249,753
costs,1249,1078
rgb,1249,911
links,1248,985
automation,1245,1033
becomes,1244,1204
importance,1244,1160
curvature,1242,870
exploit,1239,1211
applicable,1238,1210
paradigm,1238,1100
muscles,1237,800
operational,1234,1006
confirm,1232,1208
taken,1232,1182
occupancy,1232,692
topological,1231,766
relatively,1230,1179
sequential,1230,1043
reality,1226,1022
named,1226,1180
high-speed,1225,905
color,1224,764
long-term,1223,961
production,1221,859
redundancy,1220,924
videos,1219,1007
tuning,1218,968
selected,1217,1120
interact,1217,1147
assistive,1216,798
reactive,1215,894
minimizing,1214,1155
suggest,1211,1178
instance,1208,890
follow,1207,1138
climbing,1204,641
radar,1204,399
enhancing,1204,1140
quadratic,1202,1072
exploiting,1201,1174
filtering,1200,994
currently,1199,1181
focused,1198,1152
integrate,1196,1168
involves,1195,1154
sound,1195,529
expert,1194,822
grid,1194,854
convolutional,1194,1076
inertia,1193,858
compensate,1193,1122
measures,1192,971
easy,1190,1152
combine,1185,1145
rolling,1184,745
units,1183,915
omnidirectional,1183,769
formulate,1182,1160
modalities,1181,916
fabricated,1180,1040
simplified,1178,1077
pair,1176,1005
introducing,1175,1156
regression,1174,897
landing,1172,599
logic,1171,827
limb,1169,755
independently,1168,1119
magnitude,1165,1055
coordinates,1164,917
data-driven,1164,948
sources,1160,897
enough,1158,1094
measuring,1157,1025
program,1155,934
servo,1152,774
wrist,1148,630
confirmed,1148,1087
jacobian,1147,780
continuously,1146,1084
attached,1145,1061
placement,1142,823
fluid,1141,769
minimally,1141,1034
cycle,1140,869
intuitive,1140,1014
acquired,1138,1048
goals,1134,926
lateral,1134,773
resources,1134,936
narrow,1132,886
difficulty,1131,1036
spl,1130,536
invasive,1130,1011
generally,1128,1098
sensitivity,1127,899
events,1125,800
exhibit,1124,1069
adopted,1124,1087
safely,1123,1062
electrical,1119,872
objectives,1118,871
translation,1116,880
bandwidth,1116,861
popular,1116,1081
partially,1114,1005
deployed,1112,1047
variation,1111,964
lines,1111,783
scanning,1109,714
wheeled,1106,855
far,1102,1074
distributions,1102,853
central,1100,981
augmented,1099,955
represents,1098,1055
baselines,1097,1035
mainly,1095,1069
low-level,1094,881
incorporate,1091,1052
select,1089,1021
markov,1088,957
progress,1084,1021
public,1082,1013
short,1081,1009
zero,1081,962
failures,1081,813
difference,1080,955
flat,1080,900
scan,1080,705
bounded,1079,929
nonholonomic,1078,758
guaranteed,1077,993
tackle,1077,1055
rapidly,1076,1018
assumption,1076,983
predicting,1071,965
flying,1070,769
conduct,1070,1047
articulated,1068,785
captured,1067,981
activity,1066,709
heuristic,1066,822
sampling-based,1066,826
potentially,1065,1035
subsequently,1065,1051
intrinsic,1063,891
decomposition,1063,835
benefit,1063,1040
swimming,1063,507
cartesian,1062,832
perspective,1062,939
quantitative,1062,989
machines,1062,870
dimensions,1059,938
segment,1059,825
rules,1057,774
electric,1054,746
moment,1054,833
greatly,1054,1024
namely,1051,1025
latent,1051,652
cause,1050,1007
technologies,1049,924
employing,1046,1019
manipulate,1046,972
generic,1044,923
past,1043,973
transitions,1042,803
report,1040,995
pairs,1039,881
ensures,1039,1002
association,1039,704
completion,1038,780
edges,1036,758
dexterity,1036,794
concepts,1036,865
evaluations,1035,997
structured,1033,891
index,1032,678
execute,1031,977
surrounding,1030,923
enhances,1030,1002
knee,1025,472
closure,1024,645
patients,1023,699
controls,1022,907
always,1022,990
person,1022,658
access,1021,907
projection,1021,811
actively,1019,952
acoustic,1018,514
operators,1018,789
criteria,1017,828
trials,1017,879
determining,1015,952
fail,1015,984
advances,1014,987
missions,1014,845
labels,1014,697
time-varying,1013,797
wheels,1011,696
acquisition,1010,847
collaboration,1010,793
complicated,1009,954
distinct,1009,948
contains,1008,946
produces,1006,963
reaction,1006,765
adjustment,1005,819
classes,1005,766
increasingly,1003,991
thrust,1003,569
patient,1002,689
primary,1001,882
ones,1000,942
candidate,998,811
rough,997,767
dual,997,773
core,997,923
hydraulic,996,509
navigating,996,921
bipedal,994,636
cues,992,732
details,991,931
run,990,920
incremental,990,752
grippers,989,662
characterized,987,963
strain,984,615
bound,984,784
rendering,983,719
planned,982,862
hysteresis,980,512
optimizing,979,894
representing,978,937
ranging,977,872
systematic,977,908
characterize,977,922
exploits,977,952
assumptions,976,878
calculated,975,901
pushing,975,632
command,974,739
guided,973,883
beam,972,621
wireless,972,683
allocation,971,619
exact,968,854
chain,967,710
master,966,590
engineering,965,861
recognize,964,848
temperature,964,562
implicit,963,699
establish,961,938
interfaces,960,710
ankle,960,458
raw,959,810
topology,959,707
lyapunov,958,874
gps,958,656
depends,957,926
scalable,957,878
robustly,954,898
fish,954,359
powerful,953,920
practice,952,915
piezoelectric,952,570
approximately,951,882
near,951,866
bounds,950,737
understand,949,906
relationships,947,772
give,946,897
truth,946,833
daily,946,832
criterion,944,736
locally,944,854
fact,943,926
occlusion,939,711
horizon,937,726
heavy,936,807
exhibits,935,906
high-dimensional,935,776
term,934,784
utility,934,804
affect,934,874
smaller,934,874
views,931,695
placed,929,867
drift,928,728
scheduling,926,538
assume,924,897
reaching,923,790
principles,922,801
life,922,808
maneuvers,921,742
turning,920,641
limitation,920,882
side,920,711
interacting,920,844
drone,920,513
adjust,918,863
positive,918,727
proved,918,894
serial,917,717
specifications,916,692
version,916,838
suffer,915,904
precisely,913,870
absolute,913,770
deals,913,898
relying,912,881
community,911,861
explored,910,878
assess,910,881
moves,908,851
depending,908,886
maximize,905,857
publicly,905,887
evaluating,904,854
slave,904,504
requirement,902,861
yields,901,875
equivalent,901,815
multi-modal,901,678
uri,901,433
transform,900,807
fingertip,899,529
completely,899,860
diameter,899,746
onto,894,822
researchers,892,845
accomplish,891,856
scalability,891,810
probe,890,464
versatile,890,824
poor,890,855
text,890,418
coordinated,888,719
viewpoint,888,650
profile,887,675
groups,887,682
generalize,887,813
thermal,886,436
outputs,885,792
ultrasound,883,416
involved,882,845
propulsion,882,559
sizes,879,800
identifying,878,831
rotating,878,678
behaviour,876,661
architectures,876,730
supervised,874,745
wind,874,456
tracked,873,754
effector,872,645
clinical,872,714
physically,871,801
touch,871,536
produced,871,813
jumping,871,369
consideration,870,843
digital,870,672
demand,870,771
delivery,868,624
detail,867,842
greater,867,821
feedforward,865,641
created,864,817
prevent,863,834
differences,859,776
stabilization,859,634
nominal,858,669
parametric,858,691
instances,858,681
specification,857,622
adversarial,856,521
equilibrium,853,597
tension,853,499
incorporated,851,835
reliably,851,805
plant,851,525
similarity,850,676
periodic,849,622
transport,849,667
executed,848,807
decision-making,847,685
rescue,847,678
laboratory,846,759
sensitive,846,783
priori,846,790
separate,846,800
benchmarks,845,778
illustrated,844,837
transportation,843,607
exist,842,816
illumination,841,633
gains,841,713
horizontal,841,706
containing,841,816
ball,841,468
investigates,841,832
intelligence,840,665
comparative,840,829
degree-of-freedom,839,803
laws,838,668
characterization,837,707
pendulum,837,610
cooperation,835,642
layers,835,664
self-supervised,835,590
invariant,832,648
statistical,831,729
consequently,831,824
whole-body,830,573
assumed,829,773
perturbations,829,622
little,828,810
cables,827,521
filters,827,600
smart,826,582
satisfy,826,781
proper,825,775
curve,824,578
manipulating,824,746
classifier,823,574
wing,823,322
substantial,822,799
modern,822,787
jointly,822,782
stages,821,709
commercial,821,758
followed,820,798
correlation,819,647
residual,819,601
passivity,816,497
verification,815,700
functionality,813,734
bodies,812,653
situation,812,730
characteristic,812,724
occur,811,788
remain,811,789
belief,811,475
match,810,744
unsupervised,809,607
strength,809,665
descriptors,808,505
rich,806,769
on-board,806,705
innovative,806,780
decisions,804,695
kitti,804,719
desirable,803,764
beyond,803,776
tube,803,461
highlight,803,795
sonar,802,432
contributions,802,777
user's,802,565
net,801,525
numerous,801,783
creating,799,762
database,798,575
electromagnetic,798,577
on-line,797,648
choice,797,746
high-quality,797,721
proximity,796,594
possibility,796,766
scales,796,687
geometrical,793,702
weighted,793,669
hip,793,434
proven,792,779
optimality,792,671
carry,791,741
motivated,791,780
eye,791,491
extremely,790,765
scans,790,588
rotor,790,396
besides,790,776
delays,789,572
correspondences,789,570
intended,788,734
translational,788,660
decoupled,788,653
seen,787,749
phases,787,651
empirical,787,748
capturing,786,689
non-linear,785,659
turn,785,715
recorded,783,707
instrument,783,453
adapted,781,752
relations,780,577
open-source,780,730
system's,779,706
pitch,778,546
detector,777,549
powered,777,610
catheter,777,243
scaling,776,602
regarding,776,752
voltage,776,521
balancing,776,589
discusses,775,768
weights,775,637
background,774,606
teams,774,561
occlusions,774,647
growing,773,664
qualitative,772,686
latter,771,754
supporting,771,665
human-like,770,614
meet,769,745
competitive,769,713
management,768,603
maintenance,768,614
texture,767,549
predefined,767,707
connectivity,766,489
assessment,765,621
generator,764,599
simulate,764,698
encoder,764,581
grasped,762,614
wall,762,551
open-loop,761,650
graphs,761,561
controllable,760,666
plays,759,754
swing,759,509
back,758,663
calculation,757,647
intensity,757,554
loads,757,592
extends,757,745
exploring,756,707
correspondence,756,548
springs,755,523
negative,753,580
induced,753,686
primitive,752,551
difficulties,750,722
roadmap,750,395
walk,749,584
rrt,749,409
visibility,748,533
last,747,724
car,746,550
sites,745,694
integral,744,630
chosen,744,709
distances,744,656
lighting,744,593
globally,744,671
cope,743,728
channel,743,539
travel,741,627
added,741,708
localize,740,662
firstly,740,737
infer,739,678
kind,738,710
singular,737,522
extrinsic,737,450
rover,737,357
selecting,736,706
slow,736,671
wave,736,446
propagation,736,577
manually,736,699
game,735,456
extensively,733,729
insights,733,706
fashion,732,709
acquire,732,698
limiting,731,712
stroke,731,488
fine,730,594
obtaining,730,710
dofs,729,505
naturally,727,710
cognitive,726,510
primarily,725,716
searching,725,633
miniature,724,570
reason,723,682
get,720,657
recover,719,649
yield,719,651
calculate,718,671
recursive,717,616
intervention,717,583
damage,717,598
generative,717,554
image-based,716,596
top,715,647
enabled,715,693
perceptual,715,559
analyzing,714,699
serve,714,692
efforts,714,675
regulation,714,555
relation,714,625
teaching,714,449
facilitates,713,705
product,712,517
constructing,712,690
instructions,712,463
exoskeletons,712,481
start,711,624
keep,711,690
predicts,710,670
intention,710,454
complementary,710,649
mitigate,708,694
usage,707,641
agile,707,570
kinds,706,661
play,706,653
fiber,706,443
decrease,705,663
computes,705,667
trees,704,536
formula,704,342
deformations,704,552
adding,703,680
bearing,703,471
diffusion,703,407
microrobots,702,311
implementing,701,685
excellent,700,671
singularity,699,436
categories,698,537
descriptor,698,419
release,698,590
transformer,698,513
updated,697,658
resource,697,518
initialization,697,490
node,695,481
aspect,694,626
asymptotic,694,619
cutting,694,370
barrier,692,546
binary,691,526
likelihood,691,566
composite,690,527
whereas,689,677
clustering,689,531
inverted,688,554
straight,687,584
suited,687,672
tendon,687,381
manifold,687,450
anthropomorphic,686,541
observe,686,658
mesh,685,402
connection,685,550
query,685,478
examined,683,654
particles,682,417
newly,681,653
mixture,681,541
examine,680,653
ways,679,658
observability,679,462
frequencies,679,543
reveal,679,667
encoding,679,569
bias,679,505
aid,678,635
inner,678,548
assignment,678,430
snake,678,299
observable,676,549
confidence,674,511
magnet,674,468
bilateral,673,468
surveillance,673,542
curved,672,518
axes,672,549
exists,672,639
acting,672,611
satellite,672,402
diagnosis,672,421
collect,671,626
covariance,671,463
captures,671,657
liquid,671,402
industry,670,621
dependent,670,621
latency,670,474
landmark,669,427
focusing,669,645
gestures,669,381
true,667,592
exploited,667,652
circular,667,549
starting,665,632
dimension,665,572
mechanics,664,572
speech,664,310
synchronization,662,435
involve,661,640
permanent,659,532
ideal,658,608
forms,657,603
aircraft,657,431
thanks,657,630
supervision,656,513
describing,656,630
interesting,656,624
instruments,655,460
roll,654,494
demands,653,613
correction,653,496
insight,653,636
polynomial,653,532
resistance,653,490
executing,653,623
prosthesis,653,281
centralized,653,529
uniform,652,586
front,651,542
explores,650,638
reconfigurable,649,486
considerable,647,639
visually,647,563
microrobot,647,303
two-dimensional,646,609
manipulated,646,579
singularities,646,439
adaptively,646,613
promise,646,641
pedestrian,646,342
physics,645,530
updates,644,581
responses,643,555
feet,643,452
keeping,642,605
ultrasonic,642,394
affected,641,609
throughout,640,608
auv,640,309
uneven,639,491
thin,638,533
adapting,638,599
floor,636,442
decoupling,635,497
matrices,634,502
runs,634,612
embedding,634,525
sma,634,230
restricted,633,602
stationary,633,540
bounding,632,454
gear,632,409
cable-driven,632,473
comparisons,631,619
solely,631,615
tail,631,289
determines,630,610
period,630,524
driver,630,383
visual-inertial,630,446
located,628,591
suction,628,250
planes,628,446
ekf,628,404
admittance,627,365
lane,626,287
symbolic,625,410
circuit,624,469
deviation,624,532
curves,624,463
radius,624,510
model-free,624,504
vectors,623,483
cover,623,531
helps,623,606
foundation,621,556
minimization,620,531
labeled,620,489
momentum,619,423
solver,619,481
abilities,618,570
hypothesis,618,509
maintains,618,605
iteratively,617,603
valid,617,547
morphology,616,392
refinement,616,521
modelling,615,520
maneuver,615,494
profiles,615,477
confined,615,533
picking,614,398
tracks,613,542
loading,613,481
substantially,613,597
equipment,613,473
shift,612,476
reconfiguration,612,393
operates,612,598
storage,611,484
block,611,476
struggle,611,605
supports,610,575
orientations,610,509
minimizes,610,595
properly,610,589
modality,610,499
degradation,609,477
formal,609,497
mixed,608,497
ablation,608,519
gaze,607,256
adjusting,606,578
phantom,606,522
unstable,605,552
unexpected,605,549
fuse,605,558
deterministic,605,512
prosthetic,605,331
viewpoints,604,446
quadrupedal,604,422
robot-assisted,604,496
intermediate,603,502
representative,603,580
route,603,412
linearization,602,498
definition,602,546
home,601,447
differentiable,600,427
valuable,598,586
evolution,597,531
reconstruct,597,536
mutual,596,471
repetitive,595,456
theoretically,595,582
fewer,594,566
limbs,594,447
lie,593,452
eliminate,593,572
lengths,593,517
amplitude,593,459
fused,593,537
valve,593,307
occluded,592,451
suggested,592,547
analyses,592,555
contribute,592,583
tracker,592,402
likely,591,560
act,590,539
clear,589,546
inherently,588,581
animals,588,488
surgeon,587,421
hidden,585,491
already,585,571
causes,585,545
frequently,585,568
battery,584,387
cnn,584,402
dedicated,582,544
see,582,480
occurs,582,555
early,582,526
wire,582,336
hypotheses,581,417
window,581,454
gesture,581,297
boundaries,580,491
vibrations,579,420
separation,578,425
informative,578,460
machining,577,303
pixel,577,485
expansion,577,465
incrementally,577,534
contour,576,341
switch,576,496
interference,576,468
consistently,576,570
transparent,575,349
aimed,574,566
existence,574,528
subsequent,574,561
technical,573,527
wrench,573,357
behavioral,573,421
recurrent,573,479
advance,572,561
converge,572,541
initially,571,547
box,571,436
modulation,571,422
extracting,570,548
in-hand,570,333
sharing,569,460
investigation,569,535
proprioceptive,569,429
square,568,522
offering,568,554
manipulability,568,338
carrying,568,514
lies,568,561
expressions,568,389
enhancement,568,459
runtime,568,478
threshold,567,458
visible,567,456
largely,567,553
simply,566,557
subset,566,492
abstract,566,460
living,566,477
intersection,565,421
healthy,565,490
contain,564,551
pid,564,414
right,564,493
teleoperated,564,462
maneuverability,564,459
well-known,563,555
wheelchair,563,251
closed-form,563,502
applies,563,554
expression,563,387
false,563,431
outperform,563,559
superiority,563,556
genetic,563,460
yaw,562,418
reports,562,544
overhead,562,481
tailored,562,553
room,562,418
drl,562,266
monitor,561,499
fusing,561,538
proportional,561,482
pedestrians,561,372
dealing,560,547
monte,560,508
quantify,560,529
dual-arm,560,342
producing,559,534
testbed,559,462
extreme,559,489
sea,559,345
origami,559,218
alone,558,524
scanner,558,449
accomplished,558,544
versatility,558,520
flapping,558,256
meanwhile,558,549
gripping,557,358
lift,556,404
carlo,556,506
augmentation,556,413
high-precision,555,472
coefficient,554,443
builds,554,543
share,554,532
treatment,553,468
follows,553,544
question,553,484
avoids,552,542
peak,552,418
rejection,552,452
gas,552,287
weather,552,374
drones,552,354
station,550,394
brain,550,346
pixels,549,428
library,549,411
places,548,452
high-resolution,548,465
trade-off,548,493
localisation,548,318
frameworks,548,480
coarse,547,434
markers,547,376
ros,547,355
analytically,546,518
score,546,426
stabilize,545,489
geometries,544,467
call,544,526
stress,544,370
depend,544,538
transparency,543,360
adhesion,543,282
push,543,417
sim-to-real,543,392
severe,542,517
encode,542,518
deflection,542,375
coefficients,541,439
elastomer,539,393
traversability,539,274
bridge,539,439
zero-shot,539,445
hold,538,515
removal,538,413
endoscope,538,274
emg,538,245
broad,537,526
fit,537,498
utilization,537,497
crawling,537,306
absence,535,514
aiming,535,513
targeted,535,472
collective,535,330
reachability,534,378
individuals,533,428
pick-and-place,532,444
engine,531,391
modification,530,468
classify,530,488
quadrotors,530,378
compression,529,350
perceived,529,446
candidates,529,409
implementations,528,490
reasonable,528,512
impacts,528,445
biomimetic,528,413
custom,527,495
sufficiently,527,514
combinations,527,471
received,527,509
guiding,527,463
template,526,357
drives,526,459
endoscopic,526,328
assuming,525,515
loops,525,420
site,525,417
preserving,525,508
contraction,525,343
preferences,525,308
planetary,524,386
controllability,523,446
purposes,523,508
remaining,523,507
capsule,523,188
closely,522,510
routing,522,336
optimization-based,522,463
burden,521,494
satisfying,521,495
leader,521,283
shortest,520,387
outcomes,520,471
docking,520,246
pick,519,424
embodied,519,377
intent,519,317
recognizing,518,474
calibrated,516,476
solves,515,504
double,515,441
iteration,515,444
correctly,514,484
cad,513,376
separately,511,498
frictional,511,383
encountered,511,500
optimizes,511,499
supply,511,383
radial,511,392
iii,510,483
purely,509,472
traveling,509,417
duration,508,440
transient,508,399
stance,508,354
object's,507,408
directional,507,383
arise,506,496
accelerations,506,415
variant,506,463
repeatability,506,407
lifting,506,369
comprises,505,498
simplicity,505,488
blocks,505,404
plate,505,319
owing,505,486
faults,504,281
priors,504,382
pre-trained,504,420
printed,503,386
perturbation,503,369
adopt,503,494
reachable,503,365
introduction,501,489
extending,500,484
consensus,500,335
awareness,500,412
proof,499,462
emerging,499,480
missing,498,414
systematically,498,485
heart,498,244
allowed,497,479
symmetric,497,397
quantitatively,496,489
conditional,495,422
facilitating,495,493
outliers,495,330
programs,494,376
attractive,494,454
extra,494,446
asymmetric,494,365
matches,493,420
accordingly,493,491
longer,493,476
refine,493,476
conservative,493,406
vary,492,477
quite,492,486
surroundings,492,461
rotary,492,353
time-consuming,492,484
empirically,492,482
printing,491,301
infrastructure,491,407
heading,490,346
high-fidelity,490,443
diversity,490,401
realization,489,456
dimensionality,489,420
hopping,489,243
mri,489,220
bev,489,198
outer,488,408
specialized,487,455
supported,487,468
two-stage,487,449
llms,487,259
tolerance,486,359
serves,486,481
wires,486,318
pure,486,421
advancements,486,476
traverse,486,442
simplify,485,478
develops,485,479
detects,484,462
slope,484,333
opening,484,412
perceive,484,443
timing,483,359
communicate,483,426
bidirectional,482,371
walls,482,390
imposed,482,457
linkage,482,346
resonance,482,384
reconstructed,482,418
entropy,481,325
sophisticated,481,470
heuristics,481,396
variability,481,398
availability,480,447
arrangement,480,412
seconds,480,435
asynchronous,479,358
instability,479,402
optimally,479,449
activation,479,376
labeling,479,350
nevertheless,478,476
kernel,478,344
zmp,478,226
ranges,477,428
rewards,477,374
stored,476,424
adjusted,476,461
channels,476,392
euclidean,476,412
asymptotically,476,417
phenomenon,476,433
fall,476,362
protocol,476,342
expressed,475,455
abstraction,474,368
remarkable,474,466
marine,474,335
outperforming,474,470
off-the-shelf,473,460
determination,472,433
moments,472,344
observing,472,437
outside,472,447
tendon-driven,472,364
electronic,470,400
evidence,470,433
coil,470,317
regular,470,415
notion,470,441
fidelity,470,414
fitting,469,410
electronics,469,391
satisfactory,469,457
symmetry,469,296
positional,468,391
affects,468,450
away,467,448
usefulness,467,454
backbone,467,363
vivo,467,348
graphical,466,387
survey,466,371
chains,466,310
secondly,466,463
queries,466,346
swarms,466,309
downstream,466,409
multi-view,466,318
simulators,465,351
suspension,465,254
detectors,465,333
mechatronic,465,356
prescribed,464,392
sensor-based,464,379
costly,464,457
micromanipulation,464,301
cluster,463,310
gained,463,455
bimanual,463,247
items,462,278
irregular,462,392
surgeons,462,359
formed,461,427
sampled,461,411
elasticity,461,361
screw,461,311
aerodynamic,461,308
deploy,461,432
untethered,461,349
facial,460,182
cycles,459,371
long-horizon,459,303
modify,458,446
experiences,458,365
metal,457,332
auxiliary,457,359
interpretation,457,408
choose,457,445
google,457,453
multirobot,456,322
postures,455,326
identifies,454,448
excitation,454,322
left,454,404
high-performance,454,425
cylindrical,453,372
polymer,453,358
refined,453,442
attempts,453,433
nearly,452,432
margin,452,384
numerically,451,430
distortion,451,324
carefully,451,447
suggests,451,444
jamming,450,194
ease,450,421
prototypes,450,393
label,450,334
mostly,450,441
numbers,449,421
regardless,449,435
everyday,449,391
identical,448,418
semantics,448,341
randomly,447,431
nonlinearity,447,378
maximizing,447,425
injection,447,244
homogeneous,446,374
subsystem,446,278
petri,446,251
adaptable,446,429
remotely,446,413
ocean,446,269
inaccurate,446,415
faces,445,393
tuned,445,418
becoming,445,440
realizing,445,427
microscope,445,332
interval,444,348
orthogonal,444,391
shoulder,444,234
seamlessly,443,434
divided,442,434
mav,442,254
squares,441,379
former,441,428
replanning,441,323
spatio-temporal,441,337
fingertips,440,304
rule,440,349
accelerate,440,416
bio-inspired,440,382
imagery,439,344
descriptions,439,346
displacements,439,377
adequate,438,415
adapts,438,429
installed,438,413
released,438,422
annotated,437,391
instantaneous,436,378
remove,436,400
tissues,436,336
varied,435,413
revealed,435,424
tight,435,386
align,435,414
heavily,435,432
locate,434,397
variational,434,367
indicates,434,426
membrane,434,259
transformations,433,383
consecutive,433,397
optimum,433,366
believe,433,428
holding,433,362
axial,433,307
retrieval,432,329
transformed,432,401
assembled,432,383
meaningful,432,413
flexion,432,314
referred,431,408
degrees-of-freedom,431,412
compatible,431,410
insufficient,431,420
distal,431,317
magnets,431,307
sim,431,283
annotations,431,357
hri,431,240
unfortunately,430,429
parameterized,430,386
attributes,430,335
cars,430,330
cleaning,429,241
smoothness,429,377
principal,429,373
phenomena,429,370
vio,429,178
saturation,427,321
updating,427,394
silicone,427,355
comfort,427,304
gpu,427,349
patches,426,278
vertices,426,319
growth,426,333
attempt,425,418
clutter,425,314
eliminating,425,419
exchange,425,356
stimulation,425,239
pipe,424,223
operated,424,405
harmonic,424,251
musculoskeletal,424,272
projected,423,365
readings,423,367
led,423,395
assigned,422,387
cross,422,345
standing,421,302
science,421,333
products,420,322
family,420,358
manipulations,420,350
tensegrity,420,132
polygonal,419,333
algorithmic,419,379
straightforward,418,414
layout,418,310
covering,418,387
eliminates,418,416
stream,417,330
analytic,417,361
considerations,417,401
quasi-static,417,371
interventions,417,352
arbitrarily,416,394
longitudinal,416,325
visualization,416,336
simulating,415,393
changed,415,398
rotations,414,366
nonlinearities,414,346
electrodes,414,260
therapy,414,299
animal,413,328
repeated,413,377
inexpensive,413,400
encoders,413,359
helical,413,195
fine-tuning,413,338
ambiguity,412,337
backward,412,339
behind,412,396
health,412,312
strongly,411,397
steady-state,411,352
personal,411,337
transferred,411,396
offset,411,299
fly,411,365
interpolation,410,317
stabilizing,410,371
priority,410,301
event-based,410,235
root,409,346
intentions,409,311
easier,408,396
shaping,408,299
auvs,408,238
fov,408,213
affordance,408,183
trust,408,176
processed,407,394
computations,407,373
rubber,407,287
beneficial,407,398
vital,407,388
exponential,407,368
grip,406,264
spatiotemporal,406,289
folding,406,239
programmable,405,336
segmented,405,369
treated,405,395
time-optimal,405,258
tubes,405,257
clutch,405,145
accounts,404,398
approximated,404,379
distinguish,404,391
suboptimal,403,381
waypoints,403,273
orders,402,383
resolve,402,389
topic,402,381
hierarchy,401,315
steady,401,337
width,401,338
contributes,401,395
highest,401,387
merging,401,300
bundle,401,317
conjunction,400,395
generalizes,400,385
connecting,399,367
amounts,399,375
unpredictable,399,376
shear,399,255
accessible,399,376
website,399,398
batch,398,323
handles,398,379
care,398,313
collecting,397,367
passively,397,368
extracts,396,385
comprising,396,388
weak,396,344
featuring,396,387
arising,395,381
stimuli,395,284
contextual,395,303
ideas,394,383
arrays,394,301
permits,394,375
defining,393,383
workpiece,393,231
elevation,393,281
readily,393,391
synthesized,393,365
dangerous,393,366
assisted,392,349
concerns,392,378
minima,392,326
posterior,392,296
selects,391,376
tightly,391,360
branch,391,256
pass,390,356
fabric,390,190
stepping,390,271
keypoint,390,219
consist,389,385
transferring,389,352
university,389,367
highlighting,389,389
ultimately,389,382
graph-based,389,341
creates,388,386
accommodate,388,380
constructs,388,376
closing,388,318
stiff,388,322
indeed,388,381
food,388,209
subsystems,387,302
classified,387,365
gaps,387,328
circ,387,245
harvesting,386,224
gradients,386,331
classic,386,357
yielding,386,375
volumetric,386,289
fuses,386,373
movable,386,278
blood,386,219
keypoints,386,234
simpler,385,377
possibly,385,376
board,384,324
services,384,279
traditionally,384,381
otherwise,384,379
regulate,384,354
fin,384,164
so-called,383,375
derivative,383,322
setups,383,343
presenting,383,374
encoded,382,365
unconstrained,382,335
return,382,337
comes,382,377
off-road,382,242
solvers,382,294
rigorous,381,375
traction,381,248
mimic,381,364
fine-grained,381,301
specify,380,358
tend,380,374
synthesize,380,357
localizing,380,345
usability,380,340
customized,379,355
universal,379,330
task-specific,379,325
mapped,378,361
derivation,378,349
proposing,378,372
kinodynamic,378,259
human's,378,296
reasons,377,369
excessive,377,358
maintained,377,370
derivatives,377,284
alleviate,377,376
kinematically,376,332
concurrent,376,308
rise,376,341
freely,376,364
valves,376,248
approximations,375,322
infrared,375,281
second-order,375,317
door,375,255
novelty,375,350
short-term,374,324
fails,374,363
choosing,373,362
assessed,373,364
skeleton,373,216
helicopter,373,212
voxel,373,244
stairs,372,250
adjacent,372,338
wings,372,210
creation,371,347
add,371,350
parking,371,157
importantly,370,370
avoided,369,362
emerged,369,368
synchronous,368,302
majority,368,364
physiological,368,286
infinite,367,323
spectrum,367,309
aligned,367,346
package,366,303
stably,366,351
completed,366,349
mask,366,261
matched,366,325
jump,366,227
modifications,366,341
soil,366,175
icp,366,227
deploying,366,351
methodologies,365,333
smoothly,365,351
indicating,365,358
probabilities,365,299
shaped,365,334
formations,365,243
drivers,365,259
neighborhood,364,305
clearly,364,358
thickness,364,262
bring,364,356
checking,363,291
steer,363,310
decreases,362,343
satisfaction,362,297
descent,362,313
adverse,362,290
algebraic,361,307
reflection,361,250
recognized,361,336
spine,361,148
cylinder,361,251
choices,361,326
internet,361,257
fps,361,282
gnss,361,177
discrete-time,360,279
closest,360,328
low-dimensional,360,297
relaxation,359,280
expand,359,346
viable,359,350
climb,359,287
possess,359,349
aggregation,359,285
steerable,359,239
category,358,272
explain,358,345
entirely,358,347
annotation,358,268
terminal,357,266
handled,357,347
cpu,357,303
considerably,357,348
earlier,357,347
oriented,357,321
sota,357,281
off-line,356,328
reveals,356,348
oscillation,356,270
operator's,356,280
live,356,296
minutes,355,333
discussion,355,343
drilling,355,152
gathered,355,336
composition,355,292
passing,355,299
inf,354,94
experimentation,354,341
traversing,354,322
glove,354,167
contexts,354,293
oscillations,353,283
developments,353,337
individually,353,346
delicate,352,317
content,352,283
strengths,352,338
geometrically,352,326
compensator,352,242
hazardous,352,323
slippage,352,243
mavs,352,212
solid,351,309
compensated,351,334
shaft,351,232
informed,351,291
forming,351,300
elderly,351,257
lidars,351,242
dielectric,350,248
know,350,329
vehicle's,350,300
appropriately,350,343
holds,350,342
connections,350,310
sphere,349,248
disparity,349,208
evaluates,349,339
manage,349,339
conducting,349,336
clusters,349,258
persistent,349,287
safer,349,331
safety-critical,349,299
audio,348,218
vpr,348,94
payloads,347,264
acceptable,347,330
ratios,347,301
words,347,265
minimized,346,329
calculating,346,330
smoothing,346,278
pipelines,346,271
drug,346,225
feature-based,345,300
reached,345,328
guaranteeing,345,337
augment,345,337
suite,345,308
household,345,303
pomdp,345,185
lot,344,303
turns,344,306
date,344,340
electrostatic,344,200
preferred,344,302
greedy,344,270
multi-task,344,232
drawing,343,265
reproduce,343,300
overlap,343,255
tendons,343,225
vacuum,343,243
variants,343,299
spatially,343,325
placing,343,287
fatigue,343,220
neighbors,343,283
communications,342,288
mechanically,342,323
synchronized,342,306
drawbacks,342,332
parameterization,342,295
arises,342,335
rod,342,214
assisting,342,296
disaster,342,288
encodes,341,336
covered,341,324
maneuvering,341,295
formulations,341,296
teacher,341,216
guides,341,312
supplementary,341,338
targeting,341,271
suppression,340,251
evolutionary,340,253
holonomic,340,280
equal,340,317
showcase,340,335
revolute,339,290
sensed,339,301
office,339,311
satisfied,339,320
palm,339,208
risks,338,293
concurrently,338,326
pump,338,182
torso,337,218
suffers,337,336
boxes,337,262
high-frequency,337,288
deviations,337,294
moved,336,319
continuous-time,336,252
spectral,336,228
classifiers,336,248
implications,335,327
overlapping,335,290
acquiring,335,317
magnetically,335,262
elbow,335,236
deliver,335,319
adjustable,334,294
dependencies,334,282
questions,334,266
converges,334,318
localized,334,298
arc,333,213
linearized,333,291
sum,333,302
achievable,333,309
impossible,333,325
cyclic,333,269
detections,333,246
laparoscopic,333,227
sheet,332,172
incomplete,332,302
mirror,332,214
accounting,332,326
preventing,332,326
establishing,332,328
workspaces,332,289
satisfies,332,322
processor,331,271
medium,331,291
overview,331,320
counterparts,331,327
put,331,322
history,331,296
nearby,331,304
actuating,331,270
afm,331,131
emphasis,330,300
implicitly,330,325
reaches,330,324
validating,330,327
crowded,330,269
trunk,330,189
fluidic,330,213
separated,329,301
decide,329,314
iterations,329,300
exerted,329,299
portable,329,284
acts,328,303
intensive,328,314
seamless,328,318
salient,328,260
aggressive,328,270
quick,327,309
maximizes,327,317
inspiration,327,316
constrain,326,307
unmodeled,326,282
walker,326,181
multi-objective,326,256
coordinating,325,291
lagrangian,325,278
terrestrial,325,239
demanding,325,319
estimations,325,294
losses,324,265
manufactured,324,309
correspond,324,305
marker,324,188
cpg,324,144
review,323,284
conclude,323,322
studying,323,313
drag,323,229
benchmarking,323,273
attracted,322,320
traversal,322,261
pilot,322,267
realizes,322,305
physics-based,322,270
prostheses,322,215
radio,322,238
course,321,278
indicated,321,309
agricultural,321,228
dependence,321,302
glass,321,220
scaled,321,260
flexure,320,175
decomposed,320,304
end-effectors,320,274
alloy,320,299
adjusts,320,315
heat,320,220
compatibility,320,265
chemical,320,232
small-scale,320,277
multirotor,320,212
concerning,319,314
scientific,319,290
delayed,319,258
inequality,319,272
follower,319,191
randomized,319,282
kuka,319,302
vessels,318,219
appear,317,310
polygon,317,223
infeasible,317,294
shorter,317,296
trial,317,286
strict,317,296
photometric,317,234
agility,317,262
resulted,316,305
overcomes,316,314
decreased,316,296
hours,316,296
linearly,316,303
prone,316,314
intricate,316,300
clearance,316,228
induce,316,304
fruit,316,139
ego-motion,316,212
multi-scale,316,254
exposure,315,231
plants,315,235
calibrate,315,278
buildings,315,263
contrastive,315,209
film,314,210
assumes,314,306
express,314,289
rotate,314,299
gradient-based,314,267
possibilities,313,303
status,313,257
workload,313,259
dominant,313,276
self,313,240
completeness,313,279
sequentially,313,300
destination,312,242
voronoi,312,206
respond,312,296
fixtures,312,175
schedule,312,225
repair,312,209
inefficient,312,307
bone,312,159
string,312,163
grounding,312,198
uwb,312,109
exactly,311,297
treat,311,298
indirect,311,234
discriminative,311,266
switches,310,271
later,310,302
assistant,310,233
preference,310,215
causing,310,304
thumb,310,166
vessel,310,196
substrate,310,236
tether,310,124
anomaly,310,138
giving,309,299
lens,309,199
attacks,309,144
tilt,309,230
instruction,309,212
eventually,309,300
predictor,309,222
mems,309,223
bioinspired,309,249
suppress,308,278
adoption,308,297
outcome,308,274
agreement,308,298
respective,308,298
experienced,308,293
cloth,308,119
twisting,308,194
cup,308,180
generalizability,308,276
contact-rich,308,226
regard,307,303
biomedical,307,264
outlier,307,234
spacecraft,306,176
devised,306,300
react,306,293
interpret,306,291
spinal,306,183
electrode,306,181
render,306,293
monospace,306,46
puma,305,272
day,305,248
fixture,305,164
extent,305,296
master-slave,305,224
frequent,305,295
sparsity,305,250
self-driving,305,245
highlights,304,301
hovering,304,234
youtu,304,303
ensemble,303,212
lab,303,274
periods,303,283
currents,303,239
isolation,303,213
behaviours,303,224
fed,302,292
weighting,302,252
tractable,302,292
kinetic,302,254
racing,302,153
ltl,302,125
convolution,301,225
motivation,301,282
stop,301,240
falling,301,246
microphone,301,171
page,301,289
brings,300,299
check,300,276
experts,300,242
non-convex,300,238
null,300,230
antagonistic,300,217
near-optimal,300,262
invariance,300,259
sensorimotor,300,218
noises,300,231
aforementioned,300,296
granular,300,171
rigidity,299,233
actually,299,295
ground-truth,299,265
workers,298,240
chamber,298,220
flows,298,230
secondary,298,231
resonant,297,194
cellular,297,199
members,297,235
recall,297,250
gathering,297,242
meters,297,252
energy-efficient,297,251
injury,297,226
waves,297,215
exhibited,296,283
chip,296,195
transforms,296,280
maximal,296,269
neighboring,296,274
streams,296,256
task-space,296,207
security,296,220
decades,296,293
anatomical,296,249
transmitted,295,264
hole,295,202
defines,295,287
inserted,295,263
hexapod,295,218
cost-effective,295,285
torsional,295,193
removing,295,289
floating,294,235
combinatorial,294,255
covers,294,287
formulating,294,291
unreliable,294,275
misalignment,294,206
overcoming,294,281
children,294,128
synergies,294,135
replace,293,287
affecting,293,284
widespread,293,289
welding,293,140
branches,293,226
pipes,293,169
leveraged,293,282
nmpc,293,137
graphics,292,261
international,292,286
viability,292,276
practicality,292,290
piecewise,292,258
lastly,292,292
altitude,292,225
bionic,292,166
hrp,292,199
concerned,291,284
triangulation,291,227
thoroughly,291,289
attachment,291,208
textures,291,222
morphing,291,159
coils,290,195
guidelines,290,258
attack,290,170
successive,290,272
stack,290,224
realtime,290,250
forecasting,290,158
prototyping,289,235
extensions,289,270
roads,289,233
gradually,289,277
least-squares,289,245
unable,289,285
functionalities,289,259
exploitation,289,256
affordances,289,171
inferred,288,267
forest,288,225
adopting,288,285
store,288,266
aquatic,288,200
polyhedral,287,219
land,287,244
formalism,287,241
simplifies,287,285
removed,287,276
encounter,287,279
hand-eye,287,166
scores,287,240
nuscenes,287,263
directed,286,257
tumor,286,144
deg,286,206
rmse,286,215
sometimes,285,281
commercially,285,279
radiation,285,187
come,285,282
modifying,285,280
norm,285,218
kinesthetic,285,204
normalized,285,258
biomechanical,285,222
proof-of-concept,285,283
optimisation,285,203
adhesive,285,171
mis,285,162
author,284,223
theorem,284,244
electromechanical,284,243
wider,284,279
insects,284,218
preserve,284,271
randomization,284,203
biopsy,284,159
approaching,283,238
shell,283,148
automate,283,267
adopts,283,282
patch,282,190
inversion,282,214
conductive,282,202
necessity,282,275
compares,282,279
routes,282,226
grids,282,208
rigid-body,282,245
decoder,282,214
finder,281,224
entities,281,226
analyzes,281,279
significance,281,277
multi-sensor,281,236
throughput,281,231
deadlock,281,143
long-range,281,223
correctness,281,252
accelerometer,281,213
hundreds,281,275
accumulated,281,264
non-holonomic,281,221
closures,280,195
scope,280,253
lattice,280,153
subtasks,280,193
concentric,280,203
games,280,197
lidar-based,280,233
briefly,279,278
connect,279,269
teleoperator,279,163
historical,279,237
compensating,279,267
explained,279,269
penetration,279,166
rest,279,254
seek,279,267
proves,279,275
bottleneck,279,254
persons,279,217
arranged,278,269
decreasing,278,272
suspended,278,202
fem,278,179
crossing,278,209
brake,278,142
unsafe,278,232
perching,278,100
thorough,277,274
tethered,277,204
flux,277,174
reflex,276,141
versus,276,252
expanding,276,265
herein,276,272
aware,276,253
population,276,232
div,276,8
slopes,275,227
snake-like,275,180
reliance,274,267
tune,274,268
pointing,274,177
varies,274,267
prevents,274,270
vast,274,263
generalizable,274,249
nets,273,175
volumes,273,195
converted,273,266
integer,273,240
influences,273,252
dramatically,273,271
discretization,273,226
atomic,273,218
anchor,273,160
distillation,273,166
grinding,272,95
modal,272,173
fabricate,272,250
pairwise,272,222
saliency,272,123
convert,271,261
c-space,271,132
automotive,271,219
fibers,271,171
estimators,271,220
advantageous,271,268
braking,271,169
networked,271,206
convenient,270,269
point-to-point,270,247
specially,270,264
regularization,270,207
qualitatively,270,265
argue,270,267
pulling,270,226
microfluidic,270,153
ego,270,175
cross-modal,270,182
multi-object,270,204
fragile,269,233
intersections,269,190
held,269,250
multi-fingered,269,207
flights,269,228
llm,269,176
resolved,268,248
fuel,268,178
roles,268,237
drastically,268,261
kpa,268,181
charging,268,114
supervisory,267,206
restrictions,267,254
path-planning,267,185
possesses,267,262
tunable,267,203
compensates,267,259
mechatronics,267,162
emergency,267,204
rovers,267,190
gravitational,266,224
alternatives,266,246
selective,266,223
bar,266,190
factory,265,212
reflect,265,260
nearest,265,235
perfect,265,233
gyroscope,265,192
observers,265,200
humanoids,265,201
impressive,264,260
optimizer,264,209
biologically,264,243
illustrates,263,260
discontinuous,263,229
devise,263,262
blur,263,191
plastic,263,216
severely,262,257
poorly,262,258
peg-in-hole,262,195
car-like,262,213
rearrangement,262,137
comprised,261,258
lost,261,245
voice,261,202
panoramic,261,178
synergy,261,170
correlations,261,223
crowd,261,138
searches,260,246
exploratory,260,210
exponentially,260,238
canonical,260,209
passages,260,172
fleet,260,186
alongside,260,250
boost,260,250
calculations,259,244
sinusoidal,259,230
resultant,259,242
unexplored,259,239
conditioned,259,245
viscoelastic,259,171
tremor,259,93
unlabeled,259,191
fixed-wing,259,193
ambiguous,258,224
deriving,258,252
concrete,258,208
tradeoff,258,236
mars,258,171
perspectives,257,241
teach,257,216
immediate,257,246
discover,257,243
aligning,257,241
broader,257,253
masks,257,196
hydrodynamic,257,201
multi,257,218
capacitive,256,191
cone,256,183
conflict,256,193
cylinders,256,196
recovering,256,244
dead,256,203
uniformly,256,245
socially,256,204
ransac,256,172
corresponds,255,239
ambient,255,203
mimicking,255,251
balanced,255,226
impulse,255,171
undesired,255,229
backstepping,255,219
additive,254,221
log,254,180
complement,254,246
diagnostic,254,191
opposed,254,248
crop,254,132
cancer,254,185
prismatic,253,199
anatomy,253,209
bend,253,218
implements,253,242
impose,253,243
obtains,252,246
investigating,252,249
needles,252,148
embeddings,252,194
portion,251,223
viewing,251,207
defects,251,158
dependency,251,228
subjected,251,240
exhibiting,251,249
opportunities,251,244
first-order,251,230
viewed,250,243
telerobotic,250,172
careful,250,244
suit,250,150
closer,250,243
mental,250,162
under-actuated,250,198
formally,250,234
electromyography,250,244
transformer-based,250,225
nerf,250,118
codes,249,221
look,249,237
neighbor,249,212
fulfill,249,241
published,249,240
intuitively,249,243
generality,249,238
rms,249,184
morphological,249,201
repeatedly,249,240
indices,249,175
manifolds,248,160
endpoint,248,169
statistics,248,210
displays,248,207
multifingered,248,200
rarely,247,245
entry,247,175
backlash,247,175
patient's,247,202
degrade,247,245
causal,247,147
impractical,247,245
omni-directional,247,181
discovery,246,205
slipping,246,183
trend,246,232
inclusion,246,229
subspace,246,191
largest,246,232
algebra,246,186
disassembly,246,120
softness,246,185
wear,245,171
interpretable,245,208
decade,245,243
ordinary,245,229
blind,245,190
auditory,245,169
prm,245,134
resilience,245,192
corridor,244,189
consuming,244,241
exhaustive,244,237
state-space,244,213
split,244,212
telepresence,244,153
shifts,244,218
miniaturized,244,199
suitability,244,238
semg,244,106
assessing,243,236
responsible,243,231
ieee,243,141
reconstructing,243,231
affine,243,180
human-machine,243,218
proximal,243,218
footprint,243,201
advancement,243,239
general-purpose,242,225
commanded,242,219
projects,242,226
two-link,242,232
quantities,242,214
statistically,242,233
grounded,242,214
pursuit,242,182
imus,242,179
splatting,242,167
preprocessing,241,212
whenever,241,238
productivity,241,211
consequence,241,241
implies,241,236
multiagent,241,153
spanning,241,214
gel,241,100
impaired,241,178
corners,240,200
half,240,225
locating,240,220
expanded,240,229
sorting,240,158
situ,240,188
light-weight,240,224
advancing,240,236
corner,239,172
emotion,239,107
establishes,239,236
stator,239,136
promote,239,232
ubiquitous,239,206
fourier,238,197
smoother,238,206
beams,238,181
occurring,238,233
cooperating,238,214
navigational,238,184
cascaded,238,211
artifacts,238,208
sensation,238,165
pressures,238,205
signed,238,203
modelled,237,225
specifying,237,220
regulator,237,204
mathematically,237,235
temporally,237,206
tilting,237,158
zone,237,171
paired,237,201
expressive,237,186
quadcopter,237,157
bold,237,89
uniquely,236,225
discrimination,236,188
characterizing,236,226
tangential,236,179
manipulator's,236,211
keeps,236,234
protocols,236,186
adjustments,236,220
soccer,236,152
caging,236,88
chambers,236,173
suturing,236,126
vision-language,236,203
coherent,235,218
torsion,235,168
stair,235,142
wherein,235,224
continuity,235,206
resilient,235,181
lstm,235,179
middle,234,208
conversion,234,194
decompose,234,231
slightly,234,230
relevance,234,219
container,234,140
rendered,234,217
maximization,234,212
ugv,234,125
lfd,234,136
appears,233,225
inaccuracies,233,215
feed,233,181
partition,233,189
forearm,233,164
retaining,233,232
sagittal,233,190
alternating,233,215
imitate,233,211
receding,233,208
simplifying,232,229
reflected,232,206
cubic,232,181
facing,232,218
bed,232,174
roughness,232,159
wrenches,232,155
influenced,232,224
unscented,232,201
bistable,232,118
ccd,231,194
similarly,231,229
sudden,231,200
subjective,231,194
autoencoder,231,202
port,230,162
task-oriented,230,175
belt,230,139
essentially,230,230
assembling,230,214
khz,230,194
regarded,230,228
interested,230,222
model's,230,209
deformed,230,198
spiral,230,150
locking,230,160
exteroceptive,230,191
footstep,230,130
examines,229,227
programmed,229,209
warehouse,229,169
distinctive,229,221
contrary,229,224
answer,229,196
fold,229,202
transducer,228,166
drop,228,193
dextrous,228,184
logical,228,182
faced,228,223
differ,228,224
cooperatively,228,215
replicate,228,218
opposite,228,208
multi-dof,228,159
damper,228,149
antenna,228,111
item,228,116
organs,228,192
nano,228,147
media,228,179
showcasing,228,226
partitioning,227,189
compressed,227,186
apparent,227,187
admissible,227,179
latest,227,221
compromise,227,226
concern,227,225
transporting,227,211
pruning,227,169
competition,227,179
frontier,227,144
intermittent,226,189
domestic,226,198
competing,226,217
seeks,226,218
undesirable,226,212
switched,226,182
repeatable,226,207
enforce,226,220
degraded,226,207
stabilized,226,204
personalized,226,164
semantically,226,205
joystick,225,165
returns,225,211
imperfect,225,197
insect,225,154
self-reconfigurable,225,158
huge,225,221
propellers,225,160
appearance-based,225,173
circuits,224,169
outline,224,216
lacking,224,222
opens,224,222
telemanipulation,224,158
validates,224,223
oscillator,224,144
tunnel,224,165
conflicts,223,171
feeding,223,154
holes,223,174
nuclear,223,173
posed,223,221
paradigms,223,209
intractable,223,221
energetic,223,169
cavity,223,179
assemble,222,203
tank,222,182
incorporation,222,221
concentration,222,153
topologies,222,175
mathbf,222,101
facilities,221,189
contours,221,173
options,221,181
linked,221,211
starts,221,218
microscopic,221,171
amplification,221,156
divergence,221,187
gaining,221,221
plus,220,212
conceptual,220,198
inconsistent,220,211
worst-case,220,184
sharp,220,197
agriculture,220,198
treadmill,220,154
phri,220,120
para,220,111
unnecessary,219,210
ray,219,156
placements,219,169
synthesizing,219,209
impulsive,219,141
multibody,219,180
penalty,219,172
selectively,219,209
thousands,219,209
self-assembly,219,106
modulate,219,212
feel,218,186
meaning,218,205
normally,218,210
compactness,218,205
refer,218,211
evolving,218,205
secure,218,191
refines,218,216
catching,218,119
stride,218,156
year,218,124
tire,218,108
forceps,218,76
handover,218,97
proprioception,218,170
assign,217,208
fault-tolerant,217,145
quantity,217,196
spot,217,164
trains,217,200
comfortable,217,193
therapeutic,217,178
mdp,217,128
corrections,216,162
incorrect,216,192
reconstructions,216,180
actuate,216,202
rope,216,111
handheld,216,160
student,216,131
compromising,216,214
ends,215,199
scratch,215,207
recovered,215,200
retrieve,215,195
doppler,215,136
circle,214,171
drawn,214,209
understood,214,207
mismatch,214,183
solar,214,119
biases,214,177
web,214,155
engagement,214,144
intervals,213,189
facility,213,172
distant,213,188
executes,213,209
serious,213,211
integrity,213,173
escape,213,161
budget,213,182
bulky,213,204
vinci,213,164
classifying,212,194
investigations,212,200
opportunity,212,206
discovered,212,201
jet,212,131
versions,212,205
two-step,212,198
trackers,212,143
anticipate,212,203
mitigating,212,208
input-output,211,183
twist,211,138
complexities,211,209
decouple,211,207
segmenting,211,196
completing,211,206
rendezvous,211,122
hull,211,153
correlated,211,195
inevitable,211,202
provably,211,198
postural,211,132
deployments,211,185
keyframes,211,150
defect,210,114
viscous,210,177
layered,210,187
oil,210,134
preserves,210,208
big,210,195
visit,210,189
heating,210,154
partner,210,140
anytime,210,165
d-printed,210,180
dnn,210,108
ring,209,150
ongoing,209,206
flexibly,209,205
fill,209,199
run-time,209,185
drawback,209,204
packing,209,85
underground,209,141
automating,208,194
arrival,208,172
shortcomings,208,204
earth,208,177
rapidly-exploring,208,203
macro,207,132
positioned,207,196
labor,207,182
eye-in-hand,207,189
outperformed,207,201
visited,207,192
surpasses,207,206
panoptic,207,80
today,206,202
nowadays,206,205
translate,206,202
disk,206,155
favorable,206,200
intrinsically,206,196
interacts,206,205
throwing,206,98
muscular,206,168
anisotropic,206,168
uncalibrated,206,169
carbon,206,163
kinect,206,170
necessarily,205,205
corrected,205,188
calculates,205,201
contained,205,195
calibrating,205,186
naive,205,189
failed,205,181
installation,205,170
microgripper,205,78
cbf,205,114
curriculum,205,146
rgbd,205,159
modularity,204,188
aggregate,204,177
adequately,204,201
crane,204,108
reuse,204,174
homography,204,149
delivering,204,199
pre-training,204,136
instant,203,185
reverse,203,165
envelope,203,160
inferring,203,190
milling,203,92
rotors,203,140
stations,202,141
rigorously,202,196
pad,202,114
peg,202,123
network-based,202,183
innovation,202,195
charge,202,156
inform,202,195
notable,202,200
waypoint,202,154
surgeries,202,170
svm,202,144
mathrm,202,95
managing,201,198
vicinity,201,191
receiver,201,147
centers,201,179
modulated,201,191
strictly,201,189
parametrization,201,155
transfers,201,186
densely,201,180
steel,201,151
emotional,201,118
rcm,201,81
zones,200,157
accumulation,200,178
triangular,200,175
immediately,200,195
behave,200,198
attain,200,196
spinning,200,147
retinal,200,99
whilst,200,185
transmit,199,190
practically,199,196
cut,199,163
projections,199,155
negligible,199,197
couple,199,194
vitro,199,173
mapf,199,81
formulates,198,197
assemblies,198,142
relate,198,189
designated,198,178
exert,198,185
reflective,198,157
doors,198,147
delta,198,118
regulating,198,192
activated,198,183
semi-autonomous,198,170
principled,198,196
microscale,198,159
agent's,198,161
microrobotic,198,152
sliding-mode,198,123
transforming,197,191
pseudo,197,130
meeting,197,172
accelerometers,197,152
chattering,197,147
server,197,144
cascade,197,163
b-spline,197,143
vascular,197,117
originally,196,193
position-based,196,167
moderate,196,192
students,196,113
rectangular,196,174
accessibility,196,164
progressively,196,191
coherence,196,168
quantified,196,184
gather,196,187
fins,196,110
coding,195,148
industries,195,184
cooperate,195,183
rooms,195,148
mining,195,149
hinges,195,157
bin,195,116
rear,195,151
record,195,188
templates,195,141
bridges,195,183
human-in-the-loop,195,180
few-shot,195,118
usual,194,186
non,194,170
generators,194,168
cast,194,186
palpation,194,105
logistics,194,181
attenuation,194,156
unilateral,194,158
matlab,194,181
coarse-to-fine,194,189
induces,194,189
cardiac,194,117
multi-camera,194,136
cnns,194,153
marl,194,94
sides,193,187
quaternion,193,139
serving,193,179
conditioning,193,165
winding,193,128
evader,193,70
pretrained,193,172
focal,192,139
linkages,192,156
rule-based,192,155
ensured,192,189
organized,192,181
jerk,192,148
transmissions,192,156
grows,192,190
attraction,192,152
wearing,192,171
prioritized,192,145
exercise,192,119
scanners,192,160
bearings,192,122
pre-defined,192,182
roadmaps,192,130
pursuer,192,72
lower-limb,192,147
manufacture,191,174
expertise,191,168
cue,191,123
constitutes,191,189
accuracies,191,183
name,191,156
prerequisite,191,189
triangle,191,117
retraction,191,105
indicator,191,147
behavior-based,191,147
occurrence,191,172
resistive,191,165
wavelet,191,114
twisted,191,129
tedious,191,190
tiny,191,153
flapping-wing,191,116
pole,190,140
brief,190,185
exceeding,190,188
massive,190,179
holistic,190,168
subproblems,190,149
sign,190,129
remarkably,190,188
self-localization,190,143
resolutions,190,171
method's,190,185
affordable,190,183
probabilistically,190,183
inflatable,190,121
fisheye,190,90
bottom,189,164
try,189,181
mappings,189,147
generalizing,189,181
euler,189,148
recording,189,169
treating,189,184
requests,189,124
buckling,189,124
post-processing,189,165
accelerated,189,176
tweezers,189,124
associations,189,149
embodiment,189,145
object-level,189,129
windows,188,142
equally,188,186
lowest,188,173
band,188,136
prevalent,188,186
reject,188,180
enforcing,188,180
relaxed,188,175
cumulative,188,172
plausible,188,172
fpga,188,104
icub,188,147
metabolic,188,115
machinery,187,138
getting,187,183
in-situ,187,146
potentials,187,165
predictable,187,177
silicon,187,160
clean,187,164
front-end,187,142
navigates,187,182
replacing,187,181
ship,187,114
robocup,187,135
cloning,187,145
propeller,187,131
ellipsoid,186,123
list,186,156
falls,186,163
encourage,186,182
sequencing,186,152
trends,186,171
technological,186,179
playing,186,162
gate,186,141
guess,186,159
approximates,186,183
deform,186,174
lunar,186,101
relating,185,182
kept,185,183
matter,185,162
outstanding,185,181
permit,185,184
casting,185,126
approximating,185,180
eliminated,185,179
fundamentally,185,184
timely,185,181
restrict,185,182
field-of-view,185,172
finite-element,185,174
fluids,185,150
rad,185,132
inter-robot,185,151
emergent,185,161
discrepancy,185,164
finite-time,185,122
chance,185,152
deployable,185,150
learnt,185,159
well-suited,185,184
rig,185,142
cantilever,185,138
interpretability,185,150
outlined,184,182
skeletal,184,130
effectors,184,156
feed-forward,184,167
gears,184,152
trigger,184,162
populated,184,170
wearer,184,124
passivity-based,184,159
anchoring,184,103
neck,184,104
actor-critic,184,156
sensorless,183,137
days,183,165
suggesting,183,182
expect,183,180
sacrificing,183,182
exceeds,183,181
oscillators,183,122
anomalies,183,117
harsh,183,174
real-life,183,168
back-end,183,133
exosuit,183,73
inadequate,182,179
bases,182,140
leaves,182,143
indispensable,182,181
neuromorphic,182,89
debris,182,118
gazebo,182,171
dgs,182,87
normals,181,137
fitted,181,168
filled,181,163
top-down,181,153
removes,181,179
painting,181,98
differs,181,177
merits,181,176
embed,181,174
histogram,181,143
meshes,181,139
multilayer,181,168
deposition,181,132
researches,181,170
sounds,181,106
densities,181,155
black-box,181,146
looking,180,169
susceptible,180,179
counterpart,180,178
reflecting,180,162
sub-optimal,180,165
non-trivial,180,179
respecting,180,178
hinder,180,180
miniaturization,180,162
dlr,180,154
non-rigid,180,136
fbg,180,89
spite,179,178
tolerant,179,126
nested,179,133
diagram,179,139
communicating,179,168
continue,179,176
six-degree-of-freedom,179,174
binocular,179,136
augmenting,179,176
healthcare,179,155
endurance,179,151
popularity,179,178
interconnected,178,156
analog,178,146
curvatures,178,147
tips,178,135
illustrating,178,178
verifying,178,173
ambiguities,178,151
expectation,178,171
isotropic,178,122
extensible,178,154
perpendicular,178,162
filtered,178,157
hover,178,140
workflow,178,142
egocentric,178,120
gmm,178,103
open-vocabulary,178,105
percentage,177,164
standardized,177,157
compound,177,128
verifies,177,175
forgetting,177,125
neurons,177,130
categorization,177,124
full-body,177,138
spiking,177,107
rfid,177,74
dlo,177,58
dmps,177,81
uncertainty-aware,177,145
koopman,177,78
vlms,177,114
constraining,176,171
nonconvex,176,144
adds,176,175
configured,176,168
scalar,176,141
refers,176,169
message,176,130
prevention,176,140
unforeseen,176,163
merge,176,164
ignore,176,174
complementarity,176,133
constantly,176,172
thresholds,176,149
visuomotor,176,124
flocking,176,85
tamp,176,71
out-of-distribution,176,154
franka,176,175
except,175,175
degrades,175,175
discretized,175,157
lumped,175,140
pull,175,134
pushes,175,146
decoding,175,121
radiance,175,141
vertex,174,126
apart,174,172
emulate,174,165
trade-offs,174,162
np-hard,174,171
mckibben,174,111
city,174,149
contouring,173,65
tends,173,170
expands,173,172
governing,173,160
coming,173,169
job,173,128
mounting,173,140
elementary,173,151
virtually,173,167
non-contact,173,134
confirms,173,171
option,173,154
microassembly,173,111
eyes,173,136
reactions,173,142
appealing,173,171
catheters,173,123
organisms,173,141
ahead,172,164
cam,172,105
similarities,172,150
avs,172,93
cheap,172,166
stretch,172,126
formulas,172,139
traveled,172,154
foreground,172,126
collaborate,172,167
tasked,172,166
proposals,172,124
lacks,172,171
education,172,133
pouring,172,95
derives,171,169
horizons,171,145
inevitably,171,171
routine,171,154
quantifying,171,165
disabled,171,145
whisker,171,53
injuries,171,148
pivotal,171,169
relocalization,171,94
catastrophic,171,147
relational,170,122
circumstances,170,165
proving,170,168
architectural,170,138
task-level,170,136
bayes,170,130
shadow,170,114
interior,170,154
unicycle,170,131
inclination,170,128
centroidal,170,113
emotions,170,86
tract,170,113
multi-level,169,137
processors,169,131
renders,169,165
outdoors,169,158
polygons,169,125
coulomb,169,147
relates,169,163
innovations,169,163
force-closure,169,92
textured,169,150
discrepancies,169,146
inequalities,169,138
clutches,169,102
releasing,169,145
differentiation,169,141
tens,169,161
exclusively,169,166
carrier,169,117
batteries,169,142
sfm,169,97
semi-supervised,169,119
self-sensing,169,88
cbfs,169,102
characterizes,168,158
microscopy,168,134
acceptance,168,141
fire,168,88
excavation,168,68
monitored,168,160
pool,168,122
fraction,168,163
erroneous,168,160
four-bar,168,119
thruster,168,91
retain,168,165
aligns,168,164
tackles,168,168
cord,168,131
ins,168,95
porcine,168,148
stretchable,168,125
denoising,168,122
want,167,154
instrumented,167,158
begin,167,161
cube,167,122
designers,167,149
devoted,167,164
whereby,167,164
masses,167,150
vertically,167,151
heights,167,151
pzt,167,86
surveys,167,130
articulation,167,111
airflow,167,101
voxels,167,113
oscillating,166,130
corridors,166,148
computers,166,151
disadvantages,166,162
supervisor,166,114
schedules,166,129
unavailable,166,161
analogous,166,161
helpful,166,165
slippery,166,141
tensor,166,110
fastest,166,152
high-accuracy,166,150
species,166,123
sem,166,77
on-the-fly,166,158
self-attention,166,137
aided,165,154
accomplishing,165,162
mimics,165,160
accordance,165,162
automaton,165,115
imposes,165,164
divide,165,159
dry,165,135
polishing,165,77
highway,165,134
abdominal,165,116
deas,165,65
gps-denied,165,153
displayed,164,151
elimination,164,158
linearity,164,153
theoretic,164,148
designer,164,151
going,164,156
span,164,148
algorithm's,164,158
optic,164,120
mind,164,146
conflicting,164,151
reduced-order,164,127
mouse,164,116
differently,164,160
mitigates,164,164
leader-follower,164,138
catadioptric,164,88
keyframe,164,121
highlighted,163,160
loaded,163,148
pieces,163,146
inconsistency,163,143
speedup,163,148
rank,163,133
hyper-redundant,163,107
takeoff,163,111
hand-held,163,129
balances,163,162
stl,163,64
suture,163,71
diseases,163,145
participant,163,138
infers,162,156
invariants,162,100
pulse,162,128
organization,162,130
voting,162,129
multi-stage,162,135
assigning,162,157
centroid,162,125
converts,162,162
discontinuities,162,133
ceiling,162,106
leaf,162,102
riemannian,162,102
tomography,162,151
emergence,162,149
receiving,161,155
audience,161,152
topics,161,137
illustrative,161,158
ultimate,161,160
spline,161,119
separating,161,154
arrangements,161,130
shifting,161,133
seeking,161,133
constrains,161,157
three-axis,161,110
delivered,161,146
stacking,161,123
quantification,161,131
comprehensively,161,160
multi-step,161,129
recognizes,160,154
corrective,160,129
neglected,160,155
tolerances,160,132
depths,160,133
interpreted,160,156
hazards,160,121
reflects,160,158
biomechanics,160,145
colon,160,84
garment,160,67
retraining,160,147
imposing,160,155
smc,160,82
grid-based,160,139
rhythmic,160,113
accidents,160,129
orthosis,160,111
fabrics,160,87
path-following,160,109
biology,160,147
eeg,160,76
beginning,159,152
predetermined,159,154
decouples,159,158
tangent,159,133
enter,159,152
mit,159,141
occupied,159,137
rigidly,159,153
diameters,159,144
grow,159,147
inserting,159,141
time-delay,159,114
merely,159,159
authority,159,118
bench,159,132
relied,159,157
hinders,159,159
indicators,159,128
abnormal,159,117
q-learning,159,115
organ,159,112
propulsive,159,110
underactuation,159,147
irl,159,72
symmetries,158,112
mentioned,158,157
transducers,158,125
evolved,158,141
statically,158,139
break,158,153
fixation,158,105
encouraging,158,154
isolated,158,148
synergistic,158,142
monolithic,158,138
players,158,100
kitchen,158,124
multi-contact,158,100
spatial-temporal,158,118
night,158,125
underline,158,68
receive,157,152
translating,157,149
tries,157,148
agv,157,81
beings,157,143
protection,157,122
styles,157,105
confirming,157,156
homotopy,157,94
millimeter,157,142
realism,157,130
buoyancy,157,103
crawler,157,86
intuition,157,145
modulus,157,131
necessitates,157,157
kit,157,142
pixel-wise,157,141
cdpr,157,75
independence,156,146
saving,156,145
slide,156,135
fms,156,82
storing,156,144
regrasping,156,85
micromanipulator,156,100
line-of-sight,156,133
one-dimensional,156,141
continual,156,108
beacons,156,105
reproducing,156,147
multi-layer,156,149
learnable,156,139
camera-based,156,130
observes,155,151
refining,155,153
contacting,155,138
buffer,155,124
simplification,155,137
spheres,155,124
clamping,155,97
reciprocal,155,122
continually,155,148
self-organizing,155,130
slider,155,89
orbit,155,117
steep,155,123
drill,155,77
biased,155,141
ipmc,155,44
resource-constrained,155,146
decomposing,154,150
servicing,154,110
receives,154,150
roughly,154,151
sensor's,154,141
worst,154,138
carries,154,151
worlds,154,136
morphologies,154,125
tensile,154,110
prominent,154,152
microphones,154,117
gliding,154,55
ilc,154,51
hindered,154,153
endoscopes,154,107
trapped,153,134
sensorized,153,128
decomposes,153,150
referring,153,106
direct-drive,153,132
vanishing,153,93
epipolar,153,120
predominantly,153,153
offsets,153,126
polar,153,110
non-uniform,153,127
surrogate,153,119
hinge,153,108
sift,153,113
vulnerable,153,145
portability,152,136
tracing,152,123
registered,152,141
bit,152,127
brought,152,151
linguistic,152,110
grouping,152,128
assists,152,150
explanations,152,70
jumps,152,114
twin,152,108
stimulus,152,112
in-plane,152,127
inclined,152,121
analyse,152,145
stacked,152,115
guidewire,152,46
panda,152,149
workcell,151,100
projective,151,112
partitioned,151,135
quantization,151,121
two-degree-of-freedom,151,148
knowing,151,150
signature,151,93
draw,151,145
attaching,151,145
origin,151,126
ergonomic,151,106
twice,151,150
accompanying,151,147
intraoperative,151,112
endoscopy,151,113
save,151,149
mixing,151,102
blade,151,82
vibrotactile,151,76
person's,150,109
surprisingly,150,149
null-space,150,112
stay,150,141
screen,150,118
hardly,150,148
apparatus,150,127
cooling,150,98
collectively,150,147
discriminate,150,139
packet,150,103
delivers,150,148
engage,150,135
elongation,150,119
hardware-in-the-loop,150,140
situational,150,122
balloon,150,69
dob,150,71
sperm,150,39
time-of-flight,149,136
spread,149,139
engineers,149,137
polynomials,149,123
faulty,149,123
force-controlled,149,115
feeling,149,117
ignored,149,149
aids,149,139
frictionless,149,128
cart,149,83
high-order,149,116
modulating,149,139
regulated,149,143
nonparametric,149,129
sand,149,116
dna,149,71
prostate,149,70
gpr,149,62
hrc,149,61
trace,148,123
multisensor,148,113
factorization,148,116
degenerate,148,112
intelligently,148,146
user-defined,148,144
constitute,148,148
frontal,148,121
clothing,148,65
subtask,148,107
sole,148,109
lqr,148,105
restriction,148,139
unsuitable,148,146
foothold,148,93
swinging,148,123
bird,148,122
lung,148,71
tags,148,98
cosserat,148,104
flatness,147,117
replaced,147,145
object-oriented,147,121
bicycle,147,77
molecular,147,84
executions,147,121
residuals,147,114
waste,147,107
achievement,147,142
abstractions,147,108
convey,147,136
self-calibration,147,110
non-parametric,147,128
category-level,147,82
poles,146,105
savings,146,128
society,146,136
concave,146,117
reading,146,102
reversible,146,123
stem,146,108
reductions,146,140
translations,146,131
accelerating,146,145
skilled,146,136
traversable,146,111
evolve,146,137
walks,146,126
trying,146,144
low-power,146,135
paramount,146,146
critic,146,108
character,145,119
conform,145,137
seems,145,142
milliseconds,145,138
minor,145,142
reorientation,145,88
clustered,145,130
stick,145,108
player,145,99
couples,145,143
oscillatory,145,124
rational,145,116
begins,145,143
myoelectric,145,86
well-established,145,145
thread,145,97
signs,145,93
levitation,145,83
mrs,145,54
disorders,145,134
validations,145,142
lifelong,145,104
mot,145,57
privacy,145,86
dressing,145,46
electrically,144,131
examination,144,121
million,144,141
goal-directed,144,121
merged,144,127
indoors,144,138
noncontact,144,116
actuator's,144,125
voluntary,144,107
shock,144,104
excavator,144,75
salesman,144,127
amphibious,144,85
pathways,144,122
ukf,144,83
ugvs,144,87
proactive,144,109
photorealistic,144,119
transformers,144,119
host,143,117
reviewed,143,137
azimuth,143,112
semiconductor,143,119
conclusions,143,137
nasa,143,126
piece,143,122
reproduction,143,123
format,143,126
overshoot,143,116
reckoning,143,117
periodically,143,141
truly,143,140
jaw,143,95
tubular,143,96
rail,143,83
contributing,143,143
alter,143,139
tackled,143,142
transformable,143,88
congestion,143,92
foldable,143,87
vlm,143,87
upright,142,119
motion-planning,142,112
brightness,142,120
restricting,142,142
lanes,142,104
hope,142,141
leaving,142,140
compass,142,104
x-ray,142,96
uncontrolled,142,126
audition,142,87
homes,142,130
perceiving,142,138
tightly-coupled,142,124
point-based,142,110
impairments,142,125
newton-euler,141,129
equivalence,141,118
explains,141,140
attributed,141,136
simulates,141,139
priorities,141,119
engaged,141,129
non-stationary,141,106
accepted,141,134
brakes,141,94
emerge,141,138
damped,141,119
bottom-up,141,110
asked,141,136
rods,141,111
knot,141,66
expense,141,140
proofs,141,131
conservation,141,126
viscosity,141,99
squared,141,137
medicine,141,134
pain,141,89
dissipation,141,123
engines,141,114
verbal,141,96
ice,141,64
dlos,141,55
sessions,141,122
hydrogel,141,77
object-centric,141,108
indirectly,140,135
written,140,135
usable,140,135
sweep,140,95
outlines,140,139
built-in,140,129
force-torque,140,113
plates,140,110
definitions,140,118
rugged,140,121
triggered,140,136
ordering,140,121
locomotive,140,109
abrupt,140,126
sight,140,130
lives,140,136
gyro,140,98
harvester,140,73
breast,140,53
endovascular,140,85
fea,140,89
restore,140,135
music,140,69
ood,140,59
centered,139,136
hardness,139,100
animation,139,102
examining,139,137
replacement,139,125
agvs,139,75
ellipsoids,139,100
sweeping,139,93
checks,139,118
associate,139,135
recursively,139,138
disease,139,118
motivates,139,139
in-depth,139,139
writing,138,106
orbital,138,102
screws,138,98
goes,138,131
statics,138,120
raises,138,136
chair,138,81
trivial,138,134
encounters,138,125
exercises,138,110
actor,138,106
collaboratively,138,136
able-bodied,138,123
conveyor,137,89
higher-level,137,130
market,137,121
joint-space,137,104
lagrange,137,124
psychological,137,110
probing,137,79
offered,137,136
beacon,137,80
reflections,137,112
hitting,137,92
transitioning,137,120
incoming,137,124
managed,137,134
slower,137,134
proxy,137,102
peristaltic,137,82
dea,137,66
cdprs,137,58
baxter,137,125
mppi,137,59
polyhedra,136,97
workpieces,136,98
multifunctional,136,117
deflections,136,116
perfectly,136,126
man-made,136,126
scanned,136,122
pushed,136,129
paid,136,135
word,136,107
footholds,136,94
time-series,136,105
subtle,136,126
furniture,136,91
pinch,136,111
out-of-plane,136,102
oct,136,51
dubins,136,89
engineered,136,130
sized,136,128
rnn,136,89
low-frequency,136,112
octopus,136,70
mixed-integer,136,120
one-shot,136,106
resolving,135,132
hough,135,102
workstation,135,107
reasonably,135,131
attained,135,132
satellites,135,94
novice,135,108
facilitated,135,135
exceptional,135,133
street,135,100
progressive,135,117
durability,135,113
initialize,135,126
dance,135,59
phantoms,135,118
microsurgery,135,96
desktop,135,122
learner,135,98
rare,135,111
distortions,135,109
bi-directional,135,108
fog,135,107
beating,135,92
patrolling,135,75
plume,135,56
formalize,134,132
unwanted,134,124
translated,134,129
cognition,134,106
explanation,134,103
settling,134,113
self-contained,134,123
stand,134,119
breaking,134,131
stewart,134,104
replay,134,107
self-reconfiguration,134,87
pneumatically,134,128
weighs,134,132
demonstrator,134,110
attribute,134,105
paving,134,130
search-based,134,111
encoder-decoder,134,130
lidar-inertial,134,95
simplest,133,129
emphasize,133,132
symbols,133,82
gets,133,129
shallow,133,123
convergent,133,122
colliding,133,128
critically,133,131
inspect,133,117
reconfigure,133,126
map-based,133,112
multiscale,133,89
tensions,133,106
clarify,133,131
snakes,133,91
thrusters,133,94
rat,133,50
cog,133,65
task-relevant,133,112
prompt,133,110
waist,133,91
magnetization,133,88
peripheral,132,104
concise,132,119
taxonomy,132,98
aerospace,132,128
fairly,132,132
interpreting,132,128
projecting,132,128
today's,132,130
self-motion,132,89
in-pipe,132,69
unobservable,132,109
take-off,132,106
hmm,132,87
infin,132,80
multi-resolution,132,108
relax,132,131
fitness,132,103
imitating,132,126
slender,132,111
prompts,132,108
mating,131,84
passage,131,99
exciting,131,115
institute,131,123
conclusion,131,128
touching,131,113
sent,131,126
meets,131,131
theories,131,125
transmitting,131,116
sustained,131,121
steered,131,121
dead-reckoning,131,97
ann,131,78
stabilizes,131,127
tumors,131,96
multiobjective,131,109
gaussians,131,94
ergodic,131,47
puncture,131,59
tennis,131,71
deforming,131,111
low-light,131,68
attention-based,131,120
data-efficient,131,116
portions,130,112
weld,130,48
averaging,130,104
distinguishing,130,128
summary,130,120
locked,130,107
free-space,130,99
cumbersome,130,128
continues,130,126
governed,130,127
minute,130,124
wafer,130,80
rays,130,88
converting,130,126
airborne,130,113
violations,130,110
losing,130,127
hand-crafted,130,113
ripple,130,66
strokes,130,79
ionic,130,103
reconstructs,130,127
disabilities,130,120
chassis,130,101
re-planning,130,102
upper-limb,130,99
pams,130,53
capacitance,129,90
hierarchically,129,124
electron,129,104
responsive,129,115
stronger,129,126
truss,129,67
consequences,129,124
databases,129,104
undergo,129,127
expectations,129,107
nontrivial,129,127
ideally,129,129
roller,129,75
yielded,129,124
preoperative,129,95
monte-carlo,129,122
cargo,129,83
surpassing,129,129
vsa,129,58
vins,129,59
root-mean-square,129,127
dialogue,128,79
weaknesses,128,122
unsolved,128,128
strategic,128,104
temporary,128,120
attempted,128,126
perturbed,128,118
obstacle-free,128,116
automata,128,97
messages,128,109
vegetation,128,91
rock,128,82
succeeded,128,118
cups,128,81
campus,128,114
tabletop,128,108
textual,128,105
inflation,128,97
folded,128,107
pomdps,128,84
odor,128,42
real-robot,128,121
loop-closure,128,87
swimmers,128,65
enhancements,127,117
gauge,127,96
balls,127,94
trade,127,116
six-axis,127,97
unactuated,127,100
marking,127,97
vibrating,127,105
expressing,127,122
backdrivability,127,90
pyramid,127,102
motorized,127,110
stuck,127,115
wet,127,86
fes,127,53
crawl,127,95
crowds,127,103
seas,127,72
model-predictive,127,114
open-sourced,127,125
subsets,126,105
distribute,126,125
exceed,126,123
smallest,126,118
treats,126,126
friendly,126,105
time-invariant,126,116
acquires,126,123
helping,126,123
substrates,126,99
comply,126,124
voltages,126,106
quantifies,126,125
danger,126,95
propagate,126,122
companion,126,102
pivoting,126,79
electromagnets,126,95
pinching,126,73
vocal,126,43
vtol,126,80
needing,126,124
visualize,125,121
national,125,118
arcs,125,101
camera's,125,103
leakage,125,100
externally,125,118
black,125,108
white,125,112
overlooked,125,124
promoting,125,124
analysed,125,117
reprojection,125,115
repulsive,125,113
toe,125,84
exposed,125,122
stopping,125,111
sensations,125,88
encompassing,125,124
equilibria,125,92
consumer,125,115
adults,125,88
richer,125,124
endowed,125,124
amputees,125,90
bridging,125,123
wild,125,114
quadcopters,125,80
meta-learning,125,80
languages,124,100
octree,124,80
boards,124,100
ignoring,124,123
allowable,124,110
finders,124,107
restoration,124,99
blocking,124,102
fits,124,121
bad,124,114
layouts,124,104
stands,124,123
probes,124,95
sheets,124,98
twofold,124,123
containers,124,89
human-human,124,96
dipole,124,76
discomfort,124,105
truncated,124,107
affective,124,54
ascent,124,86
aggregated,124,116
unclear,124,123
nvidia,124,118
cross-domain,124,83
fine-tuned,124,117
two-fingered,123,107
passes,123,116
insensitive,123,119
subspaces,123,100
autoregressive,123,110
darpa,123,113
slowly,123,116
retains,123,120
stores,123,116
two-level,123,115
tremendous,123,123
transverse,123,97
favorably,123,121
induction,123,88
torque-controlled,123,116
negotiation,123,89
tour,123,89
attach,123,112
musical,123,50
bragg,123,117
microinjection,123,46
correcting,122,115
alternate,122,112
cones,122,87
altering,122,117
timed,122,98
tradeoffs,122,116
multidimensional,122,103
reproducibility,122,109
meter,122,105
magnitudes,122,110
macroscopic,122,96
bringing,122,120
initialized,122,120
unidirectional,122,103
nervous,122,101
decides,122,119
toy,122,114
heterogeneity,122,103
lever,122,83
non-prehensile,122,101
positives,122,96
lwr,122,113
waymo,122,114
formulatype,122,40
endow,121,121
spring-loaded,121,107
pixel-level,121,107
arrive,121,117
publication,121,87
subgoals,121,87
enforces,121,119
spacing,121,94
motivate,121,121
panel,121,86
lying,121,105
maximized,121,117
monitors,121,111
coaxial,121,82
capacities,121,109
restoring,121,106
haptics,121,99
seed,121,81
forests,121,99
gyroscopes,121,95
grating,121,112
enclosed,121,105
tumbling,121,67
encompasses,121,121
low-resolution,121,92
microstructures,121,66
streaming,121,92
fruits,121,77
interconnection,120,101
specular,120,86
unifies,120,119
swept,120,79
met,120,119
succeed,120,115
ergonomics,120,79
graphic,120,99
three-degree-of-freedom,120,113
hollow,120,110
labor-intensive,120,119
neglecting,120,120
pivot,120,93
accompanied,120,119
damaged,120,111
neuromuscular,120,91
regime,120,103
propagated,120,109
occurred,120,116
surgeon's,120,97
ferromagnetic,120,90
obvious,120,120
recordings,120,107
immersive,120,100
leave,120,116
amputee,120,88
liver,120,73
bacteria,120,63
orienting,119,93
backgrounds,119,108
inconsistencies,119,99
colors,119,97
identity,119,104
withstand,119,111
stretching,119,95
imprecise,119,116
optimizations,119,113
lag,119,91
unavoidable,119,118
inability,119,116
pulley,119,85
bellows,119,69
reusable,119,103
restricts,119,119
margins,119,106
gimbal,119,74
partners,119,97
perceptions,119,94
imbalance,119,101
barriers,119,112
ndt,119,54
standards,118,107
professional,118,101
amongst,118,114
reviews,118,115
division,118,96
traversed,118,111
deciding,118,115
multi-joint,118,94
par,118,110
preparation,118,97
brushless,118,108
force-feedback,118,92
inchworm,118,73
boundedness,118,110
free-floating,118,88
egomotion,118,73
ropes,118,76
repeat,118,91
state-action,118,99
single-view,118,96
fiducial,118,90
ranking,118,92
emerges,118,113
swimmer,118,67
traits,118,80
vine,118,38
functioning,117,113
interactively,117,107
translates,117,113
ellipse,117,72
equality,117,97
colored,117,95
pads,117,83
insert,117,104
proportion,117,105
wmr,117,53
skins,117,72
inaccessible,117,111
weakly,117,106
amplitudes,117,106
overly,117,111
bts,117,44
orb-slam,117,85
carla,117,111
cross-attention,117,100
gross,116,99
basically,116,115
concentrate,116,113
broken,116,111
hour,116,104
elaborate,116,115
pan,116,85
measurable,116,109
connects,116,116
rotated,116,105
remained,116,116
corrupted,116,101
responsiveness,116,108
nonetheless,116,116
connectors,116,82
domain-specific,116,102
differentiate,116,115
weed,116,42
libraries,116,94
beliefs,116,92
lesions,116,86
nanomanipulation,116,70
dmp,116,61
dnns,116,62
summarized,115,114
inductive,115,101
totally,115,113
star,115,81
educational,115,87
union,115,110
supplied,115,109
in-vivo,115,98
free-flying,115,101
gantry,115,79
problematic,115,115
walkers,115,87
foraging,115,61
violation,115,104
aliasing,115,95
adhesives,115,69
simulation-based,115,108
reconnaissance,115,102
nanoparticles,115,75
anchors,115,69
warehouses,115,107
fracture,115,56
spas,115,44
well-defined,114,107
relay,114,69
repositioning,114,84
lots,114,87
maximally,114,107
retrieved,114,108
amenable,114,113
executable,114,104
counting,114,72
structurally,114,111
rotates,114,111
older,114,68
full-scale,114,109
traverses,114,109
undulatory,114,72
non-gaussian,114,84
clothes,114,64
artery,114,82
pelvis,114,76
indentation,114,61
middleware,114,79
emika,114,114
iou,114,90
twelve,113,109
ordered,113,104
percent,113,91
chooses,113,107
factories,113,98
spray,113,63
sewing,113,34
thought,113,110
theta,113,52
soon,113,112
information-theoretic,113,99
absorption,113,94
suffering,113,112
trailer,113,63
pressurized,113,100
regimes,113,99
warping,113,94
protein,113,63
droplet,113,52
scarcity,113,112
user-friendly,112,106
column,112,87
deadlocks,112,82
echo,112,76
suitably,112,109
sustainable,112,95
empty,112,96
composing,112,107
modifies,112,109
traces,112,96
supposed,112,110
preservation,112,103
researched,112,110
senses,112,99
mutually,112,110
partitions,112,101
compose,112,107
neuron,112,87
inspections,112,93
maze,112,91
low-latency,112,100
weighing,112,95
incision,112,79
con,112,103
rain,112,79
image-guided,112,97
nanoscale,112,80
trap,112,74
grasper,112,58
cop,112,52
gastrointestinal,112,103
handcrafted,112,94
ddp,112,52
loco-manipulation,112,62
parallelism,111,100
displaying,111,105
pickup,111,68
embeds,111,107
multipliers,111,102
promises,111,110
blocked,111,96
onset,111,88
collects,111,109
worker,111,77
two-finger,111,86
differing,111,109
connector,111,72
conformal,111,80
disc,111,66
discontinuity,111,88
mitigation,111,90
spurious,111,95
git,111,108
recovers,111,108
interplay,111,107
inducing,111,109
hoc,111,93
trapping,111,64
locomotor,111,84
load-bearing,111,86
speaker,111,67
usv,111,58
inaccuracy,110,102
military,110,108
jobs,110,72
trotting,110,87
conversely,110,110
collide,110,109
member,110,98
pile,110,59
elastomeric,110,97
hot,110,90
sun,110,79
mild,110,107
stops,110,100
stems,110,107
loose,110,97
developers,110,90
interventional,110,93
unobserved,110,99
submaps,110,69
dealt,109,108
end-point,109,90
chained,109,71
harness,109,97
preload,109,67
spin,109,61
shadows,109,77
isolate,109,105
hospital,109,90
belong,109,104
belonging,109,108
aging,109,101
percutaneous,109,93
asymmetry,109,90
birds,109,91
magnetorheological,109,92
submap,109,62
transferability,109,95
event-triggered,109,68
pam,109,50
point-wise,109,94
risk-aware,109,84
vibrational,108,76
concluded,108,107
comparatively,108,108
mini,108,83
contents,108,84
geared,108,93
user-specified,108,99
regulates,108,105
symmetrical,108,97
adaption,108,95
energy-based,108,96
scattering,108,81
fluctuations,108,98
configurable,108,87
piston,108,57
dispersion,108,76
geodesic,108,75
risky,108,93
locomote,108,98
ibvs,108,58
stomach,108,65
pumps,108,81
non-invasive,108,101
zier,108,68
semantickitti,108,101
rows,107,65
calls,107,105
bus,107,76
duty,107,83
searched,107,103
preserved,107,105
classifies,107,107
shooting,107,80
contemporary,107,105
merges,107,105
neglect,107,104
stick-slip,107,77
electrohydraulic,107,73
hall,107,80
blending,107,92
super,107,76
protect,107,105
fan,107,55
semidefinite,107,90
pursuit-evasion,107,83
months,107,107
posing,107,106
propelled,107,99
inefficiency,107,105
lumen,107,78
snow,107,93
boosting,107,90
gpus,107,91
printer,107,88
sdf,107,57
reflectance,106,73
strategically,106,104
regional,106,79
defense,106,87
pre-processing,106,96
happens,106,104
entering,106,102
japan,106,98
joining,106,87
fluctuation,106,83
scara,106,89
demo,106,97
downward,106,92
stiffening,106,68
vocabulary,106,81
unbounded,106,95
entertainment,106,95
multi-body,106,91
nanorobotic,106,71
pca,106,79
pareto,106,80
textureless,106,84
avatar,106,54
ultra-wideband,106,100
hindering,106,106
agnostic,106,101
spa,106,50
mcts,106,58
bin-picking,105,65
cage,105,64
projector,105,75
ad-hoc,105,99
compressive,105,73
register,105,95
polytopes,105,62
abstracted,105,97
suppressing,105,103
things,105,91
norms,105,77
concentrated,105,102
deviate,105,105
unprecedented,105,105
reconfigurability,105,97
session,105,84
multi-axis,105,75
regrasp,105,54
appearances,105,89
micro-objects,105,58
triggering,105,93
nerve,105,65
rl-based,105,89
rotorcraft,105,83
soft-bodied,105,67
jetson,105,93
taught,104,91
fabricating,104,96
assessments,104,96
hypothesize,104,103
vision-guided,104,92
newton,104,87
allocated,104,102
alternatively,104,104
teleoperating,104,94
unfamiliar,104,94
successively,104,103
wrong,104,97
force-based,104,85
free-form,104,83
indexes,104,79
quadrupeds,104,96
crops,104,72
diffusion-based,104,90
extremity,104,88
bag,104,78
mathcal,104,54
goal-conditioned,104,82
minimum-time,103,80
conveniently,103,102
request,103,85
time-dependent,103,89
preview,103,69
synchronize,103,98
separates,103,103
revealing,103,101
partly,103,97
manages,103,102
worn,103,94
jacobians,103,93
tunnels,103,87
microcontroller,103,96
destinations,103,82
retrieving,103,95
pressing,103,97
long-distance,103,85
packages,103,89
prioritize,103,101
extractor,103,89
count,103,86
self-adaptive,103,68
prototyped,103,98
thigh,103,67
prolonged,103,99
lifetime,103,84
communities,103,93
vslam,103,53
nanopositioning,103,68
necessitating,103,103
nbv,103,47
snn,103,49
practices,102,88
uniqueness,102,97
restrictive,102,97
sub-tasks,102,78
waseda,102,79
assignments,102,91
straight-line,102,89
deceleration,102,81
three-link,102,90
toolkit,102,82
optima,102,90
centre,102,91
bifurcation,102,66
neutral,102,83
undergoing,102,99
inter-agent,102,84
dcm,102,48
integrator,102,85
fully-actuated,102,78
worldwide,102,98
neuroscience,102,95
lesion,102,58
human-centered,102,95
people's,102,84
sheath,102,54
subterranean,102,79
peeling,102,53
instance-level,102,83
stiffnesses,101,91
homing,101,51
spent,101,91
pseudoinverse,101,76
resist,101,93
multi-link,101,89
event-driven,101,71
emulating,101,93
negotiate,101,96
beforehand,101,100
marked,101,90
closed-chain,101,70
reflexes,101,78
bulk,101,85
labelled,101,85
gauges,101,82
qualities,101,93
deeper,101,95
drops,101,94
micropipette,101,56
round,101,93
nozzle,101,52
colonoscopy,101,62
sports,101,76
microsoft,101,98
tof,101,57
nao,101,91
pretraining,101,79
centrifugal,100,76
manipulates,100,100
orient,100,91
approached,100,97
dampers,100,73
tokens,100,63
couplings,100,83
underscore,100,100
returned,100,95
conventionally,100,100
catch,100,85
resolves,100,100
accelerates,100,100
anomalous,100,75
excel,100,98
piezoresistive,100,74
differential-drive,100,87
garments,100,60
filter-based,100,92
bubble,100,50
familiar,100,91
caudal,100,63
adaptations,100,91
propel,100,95
photo-realistic,100,91
subject's,100,81
entrainment,100,51
tion,100,86
liquids,100,59
paves,100,100
clip,100,77
neurological,100,95
benefiting,100,99
mirrors,99,75
durations,99,87
quaternions,99,75
greatest,99,95
tilted,99,85
constraint-based,99,88
economic,99,93
took,99,97
attempting,99,97
sensory-motor,99,80
replicating,99,97
excess,99,94
contract,99,80
violated,99,98
normalization,99,79
robotically,99,87
lifted,99,87
temperatures,99,77
serpentine,99,65
nonprehensile,99,75
radars,99,70
abundant,99,98
race,99,70
non-expert,99,89
retargeting,99,56
combustion,99,57
los,99,43
elastomers,99,83
lio,99,52
pathway,98,87
loosely,98,93
localizes,98,96
routines,98,94
promotes,98,97
pointed,98,87
synthesizes,98,97
disjoint,98,80
deduced,98,96
crucially,98,98
waveform,98,72
bladder,98,48
singularity-free,98,80
toolbox,98,69
bent,98,83
metallic,98,76
maneuverable,98,87
prohibitively,98,96
encourages,98,98
colour,98,77
nighttime,98,51
co-design,98,59
bci,98,40
benchmarked,98,96
state-of-art,98,93
sample-efficient,98,94
equivariant,98,51
miou,98,81
argoverse,98,86
physics-informed,98,76
unifying,97,96
opposing,97,83
interests,97,85
splines,97,81
customers,97,71
sam,97,57
spots,97,79
behaves,97,94
controller's,97,93
prioritization,97,68
invisible,97,73
implant,97,65
strip,97,70
laborious,97,97
registering,97,92
aerodynamics,97,85
overlook,97,97
manhattan,97,61
solenoid,97,79
engaging,97,93
mpa,97,70
intentional,97,81
privileged,97,70
recharging,97,52
augments,97,96
signal-to-noise,97,95
transferable,97,84
on-demand,97,85
mujoco,97,89
imperative,96,93
checked,96,93
frame-based,96,74
descriptive,96,83
slight,96,94
mimo,96,63
membership,96,72
customer,96,57
truck,96,62
scheduler,96,74
said,96,93
infinity,96,84
anticipated,96,92
saturated,96,77
hit,96,81
iterated,96,92
lyapunov-based,96,93
gearbox,96,67
abduction,96,64
forced,96,89
mps,96,39
differentially,96,86
vortex,96,71
missed,96,78
two-wheeled,96,83
child,96,65
threat,96,78
iron,96,68
flipping,96,68
srl,96,28
pursuers,96,41
multi-vehicle,96,76
negatively,96,96
oxford,96,88
robotic-assisted,96,90
dark,95,83
pms,95,37
frontiers,95,82
circles,95,78
degeneracy,95,62
allocate,95,94
asv,95,56
hundred,95,92
position-controlled,95,75
scientists,95,85
turned,95,94
parallelization,95,83
followers,95,65
stabilizer,95,56
waiting,95,76
clock,95,60
finish,95,91
attractor,95,74
two-layer,95,87
creep,95,56
intensities,95,85
transported,95,89
trot,95,67
sitting,95,79
strings,95,63
surveying,95,85
hysteretic,95,70
scooping,95,44
accounted,95,95
noninvasive,95,82
customizable,95,89
blimp,95,43
dual-stage,95,49
clinically,95,83
month,95,66
pnp,95,63
cooking,95,56
glider,95,47
multi-rotor,95,63
specifies,94,91
snr,94,63
emphasizes,94,94
discovering,94,91
entails,94,92
serially,94,88
stringent,94,94
converging,94,94
lighter,94,92
levitated,94,63
alleviates,94,94
provable,94,89
system-level,94,76
age,94,81
posteriori,94,89
gentle,94,85
altered,94,87
untrained,94,82
requested,94,87
deformability,94,84
subsurface,94,63
strike,94,78
receptive,94,81
histograms,94,73
parasitic,94,64
seal,94,55
multi-target,94,78
single-agent,94,83
iiwa,94,91
multisensory,93,67
passed,93,90
illustration,93,87
accessed,93,92
filling,93,78
cubes,93,60
interception,93,57
regularized,93,82
converter,93,65
parameterize,93,89
redundantly,93,72
viscoelasticity,93,57
damaging,93,89
multitude,93,92
bones,93,74
enlarge,93,90
sleeve,93,58
regressor,93,72
multiview,93,58
center-of-mass,93,68
pioneer,93,92
wire-driven,93,68
head-mounted,93,85
shopping,93,66
plug-and-play,93,88
tsp,93,51
biohybrid,93,44
handovers,93,54
files,92,79
mount,92,87
exterior,92,83
conceived,92,90
termination,92,83
attains,92,90
strains,92,77
test-bed,92,85
appeared,92,92
superposition,92,77
reproducible,92,79
concludes,92,91
rigid-link,92,75
divides,92,92
flexural,92,65
packaging,92,81
dsp,92,61
markings,92,69
enormous,92,92
interfere,92,88
trainable,92,83
receivers,92,71
forecast,92,83
lazy,92,61
tackling,92,92
claim,92,84
embryo,92,43
intestine,92,59
visits,92,82
atlas,92,73
tall,92,88
assistants,92,82
overfitting,92,86
vein,92,47
upper-body,92,65
context-aware,92,81
embodiments,92,63
hand-object,92,66
tsa,92,38
parsing,91,64
corrects,91,90
resorting,91,91
polymers,91,70
sought,91,90
justify,91,90
on-chip,91,63
marks,91,68
accommodates,91,91
instrumentation,91,88
crank,91,61
higher-order,91,77
perceptron,91,87
rising,91,88
consumed,91,83
circumvent,91,91
lose,91,88
customization,91,86
molecules,91,58
wheelchairs,91,73
scoring,91,73
cable-suspended,91,69
pkm,91,37
mcl,91,37
shelf,91,72
roi,91,58
lookup,90,81
fixturing,90,53
elliptical,90,66
precedence,90,70
locus,90,62
impedances,90,74
a-priori,90,84
films,90,72
completes,90,88
distributing,90,85
contributed,90,89
low-pass,90,79
severity,90,66
agree,90,90
comprise,90,88
chaotic,90,52
marginal,90,80
splitting,90,74
navigated,90,82
compelling,90,89
pectoral,90,49
drifting,90,63
impairment,90,74
milp,90,53
gated,90,85
ing,90,83
wifi,90,46
proactively,90,84
rollouts,90,66
cnn-based,90,84
explainable,90,71
digit,90,60
siamese,90,62
prosthetics,89,82
desire,89,87
adhere,89,85
ladder,89,45
hazard,89,68
man-machine,89,74
author's,89,60
fourth,89,88
instabilities,89,80
three-fingered,89,82
bottlenecks,89,85
juggling,89,42
tcp,89,52
thirdly,89,89
pumping,89,50
ramp,89,65
convolutions,89,77
forcing,89,79
distinguished,89,88
querying,89,81
plusmn,89,52
reynolds,89,74
nash,89,65
geometry-based,89,77
convenience,89,87
sparsely,89,86
multipath,89,58
landscape,89,78
drastic,89,84
swim,89,74
amplified,89,80
massage,89,23
practicability,89,87
compromised,89,85
respiratory,89,48
snns,89,36
inclusive,89,56
point-cloud,89,71
insect-scale,89,59
gelsight,89,53
please,89,88
mark,88,51
shop,88,69
kernels,88,70
pave,88,87
situated,88,82
dividing,88,85
scheduled,88,78
sort,88,83
spoken,88,60
worm,88,51
visiting,88,70
demanded,88,85
uniformity,88,68
counter,88,76
asynchronously,88,86
mismatches,88,71
travelling,88,82
guideline,88,77
episodes,88,73
spindle,88,47
multi-legged,88,70
kinetostatic,88,68
dramatic,88,87
reinforced,88,78
seafloor,88,52
predictors,88,64
conversation,88,57
therapist,88,53
roboticists,88,82
meta,88,54
gram,88,75
logs,88,53
ex-vivo,88,79
submodular,88,55
scp,88,35
preintegration,88,51
scannet,88,77
sketch,87,59
initiate,87,81
reconfigured,87,84
broadly,87,87
raised,87,86
telerobotics,87,71
annealing,87,73
emphasizing,87,87
vice,87,86
enveloping,87,62
misalignments,87,70
virtue,87,87
grammar,87,53
bends,87,74
equip,87,85
preferable,87,86
deterioration,87,79
opened,87,83
fractional,87,52
nonuniform,87,72
irrelevant,87,79
backpropagation,87,81
complicate,87,86
grams,87,75
expenditure,87,76
powder,87,43
treatments,87,83
irrespective,87,86
knots,87,49
deteriorate,87,86
aggregates,87,76
tele-operation,87,76
dubbed,87,84
exchanged,87,82
resection,87,47
mainstream,87,87
sar,87,41
fixed-time,87,43
self-collected,87,82
cityscapes,87,75
redesign,86,66
chips,86,75
intersecting,86,76
complicates,86,86
stepper,86,51
hamiltonian,86,66
clarified,86,79
multi-dimensional,86,78
precomputed,86,77
quasistatic,86,65
dust,86,75
rejecting,86,80
necessitate,86,86
amplify,86,83
expressiveness,86,78
replan,86,71
mouth,86,53
rocks,86,74
wall-climbing,86,56
suppressed,86,82
developmental,86,74
lights,86,63
pay,86,85
immune,86,69
piezo,86,55
thermoplastic,86,80
helicopters,86,63
atmospheric,86,76
culture,86,55
motivating,86,85
rollover,86,38
adversary,86,57
mrf,86,43
concretely,86,85
tsas,86,31
summarize,85,84
ineffective,85,85
perimeter,85,61
hypothesized,85,84
sub-problems,85,71
responding,85,84
eigenvalue,85,67
linking,85,84
prehensile,85,73
manipulative,85,64
violating,85,82
versa,85,85
picked,85,77
panels,85,68
exogenous,85,76
decided,85,80
prohibitive,85,85
red,85,77
pan-tilt,85,73
spaced,85,79
assigns,85,82
touchdown,85,70
supervise,85,82
agency,85,75
lock,85,67
single-robot,85,76
elevator,85,48
capillary,85,50
nonverbal,85,60
gripper's,85,74
pig,85,57
anticipation,85,60
audio-visual,85,50
droplets,85,39
revisit,85,76
challenged,85,84
teachers,85,49
microparticles,85,50
excels,85,85
bottle,85,64
cheetah,85,61
dictionary,85,49
foundational,85,78
epistemic,85,58
pooling,85,75
off-policy,85,69
gan,85,67
pseudo-labels,85,52
discriminator,85,60
interfacing,84,77
single-arm,84,67
diagonal,84,80
played,84,82
repeating,84,80
distributional,84,67
categorized,84,84
confusion,84,63
responds,84,81
proportional-derivative,84,83
distorted,84,76
economy,84,71
constructive,84,83
high-density,84,73
elegant,84,84
deficiencies,84,77
leaders,84,55
isotropy,84,53
crack,84,41
personality,84,29
accessing,84,80
cancel,84,82
launch,84,67
ask,84,75
amplifier,84,69
pitching,84,62
passenger,84,67
reformulate,84,83
teammates,84,66
goal-oriented,84,75
micro-scale,84,68
ras,84,39
zebrafish,84,40
trauma,84,76
apf,84,43
pea,84,34
transfemoral,84,61
pelvic,84,38
ontology,84,50
pouch,84,35
tsdf,84,46
realworld,84,83
conductivity,83,72
inspected,83,71
cross-section,83,70
inventory,83,56
eddy,83,54
instantaneously,83,76
characters,83,65
price,83,79
laser-based,83,76
aiding,83,80
seriously,83,83
unconventional,83,77
multivariate,83,74
tanks,83,61
tendency,83,79
millimeters,83,70
merit,83,76
mines,83,68
reluctance,83,59
crystal,83,61
lessons,83,76
collocation,83,62
immobilization,83,45
gates,83,41
trial-and-error,83,78
target's,83,68
lays,83,83
participation,83,68
absorb,83,79
refraction,83,53
staff,83,62
happen,83,81
gloves,83,61
afterwards,83,83
hanging,83,57
undulation,83,62
trocar,83,55
practitioners,83,78
boosts,83,83
compositional,83,70
regenerative,83,48
magnetometer,83,53
usvs,83,48
pose-graph,83,66
fine-tune,83,77
dvrk,83,59
stemming,82,80
radii,82,75
state-dependent,82,68
hand's,82,68
believed,82,82
forth,82,81
procedural,82,71
force-reflecting,82,64
discussions,82,79
subgoal,82,57
seem,82,80
adaptivity,82,72
blades,82,61
accommodating,82,82
thresholding,82,75
polytope,82,58
slack,82,67
violate,82,82
reactivity,82,71
metrology,82,51
shares,82,80
incipient,82,50
client,82,53
records,82,78
assure,82,79
corroborate,82,82
denoted,82,76
driver's,82,54
deforms,82,81
impulses,82,55
associating,82,80
non-smooth,82,70
cpgs,82,54
harmful,82,75
sampler,82,60
survival,82,75
fish-like,82,54
kilometers,82,78
tails,82,57
progression,82,73
seat,82,40
victims,82,59
search-and-rescue,82,79
millions,82,79
eversion,82,44
hyperparameters,82,67
bowden,82,49
underexplored,82,82
xref,82,34
pin,81,57
branching,81,62
wiring,81,70
patterned,81,74
solid-state,81,61
analogy,81,75
long-standing,81,81
schema,81,69
comprehension,81,74
high-gain,81,75
worse,81,76
european,81,72
forbidden,81,58
wrists,81,60
overload,81,59
turbine,81,60
decay,81,68
actors,81,57
textile,81,59
intruder,81,43
tapping,81,48
token,81,47
japanese,81,72
topologically,81,74
failing,81,77
fisher,81,71
nonsmooth,81,64
electricity,81,60
uncontrollable,81,68
contact-based,81,67
stones,81,60
rrts,81,57
embryos,81,44
dissection,81,47
reservoir,81,47
averaged,81,72
appendages,81,59
proficiency,81,65
multi-modality,81,60
wiping,81,53
inflated,81,63
next-generation,81,79
euroc,81,77
uda,81,34
unitree,81,77
apple,80,41
parametrized,80,73
breaks,80,76
warning,80,54
rangefinder,80,68
companies,80,69
robotized,80,72
grouped,80,78
man,80,63
philosophy,80,73
excited,80,77
tripod,80,65
force-sensing,80,64
bonding,80,55
resembles,80,80
descending,80,66
incident,80,63
modest,80,80
folds,80,66
backdrivable,80,61
ground-based,80,71
microgravity,80,54
coating,80,54
default,80,66
noticeable,80,79
encountering,80,79
zoom,80,58
reproduced,80,75
deliberative,80,63
unintended,80,76
laparoscope,80,33
correlate,80,78
invalid,80,70
extendable,80,74
submerged,80,65
platoon,80,39
disturbed,80,79
nursing,80,46
sample-based,80,73
structure-from-motion,80,75
drivable,80,48
prospects,80,78
open-world,80,58
conference,79,67
coordinator,79,55
stanford,79,77
unloading,79,63
realizable,79,71
discussing,79,78
multi-degree-of-freedom,79,78
circuitry,79,67
cnc,79,51
propagating,79,78
recommendations,79,68
unify,79,78
amidst,79,74
set-up,79,75
lay,79,77
govern,79,79
object-based,79,64
experimented,79,79
remedy,79,74
harmonics,79,58
influencing,79,79
lrf,79,41
time-domain,79,71
interpolated,79,71
hilbert,79,64
collapse,79,69
pulleys,79,59
brachiation,79,30
contracting,79,61
sky,79,53
standalone,79,73
perceptive,79,58
unfolding,79,51
moon,79,61
covariances,79,66
sway,79,44
doctors,79,56
evenly,79,74
inspire,79,75
smoke,79,59
nanorobots,79,46
fetch,79,76
grass,79,74
multi-uav,79,56
thereafter,79,79
lip,79,43
wheel-legged,79,46
arena,79,66
inlier,79,62
rss,79,38
cross-view,79,47
visuotactile,79,38
accomplishes,78,77
one-step,78,74
holder,78,57
tandem,78,65
duality,78,62
diagrams,78,65
draws,78,78
multi-arm,78,52
undertaken,78,75
eccentric,78,53
observer-based,78,72
definite,78,68
prepared,78,76
insertions,78,67
counteract,78,75
aggregating,78,74
mold,78,58
scout,78,44
sustain,78,71
hemispherical,78,68
migration,78,53
undergoes,78,75
raise,78,78
freeform,78,55
vibratory,78,61
slice,78,60
operability,78,62
voxel-based,78,56
deeply,78,77
bird's,78,76
farm,78,58
pdms,78,51
attracting,78,70
tortuous,78,62
barrett,78,72
therapies,78,69
colonoscope,78,35
pmsm,78,31
scarce,78,76
framework's,78,77
sci,78,37
next-best-view,78,65
custom-built,78,76
orienteering,78,47
lidar-camera,78,49
gnn,78,57
row,77,66
stereoscopic,77,63
worked,77,77
on-site,77,63
fair,77,71
stated,77,76
nonredundant,77,72
bypass,77,73
arm's,77,71
dissipative,77,63
economical,77,75
wam,77,65
ascending,77,66
wearer's,77,53
high-bandwidth,77,71
diagnose,77,72
multirate,77,40
triangles,77,57
knees,77,61
injected,77,74
spm,77,34
accident,77,54
complications,77,75
accumulate,77,76
game-theoretic,77,51
well-studied,77,76
human-friendly,77,69
swing-up,77,58
tractor,77,49
hydrostatic,77,61
hydraulically,77,69
started,77,76
adhering,77,74
small-sized,77,65
modulates,77,76
rated,77,64
masking,77,61
physicians,77,66
shot,77,65
wirelessly,77,68
envision,77,77
therapists,77,54
ftc,77,30
attitudes,77,56
complemented,77,77
backbones,77,60
regularly,77,77
multi-frame,77,53
origami-inspired,77,65
sit-to-stand,77,49
multirotors,77,58
soft-rigid,77,58
showcases,77,77
multilink,76,60
ready,76,74
redundancies,76,64
speed-up,76,72
mix,76,70
enforced,76,75
multimode,76,53
cancellation,76,65
comparably,76,75
tape,76,46
relocation,76,52
frequency-domain,76,65
impacting,76,74
exerting,76,74
sector,76,60
multilevel,76,61
rov,76,56
temporarily,76,72
rollers,76,55
cross-sectional,76,64
probable,76,70
setpoint,76,58
mature,76,76
teleoperate,76,73
multi-layered,76,71
evolves,76,76
heads,76,62
iso,76,61
thick,76,71
creatures,76,64
socket,76,52
cvt,76,24
simulink,76,68
retina,76,56
in-flight,76,56
hospitals,76,71
compress,76,72
tongue,76,41
brace,76,43
benchtop,76,71
rom,76,44
commodity,76,69
cannula,76,29
adl,76,42
ssl,76,29
multicopter,76,39
deep-learning,76,66
open-set,76,49
ppo,76,56
interestingly,75,75
resemble,75,73
notions,75,75
names,75,60
neighborhoods,75,63
signatures,75,63
touches,75,70
appearing,75,68
involvement,75,72
pursue,75,72
graspable,75,56
parallelogram,75,62
bucket,75,40
lowering,75,68
teeth,75,53
anywhere,75,72
networking,75,67
self-organization,75,51
claims,75,75
form-closure,75,35
multi-finger,75,60
threads,75,56
basin,75,68
drifts,75,69
cane,75,28
horizontally,75,74
paint,75,43
composites,75,60
populations,75,69
human-computer,75,71
iss,75,40
rao-blackwellized,75,65
clinicians,75,69
sdp,75,41
dummy,75,51
maritime,75,42
mlp,75,61
anymal,75,70
firm,74,55
rings,74,53
arguments,74,73
computer-aided,74,71
knowledge-based,74,67
deburring,74,43
conceptually,74,74
linearizing,74,66
laboratories,74,66
replaces,74,72
makespan,74,58
enclosing,74,56
bilinear,74,46
degrading,74,73
teleoperators,74,63
granularity,74,61
scattered,74,67
dominated,74,73
visualized,74,72
certainty,74,60
floors,74,67
whiskers,74,34
z-axis,74,60
sinkage,74,36
goods,74,57
it's,74,69
consumes,74,72
ride,74,49
low-speed,74,61
bank,74,61
hessian,74,56
originating,74,72
regards,74,73
cap,74,54
dvs,74,34
apex,74,51
lower-dimensional,74,70
rats,74,34
pathological,74,65
frontier-based,74,61
grf,74,38
shafts,74,53
mum,74,46
vanilla,74,68
tum,74,66
overground,74,51
stone,74,45
self-folding,74,38
ports,73,62
noted,73,73
entity,73,61
pace,73,60
polyhedron,73,53
coping,73,72
exchanging,73,71
bootstrap,73,67
pwm,73,55
on-orbit,73,60
magnification,73,56
travels,73,72
flywheel,73,45
upward,73,68
supplies,73,72
opponent,73,44
respects,73,72
bolt,73,41
green,73,64
microactuator,73,53
meant,73,71
looks,73,70
unlimited,73,68
private,73,54
rate-dependent,73,36
installing,73,72
skull,73,43
discovers,73,73
disadvantage,73,72
obstructed,73,68
masked,73,57
trail,73,42
manoeuvres,73,56
conducts,73,71
micrometers,73,64
membranes,73,61
young,73,61
beads,73,53
transit,73,58
stitching,73,41
cave,73,41
pso,73,45
habitat,73,57
dropout,73,47
garnered,73,73
mapless,73,53
high-definition,73,72
struggles,73,72
mae,73,49
rul,73,23
protective,72,60
inspecting,72,72
adjacency,72,58
summarizes,72,72
continued,72,71
finishing,72,46
error-prone,72,70
force-position,72,52
attaining,72,67
cycling,72,36
roots,72,52
microelectromechanical,72,71
post,72,61
full-state,72,59
substitution,72,55
three-finger,72,58
centimeter,72,69
distinguishes,72,71
odometric,72,63
telescopic,72,46
pins,72,53
shaking,72,50
hmms,72,46
nanometer,72,62
sub-millimeter,72,68
late,72,64
filament,72,49
envisioned,72,70
boat,72,43
ant,72,52
detachment,72,58
print,72,60
intra-operative,72,61
favor,72,71
survivors,72,62
hil,72,43
beat,72,42
explosive,72,55
microbeads,72,40
predictability,72,59
assets,72,56
federated,72,35
seasonal,72,60
mmt,72,21
self-healing,72,42
follow-the-leader,72,44
multitask,72,57
malicious,72,46
crazyflie,72,62
interfaced,71,68
leds,71,58
artificially,71,67
wide-angle,71,55
two-arm,71,54
simplifications,71,69
dropped,71,67
interpolating,71,69
inappropriate,71,64
custom-designed,71,70
emission,71,53
aperture,71,52
unbalanced,71,55
feeder,71,47
editing,71,60
lcd,71,39
labelling,71,52
join,71,62
prey,71,42
neurosurgery,71,63
dirichlet,71,66
marching,71,51
laptop,71,67
squeeze,71,50
leg-wheel,71,43
crash,71,56
antennas,71,49
foster,71,68
collaborating,71,71
wrapped,71,65
self-collision,71,46
patient-specific,71,60
magnetometers,71,48
flippers,71,31
bag-of-words,71,65
quad-rotor,71,38
coalition,71,35
bead,71,45
multi-material,71,55
crf,71,44
alleviating,71,70
surpass,71,70
innovatively,71,70
phenotyping,71,42
boldsymbol,71,42
gpt,71,50
repertoire,70,59
synchronizing,70,67
probably,70,66
vlsi,70,51
constants,70,65
non-zero,70,64
transmits,70,67
oral,70,46
telerobot,70,48
single-stage,70,61
relaxations,70,54
read,70,63
hierarchies,70,59
recommended,70,67
nullspace,70,50
felt,70,67
echoes,70,44
strengthen,70,68
resting,70,56
prevailing,70,69
exit,70,59
cerebral,70,51
elucidate,70,69
converged,70,63
orifice,70,57
hyper,70,53
succeeds,70,67
throw,70,45
patrol,70,50
harvest,70,57
pulses,70,61
stochastically,70,64
cutaneous,70,37
psychophysical,70,59
slot,70,50
uvms,70,26
microchannel,70,46
rimless,70,44
hammering,70,30
specimen,70,40
rubble,70,40
realm,70,69
asr,70,31
refractive,70,35
anticipating,70,67
commonsense,70,48
prompting,70,64
gym,70,60
deficiency,69,62
communicates,69,67
organizing,69,61
answers,69,62
compositions,69,58
detrimental,69,65
berkeley,69,60
substitute,69,67
multiaxis,69,49
anticipatory,69,49
families,69,61
prepare,69,67
spontaneous,69,61
sentences,69,36
servomotor,69,54
hopper,69,53
time-variant,69,59
two-axis,69,58
idealized,69,61
cmos,69,53
heel,69,61
six-legged,69,65
proportional-integral,69,68
suboptimality,69,59
gradual,69,65
perhaps,69,68
send,69,64
evident,69,69
complements,69,69
curse,69,63
steers,69,67
predicates,69,48
three-phase,69,49
queried,69,66
cities,69,67
trailers,69,36
drift-free,69,60
non-redundant,69,65
high-power,69,61
grown,69,67
multidirectional,69,43
navigable,69,49
cobot,69,40
abb,69,64
bow,69,40
energetically,69,60
flex,69,55
microrobotics,69,58
clues,69,61
easy-to-use,69,66
shorten,69,68
coral,69,51
bathymetric,69,36
inherits,69,68
high-risk,69,65
bearing-only,69,50
anterior,69,60
aortic,69,36
affinity,69,44
harnessing,69,65
microstructure,69,48
resampling,69,56
smartphone,69,50
human-centric,69,60
consisted,68,67
parallel-jaw,68,66
house,68,61
functionally,68,64
tolerate,68,65
grade,68,53
arithmetic,68,63
fix,68,61
reflexive,68,46
boolean,68,51
single-axis,68,61
dialog,68,38
excite,68,65
polyurethane,68,67
foam,68,52
gyroscopic,68,47
alpha,68,44
intercept,68,51
paddle,68,36
competence,68,52
essence,68,68
robot-environment,68,58
polarization,68,30
participate,68,66
possessing,68,65
saves,68,66
offshore,68,40
topography,68,53
fiber-reinforced,68,59
conic,68,52
determinant,68,58
imitates,68,67
returning,68,63
cavities,68,58
prioritizing,68,66
framed,68,63
staircase,68,41
answering,68,58
encapsulated,68,66
pilots,68,48
mosaic,68,36
relaxing,68,67
backend,68,54
fluorescent,68,44
super-resolution,68,40
dirt,68,45
upcoming,68,61
harder,68,67
multi-segment,68,53
oocyte,68,31
expectation-maximization,68,66
logistic,68,59
intact,68,55
point-to-plane,68,57
perch,68,47
prefer,68,55
supernumerary,68,48
prioritizes,68,67
regress,68,67
finetuning,68,59
vln,68,28
self-tuning,67,55
in-house,67,65
activate,67,66
cranes,67,53
proceeds,67,67
preceding,67,59
extrapolation,67,59
calibrations,67,60
threefold,67,67
personnel,67,64
reformulation,67,64
compliantly,67,60
low-order,67,53
third-order,67,48
unrealistic,67,67
positively,67,64
albeit,67,66
two-point,67,50
picks,67,60
something,67,61
buried,67,48
feels,67,59
reflectivity,67,42
look-ahead,67,52
centimeters,67,62
fulfilling,67,65
ignores,67,67
pvdf,67,43
copper,67,52
time-efficient,67,62
micro-robots,67,43
triggers,67,59
sloped,67,54
cross-correlation,67,56
medial,67,35
explorer,67,49
ink,67,40
hmi,67,32
electromagnet,67,51
biggest,67,67
trajectory-tracking,67,57
cruise,67,49
ema,67,21
elaborated,67,67
post-stroke,67,43
dvl,67,30
amputation,67,55
marginalization,67,50
multi-class,67,53
push-off,67,39
android,67,36
equipping,67,67
uav's,67,55
sts,67,21
r-cnn,67,47
ycb,67,61
device's,66,60
picture,66,51
richness,66,62
coded,66,56
propagates,66,65
numeric,66,60
write,66,55
lake,66,55
commanding,66,60
explorations,66,64
reacting,66,66
canopy,66,48
directs,66,63
mitigated,66,66
airplane,66,46
sacrifice,66,64
diagnostics,66,64
irregularly,66,63
autopilot,66,49
belongs,66,65
colony,66,42
formalized,66,65
diver,66,32
featureless,66,60
trucks,66,50
riding,66,41
imply,66,65
footsteps,66,56
stochasticity,66,58
screening,66,51
chinese,66,44
manoeuvre,66,50
preset,66,62
gold,66,58
weeks,66,66
arbitration,66,39
brachytherapy,66,46
orchard,66,40
shutter,66,39
divergent,66,65
python,66,61
semi-dense,66,38
pgo,66,23
permitting,65,64
beneath,65,61
vehicular,65,55
intel,65,64
foundations,65,65
formidable,65,65
dispatching,65,41
served,65,62
activations,65,53
employment,65,65
organize,65,62
solvable,65,58
sigma,65,45
parallax,65,44
synchronously,65,64
servomotors,65,58
heavy-duty,65,58
massively,65,61
ensembles,65,51
establishment,65,63
deemed,65,65
short-range,65,58
gamma,65,38
blue,65,58
urgent,65,64
resort,65,65
body's,65,59
conservatism,65,56
sideways,65,47
prototypical,65,59
undulating,65,51
metamorphic,65,42
ecological,65,58
contractile,65,39
advent,65,65
tele-operated,65,57
ambulation,65,47
categorical,65,49
tiles,65,39
incurring,65,65
countries,65,60
pre-computed,65,55
intentionally,65,64
manufacturers,65,56
cobots,65,42
rid,65,57
communicated,65,60
vision-only,65,58
first-person,65,50
inferior,65,65
volunteers,65,61
locality,65,54
vasculature,65,53
human-exoskeleton,65,45
repository,65,62
receding-horizon,65,57
dual-mode,65,45
nlp,65,45
human-driven,65,52
enrich,65,64
cost-to-go,65,46
sac,65,42
prevented,64,63
multivariable,64,55
servos,64,55
symbol,64,41
dropping,64,61
tagged,64,39
full-size,64,61
idle,64,59
contamination,64,54
german,64,63
five-bar,64,59
coplanar,64,52
network's,64,57
adept,64,64
attenuate,64,60
nitinol,64,54
discriminating,64,57
plasticity,64,58
encompass,64,64
spreading,64,53
subtraction,64,51
collision-avoidance,64,56
lenses,64,52
forestry,64,42
stand-alone,64,63
permutation,64,47
high-dof,64,52
bat,64,27
allocating,64,63
wish,64,62
anisotropy,64,60
publications,64,57
asymmetrical,64,59
hyperelastic,64,49
teaming,64,47
generalisation,64,57
visualizations,64,59
league,64,50
pre-specified,64,61
flexure-based,64,50
spring-damper,64,50
orbits,64,47
projection-based,64,49
control-based,64,56
fleets,64,50
nlos,64,30
turtlebot,64,60
extrinsics,64,47
robotcar,64,61
yolov,64,52
peaks,63,52
taylor,63,59
park,63,55
optimise,63,60
mixtures,63,55
speeding,63,60
unbiased,63,60
automobile,63,57
lower-level,63,53
interferences,63,52
premise,63,60
euler-lagrange,63,56
set-point,63,52
inner-loop,63,45
intruders,63,34
coiled,63,49
task-based,63,50
aluminum,63,58
alarm,63,50
spines,63,43
shed,63,61
pen,63,41
resembling,63,63
parallelized,63,55
orthopedic,63,54
api,63,50
anchored,63,59
plug,63,39
damages,63,58
prune,63,58
shoe,63,36
hop,63,49
contingency,63,34
oxygen,63,39
regulations,63,56
extensor,63,47
nanotubes,63,45
swings,63,46
multi-channel,63,55
implanted,63,54
turbulent,63,49
explainability,63,50
cores,63,54
elegans,63,21
eit,63,24
self-training,63,38
self-supervision,63,55
mmwave,63,36
pick-up,62,52
associates,62,58
defective,62,47
coriolis,62,50
expresses,62,62
polynomial-time,62,55
non-overlapping,62,51
fingered,62,58
disciplines,62,55
manager,62,44
infinitely,62,54
implantation,62,38
cutter,62,45
interpretations,62,58
indexing,62,49
disparities,62,53
calculus,62,50
distributes,62,62
peculiar,62,61
console,62,50
accommodation,62,40
nonsingular,62,54
bipeds,62,52
conical,62,51
swiftly,62,61
screwing,62,39
categorize,62,61
ballistic,62,51
continuation,62,61
dissimilar,62,54
binding,62,40
river,62,39
discriminant,62,55
transmitter,62,52
supplement,62,62
bands,62,52
puts,62,62
fixing,62,61
reset,62,46
instrumental,62,56
pcs,62,40
pre,62,50
adherence,62,56
backup,62,40
deteriorates,62,62
pipette,62,29
finer,62,60
stopped,62,59
isometric,62,44
binaural,62,40
tying,62,41
rooted,62,60
infrastructures,62,55
reproduces,62,58
scale-invariant,62,52
hammer,62,42
distance-based,62,54
sideslip,62,43
episodic,62,47
harm,62,61
uas,62,29
millirobot,62,37
seasons,62,57
adduction,62,52
cot,62,39
bilevel,62,41
webpage,62,60
fusion-based,62,44
incidence,61,54
quadric,61,35
finished,61,55
harnesses,61,54
tied,61,59
separable,61,55
fast-moving,61,55
reactor,61,36
iris,61,29
liveness,61,45
raising,61,54
think,61,58
one-to-one,61,56
persistence,61,42
replicates,61,60
loses,61,58
successes,61,59
firing,61,46
proceed,61,60
configure,61,59
two-fold,61,61
contaminated,61,56
two-phase,61,57
psychology,61,57
consume,61,60
contractions,61,40
pronounced,61,61
striking,61,46
electromyographic,61,61
dog,61,43
microscopes,61,50
packed,61,59
boom,61,42
pbd,61,34
ear,61,42
tree-based,61,55
microsurgical,61,42
relaxes,61,60
extremities,61,50
non-verbal,61,45
shared-control,61,39
respiration,61,46
minimalistic,61,58
constant-force,61,23
on-road,61,49
frame-to-frame,61,52
title,61,33
intraocular,61,38
endoluminal,61,44
fmcw,61,38
chance-constrained,61,45
task-agnostic,61,56
congested,60,53
somewhat,60,60
reformulated,60,59
concentrates,60,59
document,60,60
disturbing,60,55
inferences,60,56
ridge,60,45
distinction,60,58
suggestions,60,54
wait,60,55
judge,60,58
feeders,60,40
internally,60,58
expose,60,60
waveguide,60,29
adsorption,60,27
experiencing,60,58
quadratically,60,59
ranked,60,53
backtracking,60,43
time-delayed,60,46
modularized,60,54
academic,60,57
compactly,60,60
cuts,60,55
quantized,60,42
axle,60,45
rocky,60,52
obey,60,58
wrapping,60,42
attentional,60,42
interfering,60,55
lowers,60,59
emissions,60,49
molding,60,59
leak,60,33
guard,60,38
bowl,60,35
belts,60,41
phone,60,52
passengers,60,44
reactively,60,59
endowing,60,60
annotating,60,59
electromyogram,60,60
laterally,60,55
feedbacks,60,50
stimulate,60,60
skidding,60,34
impede,60,60
flexor,60,46
widely-used,60,60
evaders,60,27
seeds,60,47
appliances,60,44
avenue,60,59
lpv,60,25
platform's,60,51
impacted,60,55
soc,60,26
gliders,60,37
isam,60,34
texture-less,60,53
millirobots,60,27
cross-validation,60,56
farming,60,46
certificates,60,41
millimeter-scale,60,53
inpainting,60,39
weeds,60,35
ddpg,60,41
uncrewed,60,57
llm-based,60,45
strips,59,43
elliptic,59,42
ics,59,22
space-time,59,45
participating,59,57
bear,59,50
responsibility,59,43
interdisciplinary,59,55
seam,59,42
era,59,52
ellipses,59,47
steadily,59,58
timings,59,51
full-order,59,46
adversely,59,59
enters,59,57
hub,59,32
extensibility,59,54
exemplary,59,58
six-dof,59,46
utilising,59,56
helix,59,40
broadcast,59,55
trails,59,38
submillimeter,59,54
generations,59,56
shortage,59,55
absent,59,59
unreachable,59,52
sub-goals,59,39
wavelength,59,53
upstream,59,45
semi-structured,59,42
spike,59,37
preisach,59,35
elongated,59,51
decoded,59,54
drawer,59,48
intuitiveness,59,55
annotate,59,58
watch,59,57
interacted,59,56
lego,59,40
peers,59,48
intestinal,59,36
odometer,59,43
vastly,59,58
immense,59,59
scaffold,59,27
fastslam,59,34
incline,59,46
handful,59,59
backpack,59,41
biologically-inspired,59,57
pack,59,49
markerless,59,44
campaign,59,51
biocompatible,59,50
cfd,59,45
bi-manual,59,47
contactless,59,50
afterward,59,59
unlocking,59,53
pre-built,59,52
youtube,59,56
abbreviation,59,31
debugging,58,51
smoothed,58,53
queue,58,39
optics,58,53
accept,58,54
imperfections,58,52
on-off,58,40
heavier,58,56
offices,58,56
flexible-joint,58,42
alloys,58,53
constituent,58,56
parameterizations,58,52
oracle,58,41
interpolate,58,56
stays,58,56
seldom,58,58
likelihoods,58,38
gauss-newton,58,53
emulation,58,44
radially,58,47
rbf,58,40
assesses,58,57
traps,58,40
dose,58,42
shifted,58,54
bigger,58,56
spraying,58,37
fls,58,30
decentralised,58,42
nonstationary,58,45
optimizers,58,50
incisions,58,51
inductance,58,41
landmark-based,58,44
pedal,58,34
fingerprint,58,28
button,58,37
collapsed,58,51
self-righting,58,31
evasion,58,34
phalanges,58,47
grounds,58,54
coalitions,58,29
non-planar,58,47
asvs,58,38
plantar,58,35
mri-guided,58,45
steerability,58,35
kidney,58,33
patterning,58,43
admm,58,38
perception-aware,58,36
cdot,58,38
deep-sea,58,33
vla,58,25
replica,57,55
attainable,57,56
lends,57,57
substantiate,57,57
disks,57,43
reporting,57,56
multi-input,57,55
conjecture,57,48
regularity,57,43
listed,57,57
endpoints,57,49
heuristically,57,56
exertion,57,50
locates,57,56
provision,57,53
pertinent,57,56
wrap,57,48
manifest,57,54
bouncing,57,46
transpose,57,41
mistakes,57,47
disambiguate,57,56
infinite-dimensional,57,52
stacks,57,49
microactuators,57,37
card,57,36
cuboid,57,40
dominance,57,40
explaining,57,55
blurring,57,49
bundles,57,43
ranks,57,51
multiresolution,57,46
edge-based,57,44
radioactive,57,44
subsea,57,38
fulfilled,57,56
wound,57,44
tower,57,35
penetrating,57,53
unsteady,57,47
immersion,57,48
featured,57,57
cheaper,57,56
collocated,57,37
powering,57,45
one-way,57,50
hmd,57,33
neurosurgical,57,43
trainee,57,34
seabed,57,46
gui,57,37
physician,57,48
optimised,57,53
increment,57,47
multi-hypothesis,57,49
surge,57,50
affords,57,54
proteins,57,36
tdoa,57,33
in-vitro,57,50
segway,57,42
incur,57,56
compensatory,57,47
competitions,57,45
poincar,57,43
stretched,57,49
resonator,57,34
mid-level,57,41
pepper,57,45
fractional-order,57,24
mos,57,22
shelves,57,44
variable-stiffness,57,42
cross-modality,57,43
deep-learning-based,57,55
camera-lidar,57,40
regret,57,42
teacher-student,57,53
aleatoric,57,42
cavs,57,27
obstruction,56,50
cracks,56,44
positioner,56,35
multiprocessor,56,46
jpl,56,51
bubbles,56,37
buffers,56,41
accomplishment,56,54
eigenvalues,56,49
slices,56,41
reorient,56,48
multi-output,56,54
became,56,54
revolution,56,48
reposition,56,51
operative,56,51
entries,56,53
emphasized,56,56
touched,56,51
multistage,56,49
sub-task,56,46
hertz,56,50
spectra,56,43
initiated,56,56
pertaining,56,55
bang-bang,56,47
susceptibility,56,48
application-specific,56,54
bond,56,46
devising,56,56
incapable,56,56
cebot,56,27
tried,56,55
path-tracking,56,39
sectors,56,48
branch-and-bound,56,52
reusability,56,51
conservativeness,56,46
servers,56,39
absorber,56,28
spans,56,54
alarms,56,46
mechanism's,56,50
male,56,48
divers,56,37
slips,56,52
endows,56,56
vis,56,30
intensively,56,56
altitudes,56,44
meshing,56,34
analysing,56,54
tactical,56,42
ego-vehicle,56,40
non-cooperative,56,48
joule,56,53
aibo,56,43
pss,56,23
single-query,56,41
leap,56,44
cnt,56,16
pre-operative,56,44
dozens,56,55
specimens,56,47
inter,56,53
artifact,56,43
aerobatic,56,34
human-aware,56,44
exacerbated,56,56
markedly,56,56
k-means,56,51
microswimmers,56,28
curb,56,22
bimodal,56,37
hands-free,56,40
cloud-based,56,50
manuscript,56,48
intrinsics,56,42
naturalistic,56,48
test-time,56,41
united,55,52
gray,55,39
one-degree-of-freedom,55,53
explosion,55,53
variances,55,50
courses,55,44
silhouette,55,42
utilities,55,47
statements,55,38
interchangeable,55,52
b-splines,55,47
school,55,49
pursuing,55,52
lattices,55,35
finite-dimensional,55,49
rectilinear,55,45
antagonistically,55,53
deduce,55,55
backwards,55,50
tentacle,55,37
pinhole,55,48
sca,55,20
convexity,55,46
monotone,55,37
deadline,55,37
unaffected,55,54
reconfiguring,55,52
unimodal,55,50
formalization,55,47
homotopic,55,33
sidewinding,55,27
constitutive,55,47
obstructions,55,54
confronted,55,55
subproblem,55,46
reversal,55,46
ships,55,45
acrylic,55,49
brittle,55,55
non-negligible,55,51
thousand,55,53
brush,55,31
nail,55,32
repairing,55,49
high-throughput,55,47
rhex,55,40
curbs,55,36
state-of-the,55,55
input-to-state,55,52
reused,55,55
disorder,55,45
winch,55,38
electroactive,55,48
sparsification,55,36
drawers,55,45
asset,55,39
anything,55,53
drugs,55,43
pointcloud,55,42
geographic,55,51
bmi,55,21
stent,55,16
multimaterial,55,37
kinova,55,54
overtaking,55,38
gcn,55,29
cassie,55,47
scr,55,16
semiactive,55,35
really,54,51
progresses,54,54
solder,54,20
achievements,54,52
intersect,54,53
occluding,54,48
prime,54,47
expandable,54,44
collections,54,48
implementable,54,53
hexagonal,54,40
rejected,54,52
worth,54,54
elevated,54,52
ill-conditioned,54,46
wavefront,54,40
excluding,54,53
dynamics-based,54,46
emulates,54,53
underneath,54,52
one-legged,54,44
superimposed,54,52
nonzero,54,50
dimensionless,54,36
tooling,54,37
departure,54,42
flies,54,44
technically,54,54
des,54,36
x-y,54,43
identifiable,54,49
stresses,54,47
shells,54,44
travelled,54,49
hydrodynamics,54,51
usa,54,51
regain,54,52
gracefully,54,51
avenues,54,54
attentive,54,48
coexistence,54,52
towing,54,39
micropositioning,54,40
monotonic,54,44
irregularities,54,49
piece-wise,54,45
install,54,51
internet-based,54,39
reusing,54,51
magnetized,54,39
replication,54,47
multi-head,54,45
sewer,54,23
adams,54,50
ion,54,44
exoskeletal,54,35
book,54,34
maximise,54,49
range-only,54,45
blurred,54,45
auction,54,40
custom-made,54,53
flexures,54,43
plantarflexion,54,35
port-hamiltonian,54,42
smp,54,23
actionable,54,48
soaring,54,22
floating-base,54,45
harvested,54,38
printable,54,43
re-localization,54,35
wce,54,16
cutting-edge,54,53
capsules,54,37
multi-directional,54,41
upsampling,54,32
vae,54,39
swift,54,51
presently,53,51
firmly,53,52
overlaps,53,50
workstations,53,41
flexibilities,53,39
cmu,53,48
disparate,53,49
clamp,53,36
infinitesimal,53,48
time-critical,53,46
inch,53,48
landings,53,37
accepts,53,53
instantiate,53,51
humanlike,53,47
triaxial,53,41
multilayered,53,44
cornell,53,49
rectangle,53,41
survive,53,48
combat,53,41
riccati,53,45
securely,53,51
omni,53,45
trainer,53,43
curvilinear,53,48
dogs,53,31
jaws,53,38
duct,53,25
wmrs,53,33
discard,53,53
vantage,53,46
accumulating,53,52
fragment,53,42
streamlined,53,51
resistant,53,50
seemingly,53,51
activating,53,53
putting,53,52
oceanographic,53,44
judged,53,51
hearing,53,42
eye-to-hand,53,48
rheological,53,31
diving,53,39
enriched,53,51
rhythm,53,37
learners,53,35
multi-goal,53,34
bore,53,40
distinguishable,53,48
human-sized,53,50
caves,53,44
fragments,53,39
footage,53,50
series-elastic,53,42
toolpath,53,22
replicated,53,52
thermally,53,47
chronic,53,41
utterances,53,39
human-inspired,53,47
akin,53,52
inject,53,52
realistically,53,52
catheterization,53,37
approx,53,38
empowers,53,53
mod,53,26
hyperparameter,53,47
pathfinding,53,43
kirigami,53,22
sensorial,52,37
sending,52,49
warp,52,39
microprocessor,52,49
mock-up,52,49
saved,52,42
rehabilitative,52,44
counts,52,39
instantiation,52,48
sensitivities,52,45
letting,52,50
rectification,52,39
classifications,52,47
exemplified,52,51
discretize,52,51
nearest-neighbor,52,45
snap,52,42
tractability,52,51
least-square,52,48
satisfactorily,52,52
pcb,52,35
planner's,52,49
unity,52,50
continuing,52,51
point-mass,52,40
sure,52,52
manageable,52,50
micrometer,52,52
parabolic,52,42
differentiability,52,49
directing,52,49
inlet,52,32
conflict-based,52,36
admits,52,51
k-nearest,52,51
sonars,52,43
opaque,52,48
evidential,52,30
intrusion,52,34
retract,52,42
hands-on,52,42
encapsulate,52,52
knows,52,47
exhibition,52,37
opinion,52,32
reader,52,46
impressions,52,37
lander,52,33
illusion,52,27
tactile-based,52,44
java,52,31
airship,52,30
protecting,52,52
talking,52,42
perceives,52,49
clips,52,45
som,52,23
dorsal,52,28
mcp,52,26
mdps,52,41
sinus,52,22
soft-tissue,52,41
biocompatibility,52,46
polydimethylsiloxane,52,51
suddenly,52,50
unlikely,52,51
ekf-based,52,48
low-rank,52,38
adult,52,45
self-organized,52,50
segmentations,52,47
gating,52,48
waters,52,44
error-state,52,42
biarticular,52,29
costmap,52,42
snap-through,52,33
grand,52,51
airway,52,24
conversational,52,34
tail-sitter,52,23
velodyne,52,46
participated,52,52
intents,52,43
vectoring,52,33
adrc,52,25
low-quality,52,49
triplet,52,42
visual-tactile,52,31
u-net,52,41
rollout,52,37
overlooking,52,52
time-based,51,44
repetition,51,41
logarithmic,51,47
emulator,51,32
sizing,51,43
multiplier,51,44
craft,51,44
file,51,44
surrounded,51,50
relief,51,45
skillful,51,44
sealed,51,44
batches,51,46
concurrency,51,39
uncover,51,47
pantograph,51,31
unbalance,51,26
hulls,51,43
svd,51,33
frictions,51,41
retained,51,49
kinetics,51,47
associative,51,41
altogether,51,51
ellipsoidal,51,40
escaping,51,45
muscle-like,51,48
pulled,51,48
dental,51,23
crosstalk,51,33
dilemma,51,44
region-based,51,46
coated,51,45
exerts,51,50
notch,51,33
acid,51,39
competitiveness,51,37
textiles,51,31
martian,51,40
ethernet,51,45
injured,51,43
biasing,51,41
organic,51,42
end-users,51,43
plain,51,42
guesses,51,47
houses,51,49
single-step,51,44
digging,51,32
revolutionize,51,51
physiology,51,45
recommendation,51,27
showcased,51,51
threats,51,38
emitter,51,42
rationality,51,48
unpredictability,51,39
incurs,51,51
actuates,51,48
self-propelled,51,46
questionnaire,51,42
revisiting,51,47
ankle-foot,51,40
self-assembling,51,38
ambulatory,51,44
swarming,51,43
orca,51,26
forecasts,51,41
underscores,51,50
sliding-window,51,47
mip,51,28
human-level,51,47
fwmav,51,24
wobbling,51,24
bandit,51,40
multi-session,51,38
appendage,51,26
ethical,51,30
synthetically,51,49
ctr,51,24
energy-saving,51,39
multicontact,51,33
language-conditioned,51,41
nerfs,51,34
underscoring,51,51
stripe,50,30
laplacian,50,45
single-link,50,45
task-related,50,47
n-link,50,43
disability,50,47
thinking,50,45
diagnosing,50,48
cpp,50,26
clearances,50,37
loci,50,33
kinematical,50,43
negotiating,50,42
pallet,50,26
ratings,50,45
step-by-step,50,48
three-dof,50,36
daytime,50,39
indication,50,47
bimorph,50,35
squeezing,50,44
hand-arm,50,39
macro-micro,50,37
minimise,50,48
multiplicative,50,45
pseudo-inverse,50,46
vectorized,50,34
simplistic,50,49
reactionless,50,22
decompositions,50,40
infeasibility,50,36
nerves,50,41
gyros,50,37
struts,50,30
tethers,50,34
hampered,50,50
fractal,50,26
supplemental,50,48
receptors,50,35
releases,50,45
bounce,50,31
antagonist,50,44
lorentz,50,38
wants,50,46
other's,50,48
control-oriented,50,49
visuo-tactile,50,34
sony,50,49
caregiver,50,36
conforming,50,50
enlarged,50,49
reinforce,50,48
non-experts,50,43
gough-stewart,50,37
visitors,50,41
self-reconfiguring,50,41
pointer,50,41
coastal,50,39
image-to-image,50,39
resetting,50,38
cruising,50,38
cnts,50,23
ingredients,50,46
eating,50,29
asking,50,46
well-designed,50,50
recharge,50,45
switchable,50,41
pro,50,50
rnns,50,39
minimally-invasive,50,45
high-end,50,47
rssi,50,19
shearing,50,42
amazon,50,43
ballbot,50,24
breathing,50,33
homology,50,32
self-balancing,50,37
arranging,50,46
fluoroscopy,50,38
msckf,50,32
ssc,50,19
boston,50,47
budgets,50,43
gastric,50,30
hzd,50,27
lbr,50,49
mathbb,50,27
disentangled,50,40
obstacle-rich,50,42
vit,50,32
evs,50,15
engineer,49,46
checkerboard,49,28
imaged,49,48
exceeded,49,49
geographical,49,45
solids,49,38
clearing,49,42
pursued,49,49
assures,49,48
justified,49,49
unmodelled,49,45
transients,49,46
fence,49,30
whatever,49,48
factored,49,40
centerline,49,42
hostile,49,46
seven-degree-of-freedom,49,48
sticking,49,46
state-feedback,49,41
abundance,49,36
concentrations,49,37
packets,49,35
stiffer,49,47
fixed-base,49,47
finite-state,49,45
slots,49,32
siso,49,39
reshaping,49,38
airframe,49,36
prospect,49,48
highways,49,44
exchanges,49,45
perceptually,49,45
judgment,49,44
carriers,49,38
psd,49,24
handicapped,49,42
dock,49,38
ophthalmic,49,36
polymeric,49,41
elastically,49,42
vulnerability,49,43
compete,49,49
bendable,49,31
advice,49,28
three-stage,49,46
uuv,49,22
four-legged,49,47
localise,49,45
triple,49,42
tightening,49,36
download,49,41
lithography,49,47
pareto-optimal,49,35
twenty,49,47
basket,49,13
conveyed,49,40
unchanged,49,49
doesn't,49,48
flip,49,38
fingernail,49,20
buttons,49,34
junction,49,37
empower,49,48
arrives,49,46
feelings,49,37
conveying,49,46
high-torque,49,41
restrained,49,28
abdomen,49,37
cortex,49,43
kicking,49,30
bevel,49,37
microtool,49,18
neuronal,49,33
motor-driven,49,38
under-actuation,49,42
accidental,49,47
regolith,49,31
mechanics-based,49,43
babbling,49,19
evacuation,49,24
forward-looking,49,44
gecko-inspired,49,38
decode,49,47
clf,49,29
plethora,49,49
winning,49,43
teammate,49,32
ocp,49,27
denser,49,41
corpus,49,46
swallowing,49,16
inliers,49,38
pioneering,49,49
biopsies,49,42
robot-specific,49,45
reciprocating,49,44
confocal,49,38
re-identification,49,29
retention,49,44
thor,49,45
cyber-physical,49,41
infty,49,33
in-the-wild,49,41
radar-based,49,42
transduction,48,45
proposition,48,34
ingredient,48,48
strides,48,48
discarding,48,48
orientational,48,36
laid,48,48
tray,48,35
impart,48,47
longest,48,41
generalised,48,45
stereovision,48,41
fulfills,48,48
linearize,48,47
deadlock-free,48,38
open-chain,48,41
constituted,48,48
optional,48,48
tweezer,48,27
housing,48,47
abnormalities,48,41
scripts,48,42
whole-arm,48,43
comprehend,48,47
reducer,48,31
laying,48,46
slicing,48,33
ridges,48,32
femur,48,35
abstracts,48,48
ill-posed,48,45
admit,48,44
allocates,48,48
instructed,48,47
detectable,48,47
weaker,48,45
braided,48,36
tractor-trailer,48,33
self-locking,48,34
cost-effectiveness,48,47
profiling,48,41
notoriously,48,48
utilises,48,48
rpm,48,44
fills,48,48
customize,48,48
mammals,48,44
amp,48,22
micro-robot,48,29
visibility-based,48,44
behavioural,48,39
powers,48,45
caster,48,40
utilise,48,48
regeneration,48,34
infants,48,30
prms,48,35
elusive,48,48
efficiencies,48,47
pheromone,48,20
robot-aided,48,42
reefs,48,41
chatter,48,17
lasers,48,41
field-based,48,46
regularities,48,36
electro-mechanical,48,39
spend,48,48
jitter,48,42
fmri,48,22
asks,48,45
specificity,48,43
vcm,48,20
pages,48,39
consumer-grade,48,44
permanent-magnet,48,46
assist-as-needed,48,45
aan,48,18
grayscale,48,40
cardiovascular,48,39
adls,48,31
gpu-based,48,43
notes,48,34
acc,48,20
eha,48,16
throttle,48,39
single-frame,48,35
subject-specific,48,38
adas,48,34
mvs,48,21
rearranging,48,45
witnessed,48,48
multiphysics,48,36
resnet,48,46
drl-based,48,41
srm,48,15
instants,47,44
spirit,47,46
synergistically,47,47
overlay,47,36
poisson,47,45
hypothetical,47,43
machined,47,44
shuttle,47,36
preshaping,47,32
sine,47,44
cosine,47,42
humidity,47,32
revised,47,44
pictures,47,41
mhz,47,39
competent,47,43
inversely,47,44
guards,47,20
permissible,47,41
all-terrain,47,46
preplanned,47,44
depict,47,46
obstacle-avoidance,47,43
rationale,47,44
characterizations,47,43
egg,47,39
n-dimensional,47,39
plots,47,38
visualizing,47,44
diffuse,47,39
open-ended,47,41
omega,47,28
pollution,47,38
recognise,47,45
multimedia,47,38
tailor,47,46
emulated,47,44
unmapped,47,36
persistently,47,45
microns,47,35
large-area,47,34
bars,47,38
giant,47,37
titan,47,30
experience-based,47,35
dragging,47,38
disruption,47,41
above-mentioned,47,47
deliberate,47,45
four-wheel,47,42
walked,47,43
discharge,47,40
spanned,47,41
railway,47,31
up-to-date,47,44
proprietary,47,42
hereby,47,47
fdi,47,25
expansive,47,45
rose,47,14
differentiating,47,46
novelties,47,46
saw,47,31
thrown,47,42
demining,47,32
hashing,47,38
cascading,47,43
opponents,47,32
relieve,47,45
shank,47,36
near-infrared,47,42
linux,47,38
nanotube,47,36
compressing,47,44
lipschitz,47,31
elicit,47,45
pervasive,47,44
robonaut,47,29
propelling,47,40
tablet,47,36
cogging,47,24
ipc,47,27
somatosensory,47,32
brain-computer,47,44
groundwork,47,47
offloading,47,27
intracellular,47,25
harvesters,47,31
eth,47,45
mover,47,29
winds,47,42
legible,47,31
wake,47,32
clique,47,31
exosuits,47,31
d-to,47,27
certificate,47,28
demos,47,44
personalization,47,34
covid,47,38
nuanced,47,46
overlapped,46,40
multi-sensory,46,37
unknowns,46,36
emitting,46,46
six-dimensional,46,44
differentiated,46,42
navigator,46,32
revision,46,34
say,46,46
tangible,46,36
manned,46,38
eventual,46,46
unmodified,46,43
funnel,46,28
correlates,46,45
obviously,46,46
instantiated,46,43
five-fingered,46,42
discretizing,46,45
detach,46,42
flexible-link,46,37
press,46,34
cross-coupling,46,33
two-port,46,32
actuations,46,41
plausibility,46,44
parent,46,33
micron,46,40
corruption,46,36
involuntary,46,38
antipodal,46,30
consequent,46,46
high-efficiency,46,45
prospective,46,45
native,46,44
nomad,46,41
information-based,46,42
surprising,46,45
certify,46,44
afforded,46,45
recycling,46,38
pairing,46,42
asd,46,15
analogue,46,42
sciences,46,42
wood,46,39
rating,46,42
hyperbolic,46,36
doctor,46,29
dem,46,22
frozen,46,40
concatenation,46,45
spring-mass,46,36
biofeedback,46,21
dome,46,25
waveforms,46,33
minimalist,46,45
crs,46,27
refresh,46,25
twists,46,38
creative,46,33
ankles,46,37
causality,46,34
poly,46,38
centimeter-level,46,43
trunks,46,37
canal,46,24
mice,46,30
bins,46,36
piles,46,38
cultural,46,34
sustainability,46,40
boosted,46,45
disconnected,46,42
tapered,46,29
arts,46,42
imm,46,24
glasses,46,37
pressurization,46,41
jellyfish,46,20
professionals,46,44
quaternion-based,46,38
visual-based,46,42
brick,46,30
autism,46,23
vision-aided,46,39
claws,46,26
cart-pole,46,41
pde,46,29
hydrogels,46,32
srls,46,15
distilled,46,43
fabric-based,46,32
tactip,46,32
ade,46,24
language-guided,46,38
mrow,46,9
amb,46,20
programmer,45,40
documentation,45,42
supplemented,45,44
initiation,45,38
occurrences,45,39
additions,45,39
obtainable,45,44
sketches,45,26
identities,45,39
dexterously,45,45
arriving,45,45
unusual,45,43
interleaved,45,38
undetected,45,42
letters,45,39
acute,45,38
pillar,45,25
video-based,45,39
dominate,45,44
dis,45,39
sake,45,45
lyapunov's,45,45
compensators,45,34
attachments,45,39
denotes,45,40
subassembly,45,27
suffered,45,45
penetrate,45,40
brownian,45,32
bifurcations,45,37
beta,45,31
two-dof,45,38
outer-loop,45,37
broadband,45,38
wall-following,45,36
implants,45,36
environment's,45,42
advocate,45,45
interprets,45,44
desert,45,38
levenberg-marquardt,45,45
tooth,45,23
sealing,45,37
state-based,45,39
prevalence,45,45
securing,45,39
acrobot,45,29
sawyer,45,37
selector,45,36
signaling,45,36
niti,45,25
grab,45,38
shortcoming,45,45
laparoscopy,45,30
coast,45,34
micromachining,45,35
finger's,45,37
revisited,45,42
rectify,45,44
headings,45,43
fsm,45,26
transmissibility,45,25
predominant,45,44
trolley,45,28
closes,45,45
visco-elastic,45,29
shielding,45,38
skating,45,18
absorbing,45,41
single-point,45,40
rectified,45,40
yeast,45,31
skid-steer,45,25
alternately,45,45
foreign,45,31
skid,45,32
lap,45,34
sqp,45,36
foliage,45,34
foods,45,31
galloping,45,31
skid-steered,45,30
unlabelled,45,36
bacterial,45,37
multi-mode,45,34
intense,45,42
durable,45,42
adherent,45,21
swap,45,39
artistic,45,33
rbpf,45,31
timestep,45,38
doa,45,24
intra-class,45,35
high-voltage,45,37
raven,45,34
mri-compatible,45,31
bernoulli,45,33
electroadhesion,45,25
communicative,45,37
user-specific,45,37
quadrocopter,45,27
super-twisting,45,35
sequence-based,45,35
tcas,45,15
mas,45,21
wbc,45,22
distill,45,42
preference-based,45,31
attacker,45,25
isaac,45,40
graphically,44,43
junctions,44,33
structuring,44,43
standpoint,44,43
overconstrained,44,33
computed-torque,44,34
fixed-point,44,29
equivalently,44,44
initiative,44,41
talk,44,29
unsatisfactory,44,43
sixteen,44,40
company,44,41
broaden,44,44
realizations,44,37
representational,44,43
border,44,38
dos,44,21
taxels,44,28
instantly,44,42
mitsubishi,44,37
damp,44,41
bandwidths,44,42
joined,44,42
vol,44,43
suckers,44,27
clothoid,44,23
helped,44,43
nut,44,31
injecting,44,44
amr,44,21
tendon-sheath,44,32
discs,44,35
higher-dimensional,44,42
caterpillar,44,32
clients,44,26
thereof,44,44
diminishing,44,43
reflector,44,25
permitted,44,42
nonrigid,44,33
sponge,44,24
rolls,44,39
low-friction,44,37
bldc,44,22
occasionally,44,44
aqueous,44,42
penalties,44,39
observational,44,39
ending,44,43
icpf,44,22
der,44,38
range-based,44,34
pressed,44,41
credit,44,35
environmentally,44,41
ctrs,44,19
suites,44,40
sawing,44,16
geological,44,32
micropump,44,12
inexperienced,44,41
bug,44,25
week,44,39
soils,44,32
thorax,44,33
view-based,44,29
resin,44,35
inter-frame,44,41
coarsely,44,44
fluent,44,40
opt,44,27
questionnaires,44,39
civil,44,40
revisits,44,39
off-board,44,42
naturalness,44,33
multispectral,44,25
fulfillment,44,37
panorama,44,26
flow-based,44,39
inextensible,44,42
speakers,44,34
myopic,44,40
laminar,44,25
esd,44,15
alignments,44,42
recruited,44,44
bits,44,30
approach's,44,44
non-destructive,44,40
hdr,44,22
marker-based,44,38
downsampling,44,35
smartphones,44,34
surfel,44,24
cross-entropy,44,41
imbalanced,44,34
dqn,44,28
lidar-only,44,35
bi-level,44,38
mbrl,44,23
domain-invariant,44,36
in-context,44,35
recalibration,43,35
facets,43,36
bracing,43,26
thicknesses,43,39
rounds,43,29
cpm,43,14
rcc,43,21
formulae,43,38
coordinate-free,43,40
thin-walled,43,30
chamfer,43,35
delaunay,43,37
labs,43,40
openings,43,36
memory-based,43,37
charged,43,39
subassemblies,43,26
enforcement,43,36
decline,43,40
bootstrapping,43,39
shortening,43,43
innate,43,39
human-scale,43,37
transitional,43,35
memories,43,39
sensible,43,42
subdivision,43,38
fulfil,43,43
accumulates,43,42
slim,43,37
assuring,43,42
post-impact,43,25
penalizing,43,42
miss,43,39
staying,43,42
intend,43,42
clinician,43,36
ceilings,43,36
tms,43,27
tipping,43,34
smt,43,25
leaks,43,35
linear-quadratic,43,39
attract,43,43
quantum,43,21
fresh,43,41
invaluable,43,43
force-displacement,43,35
speedups,43,41
deliberately,43,43
nanorobot,43,19
ghz,43,39
melting,43,40
prism,43,27
lmi,43,36
optoelectronic,43,30
undirected,43,35
photo,43,33
academia,43,42
infant,43,23
invasiveness,43,36
young's,43,37
periodical,43,42
locomoting,43,41
in-field,43,34
momentum-based,43,39
fdm,43,28
biaxial,43,32
homographies,43,28
breakdown,43,40
superelastic,43,37
mismatched,43,32
ecosystem,43,37
orthotic,43,33
ecosystems,43,37
nanowires,43,25
life-sized,43,35
porous,43,31
nylon,43,42
peas,43,20
gusts,43,37
flagella,43,22
task-driven,43,31
high-dynamic,43,36
pre-existing,43,43
cdm,43,16
vsas,43,27
hyq,43,33
bot,43,28
wearability,43,38
per-pixel,43,36
mid-air,43,32
beamforming,43,28
unpaired,43,31
mde,43,14
generalist,43,35
rgb-based,43,35
eso,43,24
fogros,43,6
uam,43,13
moderately,42,41
van,42,37
cat,42,33
referenced,42,40
amplifiers,42,35
speaking,42,40
contrasts,42,42
keys,42,41
substantiated,42,42
assured,42,42
nasa's,42,38
pulsed,42,33
issued,42,40
theorems,42,36
optically,42,40
wafers,42,26
mass-spring,42,35
lqg,42,30
workshop,42,28
rearrange,42,40
derivations,42,42
extrusion,42,21
afford,42,41
computable,42,40
disturb,42,41
electrorheological,42,32
gently,42,41
blend,42,42
phi,42,25
tessellation,42,33
subsumption,42,39
breakthrough,42,40
intermittently,42,40
cpus,42,39
seeing,42,42
evasive,42,33
expedite,42,42
loader,42,29
objectively,42,39
tires,42,35
irradiation,42,34
rider,42,25
hash,42,34
restitution,42,32
tsm,42,17
allocations,42,33
multi-state,42,42
lumbar,42,27
knife,42,23
gesture-based,42,33
annular,42,29
four-wheeled,42,41
bags,42,32
extraterrestrial,42,37
disasters,42,39
terminals,42,34
five-link,42,37
mid,42,32
fluorescence,42,28
haptically,42,37
semi-automatic,42,36
self-collisions,42,40
cockroach,42,24
diaphragm,42,30
playback,42,28
wheel-terrain,42,36
chest,42,36
small-size,42,39
optimising,42,41
milestone,42,41
energetics,42,35
squatting,42,33
retractable,42,33
web-based,42,37
shortened,42,39
implantable,42,31
mesoscale,42,31
earthquake,42,31
hard-to-reach,42,40
paralyzed,42,35
arteries,42,31
microobjects,42,27
qos,42,20
flock,42,28
weakness,42,40
crashes,42,35
two-way,42,39
volunteer,42,37
pdf,42,27
herding,42,23
assurance,42,38
ode,42,33
robot-robot,42,35
self-powered,42,34
braille,42,21
mpm,42,18
traversals,42,39
arch,42,21
sloshing,42,19
localizability,42,25
surf,42,32
centimeter-scale,42,36
impedes,42,42
crafted,42,42
workflows,42,37
dep,42,16
electro-hydraulic,42,30
holographic,42,27
orchards,42,30
counterbalance,42,19
halbach,42,30
infection,42,30
snapping,42,24
headset,42,34
compounding,42,37
curiosity,42,29
rebalancing,42,18
wheeled-legged,42,33
auto-encoder,42,34
captioning,42,25
gen,42,38
millimeter-wave,42,36
cbs,42,23
tpu,42,29
recognizer,41,27
columns,41,35
memorized,41,28
constituting,41,40
enumeration,41,34
everywhere,41,39
centroids,41,31
unmeasurable,41,32
suppresses,41,41
payoff,41,26
sink,41,30
therein,41,41
compliances,41,28
hurdle,41,40
markovian,41,33
non-adaptive,41,38
oblique,41,34
discrete-event,41,38
clarifies,41,41
configuration-space,41,37
conformity,41,30
characterise,41,37
threaded,41,25
varieties,41,36
map-building,41,36
anns,41,29
microgrippers,41,23
depicted,41,40
recursion,41,39
unification,41,36
negatives,41,33
originality,41,41
graceful,41,31
poe,41,22
unexpectedly,41,40
incompletely,41,23
lifts,41,39
detachable,41,36
imprecision,41,36
arrange,41,39
rubbing,41,25
inhomogeneous,41,38
generalise,41,38
splits,41,37
cold,41,37
bezier,41,34
crawlers,41,28
beside,41,40
mle,41,31
informs,41,39
motor's,41,38
slides,41,40
inclines,41,33
cohesive,41,33
cornerstone,41,41
pre-programmed,41,39
mahalanobis,41,34
neural-network-based,41,37
fuselage,41,31
deploys,41,40
pupil,41,18
telesurgery,41,30
particle-based,41,34
overactuated,41,27
staircases,41,31
footpads,41,22
eyeball,41,26
rtk,41,38
bowel,41,23
fab,41,19
bite,41,22
paralysis,41,29
subgroups,41,30
deposited,41,35
periodicity,41,38
discern,41,40
non-linearity,41,39
sms,41,12
ejection,41,28
preconditions,41,33
disposable,41,35
watching,41,38
lms,41,24
composable,41,32
tighter,41,40
flutist,41,16
occupy,41,41
confident,41,39
bluetooth,41,31
distractors,41,34
performant,41,40
cmp,41,14
airspeed,41,29
self-occlusion,41,36
sucker,41,17
best-performing,41,39
non-convexity,41,35
persist,41,40
resisting,41,36
collaborators,41,37
oocytes,41,26
unlock,41,40
gelatin,41,34
mocap,41,21
darkness,41,33
sentence,41,27
training-free,41,32
hexarotor,41,28
flower,41,18
groundtruth,41,38
instance-aware,41,29
morph,41,33
amodal,41,17
disinfection,41,14
dom,41,19
hallucination,41,22
deblurring,41,18
nerf-based,41,32
dual-branch,41,35
aoa,41,16
ref-type,41,34
capacitor,40,34
ascertain,40,40
denote,40,38
multisource,40,23
correspondingly,40,40
naively,40,40
astronaut,40,22
flowing,40,34
routed,40,35
preclude,40,40
denavit-hartenberg,40,40
journal,40,35
argument,40,40
redesigned,40,39
single-output,40,36
integrators,40,39
undergone,40,39
disrupt,40,39
orthogonally,40,39
nondeterministic,40,32
subgraphs,40,28
preprogrammed,40,36
regulators,40,35
fastening,40,31
load-carrying,40,36
hits,40,36
integrals,40,39
obeying,40,40
closeness,40,34
non-line-of-sight,40,39
torque-based,40,32
plug-in,40,31
kernel-based,40,36
hamilton-jacobi,40,40
prompted,40,40
deadlines,40,28
founded,40,40
indistinguishable,40,37
metrical,40,29
sigmoid,40,29
icra,40,35
power-to-weight,40,39
near-field,40,32
imager,40,27
opportunistic,40,38
astronauts,40,30
sandy,40,33
dissipated,40,37
perception-action,40,34
snapshot,40,31
compounded,40,40
pre-grasp,40,28
self-learning,40,35
morse,40,23
aside,40,38
shoes,40,26
void,40,29
cps,40,22
museum,40,30
function-based,40,39
neuro-fuzzy,40,29
alternates,40,40
emitted,40,39
nose,40,28
stereo-vision,40,37
abstracting,40,39
bats,40,27
north,40,36
micro-assembly,40,30
defenders,40,16
multidisciplinary,40,39
governs,40,39
non-static,40,29
trip,40,28
semi-markov,40,38
standing-up,40,15
reef,40,25
wooden,40,34
civilian,40,38
acyclic,40,34
jets,40,35
motion-based,40,37
ghost,40,23
hexapedal,40,37
usb,40,31
spikes,40,27
two-segment,40,37
asimo,40,34
market-based,40,31
deficits,40,35
cohesion,40,33
cannulation,40,28
cadaver,40,37
evidenced,40,39
heteroscedastic,40,35
mrta,40,18
suspensions,40,31
boats,40,31
fbgs,40,26
vicon,40,40
hog,40,30
parse,40,35
high-cost,40,35
powertrain,40,26
complicating,40,40
gaming,40,35
paretic,40,25
high-rate,40,35
shunt,40,19
denied,40,38
risk-sensitive,40,28
superpixels,40,26
bronchoscope,40,20
claw,40,21
transformative,40,35
avm,40,14
allegro,40,38
dart,40,20
aerial-aquatic,40,24
larvae,40,21
electroadhesive,40,23
counterfactual,40,30
legibility,40,22
seq,40,18
cvar,40,21
bistability,40,28
minimising,39,38
nns,39,28
surveyed,39,37
argued,39,37
streamline,39,39
servoed,39,34
tile,39,27
lengthy,39,39
latencies,39,35
non-deterministic,39,33
hill,39,31
one-dof,39,34
breakage,39,26
discretely,39,32
meanings,39,35
promoted,39,38
exception,39,37
n-dof,39,26
ultra,39,37
gearing,39,30
maximum-likelihood,39,34
multichannel,39,27
incurred,39,38
nonplanar,39,34
collinear,39,27
hydrogen,39,26
four-degree-of-freedom,39,39
confirmation,39,34
correlating,39,39
concert,39,39
regulatory,39,32
invertible,39,36
quasi,39,32
excessively,39,38
end-user,39,36
mutation,39,33
opposition,39,29
logic-based,39,38
stimulated,39,36
enumerate,39,36
surround,39,33
freedoms,39,35
unfavorable,39,39
encapsulates,39,39
dot,39,28
chemicals,39,37
heuristic-based,39,37
multi-functional,39,37
selections,39,38
washing,39,26
single-image,39,31
tentacles,39,30
activates,39,39
saturations,39,30
human-to-robot,39,33
aperiodic,39,29
contingencies,39,30
centering,39,30
unloaded,39,36
sampled-data,39,30
tours,39,27
instruct,39,38
high-rise,39,30
kaist,39,36
preliminarily,39,38
wasted,39,34
coaching,39,18
impedance-based,39,37
malfunction,39,34
rails,39,28
micromanipulators,39,31
inefficiencies,39,39
unmatched,39,38
noncooperative,39,27
leaping,39,26
softer,39,35
ptz,39,18
microtools,39,23
auto,39,33
organism,39,30
bypassing,39,37
bsp,39,18
non-flat,39,32
gender,39,26
latching,39,24
mood,39,16
deviates,39,38
zero-moment,39,39
low-profile,39,36
motion-capture,39,39
anthropomorphism,39,25
fetal,39,13
machine-learning,39,36
tions,39,39
mud,39,23
low-texture,39,32
nmms,39,8
orthoses,39,31
unnatural,39,39
quasi-passive,39,30
cages,39,27
feedback-based,39,36
justin,39,31
proficient,39,37
busy,39,35
surprise,39,24
micro-aerial,39,39
quadrotor's,39,30
billion,39,36
coman,39,33
keyframe-based,39,33
ablations,39,38
gmms,39,27
decoders,39,32
memory-efficient,39,37
rrt-connect,39,27
flipper,39,15
sweet,39,21
metamaterials,39,27
auxetic,39,20
frees,39,22
weeding,39,18
tdpa,39,15
multicopters,39,27
graspnet,39,35
data-based,39,34
cal,39,24
proliferation,38,38
crossings,38,30
alters,38,38
routinely,38,38
floating-point,38,33
computer-controlled,38,38
cms,38,22
nonlinearly,38,35
energies,38,36
indeterminate,38,31
mathematics,38,37
bump,38,29
single-input,38,36
resides,38,38
in-parallel,38,30
one-link,38,35
stiction,38,26
prespecified,38,36
elsewhere,38,38
simplicial,38,25
interconnections,38,35
gratings,38,37
department,38,37
esm,38,11
tetrahedral,38,31
evoked,38,30
coal,38,25
ceramic,38,33
np-complete,38,37
finely,38,38
chaos,38,25
extremal,38,24
verifications,38,38
propositions,38,32
referential,38,23
semi-active,38,29
faithfully,38,37
end-effector's,38,35
orin,38,34
quicker,38,37
identifier,38,26
hints,38,36
contacted,38,35
sharpness,38,31
endeavor,38,38
trapezoidal,38,32
fragility,38,38
six-degrees-of-freedom,38,37
ran,38,33
agent-based,38,33
joint-level,38,36
textural,38,32
trading,38,37
heated,38,32
characterisation,38,33
joysticks,38,36
ago,38,38
drum,38,25
microfabrication,38,38
excavators,38,30
chairs,38,32
phalanx,38,30
interactivity,38,32
armature,38,16
shape-changing,38,30
stereo-based,38,34
lmis,38,26
world's,38,38
lugre,38,29
supervisors,38,30
over-actuated,38,27
ants,38,33
compressor,38,34
projectile,38,27
asteroid,38,20
scan-matching,38,31
stair-climbing,38,22
quotient,38,23
sub-optimality,38,35
kullback-leibler,38,38
pronking,38,25
shocks,38,36
aps,38,20
commit,38,24
manners,38,37
sends,38,34
velocity-based,38,32
mere,38,38
roadside,38,21
hall-effect,38,32
rrt-based,38,32
injections,38,29
lifespan,38,30
coexist,38,38
handwriting,38,27
destructive,38,32
loop-closing,38,29
neighbouring,38,33
compromises,38,37
dorsiflexion,38,30
hemisphere,38,25
trainees,38,31
wheel-leg,38,25
off-axis,38,28
electrothermal,38,23
veins,38,24
manta,38,14
robot-to-robot,38,32
shannon,38,23
microchannels,38,27
co-optimization,38,25
trans,38,27
gpu-accelerated,38,35
sclera,38,18
squat,38,21
mfc,38,18
state-of-the-arts,38,38
gnns,38,27
mhe,38,15
blurry,38,26
curated,38,34
iit,38,30
trustworthy,38,34
mecanum,38,20
dcnn,38,17
distributionally,38,23
certifiably,38,24
mamba,38,23
invoked,37,37
relocating,37,36
readout,37,31
discarded,37,37
changeable,37,30
symbolically,37,37
task's,37,36
parameterizing,37,37
executive,37,28
task-dependent,37,34
microseconds,37,35
recommend,37,36
ribbon,37,17
summer,37,32
rack,37,28
unresolved,37,36
enjoys,37,37
gripped,37,36
neural-network,37,33
pavement,37,24
supplying,37,35
isolating,37,36
spontaneously,37,35
nice,37,37
destabilizing,37,35
malfunctions,37,31
joint's,37,33
mandatory,37,37
dependability,37,25
exhaustively,37,37
grabbing,37,32
duplicate,37,29
two-degrees-of-freedom,37,36
vehicle-manipulator,37,34
dictated,37,37
summation,37,36
pinpoint,37,34
pcr,37,19
energy-optimal,37,24
inflexible,37,37
accepting,37,33
drivetrain,37,26
female,37,33
drs,37,15
spider,37,22
bonded,37,34
germany,37,35
reconfigurations,37,32
microcontrollers,37,35
floorplan,37,13
trait,37,30
china,37,36
non-linearities,37,31
uncoupled,37,34
component-based,37,29
forceful,37,29
incorrectly,37,37
forklift,37,22
alterations,37,36
tempo,37,18
handing,37,30
gun,37,24
wedge,37,21
transcription,37,31
ladar,37,24
stainless,37,31
impression,37,32
bespoke,37,35
ripples,37,23
freezing,37,30
dgps,37,22
uninterrupted,37,34
chemistry,37,31
nanostructures,37,28
fir,37,14
augmentations,37,29
exemplify,37,36
launched,37,37
suits,37,32
micromotor,37,21
helper,37,20
carotid,37,24
airports,37,34
restored,37,34
caregivers,37,31
toys,37,29
dive,37,34
usar,37,26
attractors,37,31
semi,37,33
microorganisms,37,21
bvp,37,18
peristalsis,37,29
telemetry,37,31
air-ground,37,22
protected,37,31
peer-to-peer,37,34
fishes,37,31
whegs,37,17
human-guided,37,22
multi-user,37,26
digestive,37,27
hand-designed,37,37
breeding,37,18
ducted,37,23
dilated,37,34
multibeam,37,29
reliant,37,37
searcher,37,17
redistribution,37,34
eccentricity,37,22
axially,37,36
co-occurrence,37,34
ultraviolet,37,37
bodily,37,24
ttc,37,14
syringe,37,32
mannequin,37,28
rmis,37,20
vibrator,37,18
lda,37,22
expressivity,37,27
filming,37,17
compresses,37,37
self-developed,37,37
part-based,37,24
multi-floor,37,24
consensus-based,37,34
conversations,37,31
timestamps,37,32
beetle,37,23
table-top,37,35
corruptions,37,20
language-driven,37,25
episode,37,30
enabler,37,37
footpad,37,17
keypoint-based,37,33
frontend,37,31
esdf,37,24
cvae,37,23
contact-implicit,37,29
ilqr,37,28
encodings,37,29
metric-semantic,37,22
single-task,37,27
vision-and-language,37,30
guidewires,37,30
ems,37,12
lce,37,12
rigid-soft,37,24
meticulously,37,37
useless,36,36
exclusion,36,34
contrasting,36,36
thrusts,36,33
concatenated,36,35
wrist-mounted,36,33
serial-link,36,32
raster,36,28
increments,36,32
computerized,36,32
workcells,36,32
occupational,36,30
begun,36,35
sub-pixel,36,32
re-grasping,36,28
freespace,36,18
look-up,36,31
angled,36,27
state-estimation,36,30
unambiguous,36,35
multijoint,36,33
feeds,36,35
orthogonality,36,30
enclosure,36,29
reversibility,36,29
zeros,36,22
sustaining,36,32
registers,36,36
mediated,36,34
monotonicity,36,22
resonances,36,26
retrieves,36,36
line-based,36,32
crossed,36,32
rtx,36,33
cords,36,29
spool,36,22
existed,36,36
restores,36,34
recreate,36,33
long-duration,36,36
inclinations,36,35
centrally,36,34
ntu,36,23
lubrication,36,20
qualified,36,34
trades,36,35
coronary,36,32
won,36,34
synchronizes,36,36
maglev,36,20
limbless,36,18
disposal,36,34
lowered,36,35
gauss,36,31
template-based,36,30
quasi-steady,36,29
bipartite,36,28
bathymetry,36,26
nurses,36,20
aged,36,30
golf,36,22
diversified,36,35
scaffolds,36,24
sdr,36,17
alert,36,31
coffee,36,27
bird's-eye,36,35
hair,36,21
alleviated,36,34
piezo-actuated,36,24
wingspan,36,35
atmosphere,36,32
brain-machine,36,31
free-flight,36,30
robot-human,36,33
single-shot,36,32
bevel-tip,36,28
ipm,36,22
wheel-soil,36,21
collectives,36,22
via-points,36,21
multimodality,36,33
reacts,36,36
fixed-lag,36,25
wearers,36,23
maturity,36,35
roa,36,13
thoracic,36,27
exoskeleton's,36,33
mrr,36,12
streets,36,32
acrobatic,36,30
flap,36,24
superpixel,36,20
topometric,36,19
recruitment,36,21
favored,36,34
timesteps,36,30
magneto-rheological,36,30
degeneration,36,34
ligaments,36,30
isp,36,9
epm,36,14
exemplar,36,32
colorectal,36,29
crowdsourcing,36,25
reversibly,36,35
autoencoders,36,33
sos,36,22
clearpath,36,36
promps,36,16
dagger,36,23
jigsaws,36,30
on-policy,36,30
risk-averse,36,25
vins-mono,36,24
strawberries,36,18
subretinal,36,15
targetless,36,29
microswarm,36,9
vic,36,13
wi-fi,36,19
robotpsilas,36,30
mapd,36,8
polyvinylidene,35,35
fluoride,35,35
decisional,35,30
inverting,35,34
fifth,35,34
traced,35,34
grips,35,24
conjugate,35,31
lumped-parameter,35,33
reflectors,35,21
graph-theoretic,35,31
lan,35,29
schemas,35,19
sdfs,35,26
facts,35,35
asymptotical,35,35
ram,35,29
lagrange's,35,31
workloads,35,29
hinged,35,28
force-guided,35,28
framing,35,33
calibrates,35,34
mammalian,35,33
shape-memory,35,28
interlocking,35,28
setpoints,35,29
compiled,35,35
stepwise,35,31
faithful,35,35
parametrically,35,35
entrance,35,25
kinematics-based,35,29
snapshots,35,33
resets,35,24
complying,35,34
refueling,35,20
tunneling,35,20
animated,35,33
appeal,35,35
identifiability,35,25
semi-automated,35,31
disappear,35,33
imminent,35,34
stimulating,35,31
asc,35,11
planets,35,35
adjoint,35,23
parallelizable,35,34
elephant,35,31
intervene,35,33
intends,35,35
multiclass,35,25
circumventing,35,35
rrr,35,29
improper,35,34
kick,35,27
lossless,35,28
climate,35,33
spring-like,35,28
likewise,35,35
departments,35,33
bumps,35,33
excitations,35,30
enlarges,35,35
encapsulating,35,35
immobilizing,35,26
microfabricated,35,34
cilia,35,13
utmost,35,35
misaligned,35,33
synaptic,35,25
specialised,35,32
immersed,35,34
profound,35,35
calligraphy,35,14
don't,35,34
breakthroughs,35,35
jacobian-based,35,34
resistor,35,32
benthic,35,31
micromachined,35,31
shield,35,31
tubing,35,23
gearboxes,35,30
microparts,35,22
biochemical,35,24
noise-free,35,32
turbulence,35,32
canceling,35,31
skeletons,35,34
mer,35,16
elicited,35,30
posit,35,35
robot-centric,35,29
graft,35,21
algorithmically,35,34
lite,35,28
conservatively,35,34
originated,35,34
rural,35,30
compressibility,35,29
triangulated,35,35
heater,35,18
garage,35,32
originate,35,34
spectroscopy,35,30
biceps,35,33
inverter,35,24
apples,35,18
knotting,35,14
foil,35,23
dancing,35,26
extractors,35,30
gust,35,24
pedicle,35,14
kidnapped,35,34
chances,35,34
self-excited,35,21
anxiety,35,15
aspiration,35,25
pvc,35,18
geo-localization,35,19
overconfident,35,33
self-alignment,35,23
mitral,35,15
demonstrators,35,30
fork,35,25
liposome,35,10
scissor,35,25
human-populated,35,33
complementing,35,35
reception,35,30
mnps,35,9
initializing,35,35
octomap,35,21
printers,35,31
yumi,35,32
object-specific,35,33
preintegrated,35,23
non-differentiable,35,34
goal-reaching,35,32
ferrofluid,35,18
fallback,35,28
stein,35,22
archival,35,35
formats,34,32
die,34,28
quadtree,34,25
luminance,34,23
dolphin,34,14
clamps,34,28
multilegged,34,26
rotation-invariant,34,25
servomechanism,34,24
imaginary,34,23
predicate,34,24
keyboard,34,31
xyz,34,23
multistep,34,34
singulation,34,22
pegs,34,29
sunlight,34,30
plural,34,28
high-stiffness,34,29
embody,34,34
silhouettes,34,23
invoking,34,34
maxima,34,28
euler-bernoulli,34,32
cor,34,14
poincare,34,27
mass-spring-damper,34,33
dependable,34,33
preloading,34,19
gathers,34,34
autofocusing,34,20
pusher,34,21
blends,34,31
position-dependent,34,30
clarity,34,33
exceptionally,34,34
containment,34,25
aggressively,34,33
fft,34,28
shrink,34,33
micro-object,34,22
dispensing,34,18
airport,34,28
flc,34,18
disruptive,34,33
rigid-flexible,34,29
gvg,34,12
copes,34,33
ecology,34,21
inc,34,32
inherited,34,34
diamond,34,21
intravascular,34,27
acceptability,34,30
computer-assisted,34,33
outlet,34,25
california,34,33
tough,34,34
fallen,34,28
unfeasible,34,33
robot-object,34,31
exclusive,34,34
comfortably,34,34
pet,34,21
wip,34,17
south,34,31
jammed,34,27
high-pressure,34,31
midair,34,27
lean,34,29
death,34,34
low-bandwidth,34,34
imagination,34,25
unintentional,34,29
semi-definite,34,31
add-on,34,28
acquisitions,34,27
strengthening,34,31
permanently,34,34
language-based,34,31
harbor,34,31
sick,34,31
gravel,34,31
commented,34,34
meso-scale,34,25
interruptions,34,26
ego-centric,34,30
rmp,34,22
bws,34,10
circumvents,34,34
cortical,34,27
rainy,34,24
palsy,34,29
low-complexity,34,30
handshake,34,18
mse,34,31
ioc,34,17
winches,34,23
originates,34,34
colregs,34,17
listening,34,28
full-sized,34,34
encouraged,34,34
mcs,34,13
disengagement,34,17
muscle-tendon,34,23
ids,34,25
insertable,34,18
atlanta,34,14
prandtl-ishlinskii,34,31
diminished,34,31
pretension,34,28
bottles,34,28
ica,34,16
co-manipulation,34,27
peer,34,29
task-aware,34,22
plugged,34,31
metadata,34,25
mock,34,31
non-local,34,23
downwash,34,20
rethink,34,34
app,34,25
multi-domain,34,27
in-place,34,29
husky,34,29
modelnet,34,28
farms,34,29
raspberry,34,30
q-network,34,29
under-explored,34,34
geometry-aware,34,30
fostering,34,34
pointnet,34,27
bathing,34,15
loam,34,22
yolo,34,29
multiobject,34,22
informing,34,34
reach-avoid,34,16
heatmap,34,26
e-skin,34,12
bi-copter,34,11
cpt,34,9
advertisement,34,34
one's,33,30
unacceptable,33,33
time-delays,33,24
clay,33,24
conforms,33,32
queueing,33,20
diminish,33,33
implying,33,31
comments,33,28
subclass,33,32
maneuvered,33,32
requisite,33,33
odd,33,19
eleven,33,33
ccr,33,7
specialization,33,31
expansions,33,29
manufacturer,33,31
pfc,33,12
bench-top,33,32
deflected,33,27
paying,33,32
eps,33,14
two-view,33,28
alteration,33,31
unpowered,33,31
modulo,33,31
hallways,33,31
obscured,33,33
digits,33,25
range-finder,33,29
soundness,33,31
model-driven,33,32
telescoping,33,25
crisp,33,21
automates,33,33
repetitions,33,31
nodal,33,30
fixes,33,30
stratified,33,26
motivations,33,31
sub-systems,33,28
co-contraction,33,24
utilised,33,33
conveyance,33,18
trajectory-based,33,33
enterprises,33,31
decommissioning,33,28
deictic,33,20
sit,33,25
runner,33,21
reversing,33,30
detaching,33,27
in-air,33,24
notice,33,32
hand-over,33,19
gene,33,23
mono,33,28
dissimilarity,33,32
fibre,33,21
insufficiently,33,32
honda,33,33
retracting,33,30
magnetostrictive,33,17
geodesics,33,20
backhoe,33,11
irregularity,33,29
fts,33,11
unimorph,33,23
polystyrene,33,27
rigs,33,31
footprints,33,26
dough,33,16
diffraction,33,22
stewart-gough,33,30
cantilevers,33,29
robot-based,33,28
mosaics,33,28
vertebrae,33,26
hand-drawn,33,20
historically,33,33
marionette,33,11
convincing,33,29
medium-sized,33,31
pillars,33,29
iros,33,28
anatomically,33,33
peduncle,33,14
endodontic,33,6
revolutionized,33,33
semicircular,33,22
iekf,33,24
victim,33,22
multisection,33,18
artefacts,33,27
season,33,30
extrapolated,33,30
attentions,33,30
adversaries,33,26
teamwork,33,24
hemiplegic,33,25
trifocal,33,22
maximising,33,31
conduit,33,22
chose,33,33
pronation,33,26
interleaving,33,32
parameter-varying,33,29
winter,33,29
incompleteness,33,30
sourced,33,31
utterance,33,23
multi-core,33,29
waterproof,33,25
non-euclidean,33,30
initializations,33,27
primal-dual,33,30
phd,33,22
close-range,33,27
pddl,33,27
high-force,33,29
orb,33,29
vitreoretinal,33,28
motility,33,22
endomicroscopy,33,19
human-object,33,24
soft-robotic,33,25
flaps,33,21
silver,33,27
recipe,33,22
regularize,33,33
softhand,33,24
imagine,33,28
fluency,33,26
turn-taking,33,14
wasserstein,33,26
sod,33,10
sailing,33,14
texts,33,18
tomato,33,17
twins,33,31
mllms,33,16
terminate,32,30
unanticipated,32,31
programmers,32,30
widths,32,31
purposely,32,32
utah,32,26
reviewing,32,32
inter-vehicle,32,27
multiarm,32,24
business,32,29
defocus,32,19
certified,32,27
economically,32,31
flaws,32,28
minimax,32,22
documented,32,32
acoustical,32,20
three-degrees-of-freedom,32,32
jacobi,32,30
planet,32,26
srs,32,16
attenuated,32,30
implied,32,30
interdependence,32,27
vfh,32,11
trinocular,32,22
testbeds,32,28
contingent,32,26
fore,32,28
minkowski,32,23
convention,32,28
understandable,32,31
underway,32,29
tca,32,15
postprocessing,32,26
creeping,32,15
borders,32,25
washington,32,31
profit,32,27
femoral,32,21
cbr,32,11
ball's,32,23
quantifiable,32,31
accommodated,32,31
vergence,32,19
extrapolate,32,32
msec,32,24
doorway,32,24
ears,32,22
unsuccessful,32,32
monotonically,32,30
deficient,32,27
ams,32,20
snakeboard,32,16
longstanding,32,32
satisfiability,32,31
certification,32,23
plenty,32,32
diverge,32,32
copies,32,29
conflict-free,32,25
occupation,32,27
tool-tip,32,23
digitization,32,22
steam,32,19
ets-vii,32,18
fetching,32,26
lookahead,32,26
cerebellar,32,23
non-visual,32,25
documents,32,30
macroscale,32,30
use-case,32,31
dispersed,32,30
farther,32,30
piping,32,14
dwa,32,19
subgroup,32,25
penalizes,32,31
korea,32,28
collaborations,32,31
symbiotic,32,25
float,32,26
differentiator,32,24
set-valued,32,24
multisegment,32,26
leaning,32,29
polytopic,32,25
lips,32,23
hind,32,25
non-ideal,32,28
tendon-actuated,32,29
shaper,32,12
micromechanical,32,30
electrochemical,32,25
drinking,32,24
hausdorff,32,30
ring-shaped,32,28
charts,32,24
non-learning,32,25
exposes,32,32
tem,32,21
rls,32,25
shortest-path,32,30
bare,32,28
extraordinary,32,32
resource-limited,32,31
msr,32,18
everything,32,31
motile,32,25
iec,32,15
competitors,32,31
cadaveric,32,21
fnn,32,16
vehicle-to-vehicle,32,27
gmr,32,21
irreversible,32,28
ilp,32,20
birth,32,19
vehicle-mounted,32,31
single-cell,32,22
heel-strike,32,23
circulation,32,29
toe-off,32,25
pisa,32,28
microspheres,32,23
spoke,32,14
leader's,32,26
empowering,32,32
icr,32,18
flattening,32,20
competitively,32,32
rotary-wing,32,28
bees,32,26
mtb,32,10
pdw,32,9
concentric-tube,32,23
entanglement,32,22
needle-tissue,32,23
frame-work,32,32
myriad,32,31
pointclouds,32,26
in-wheel,32,27
point-clouds,32,24
hungarian,32,26
depth-based,32,31
regresses,32,31
transtibial,32,22
individualized,32,26
scene-level,32,27
control-affine,32,27
wrinkles,32,19
normalizing,32,26
densification,32,24
hindsight,32,23
gans,32,29
radar-inertial,32,24
surround-view,32,24
gnss-denied,32,26
in-distribution,32,24
optionally,31,31
dominates,31,31
on-going,31,31
pointwise,31,28
computer-based,31,29
individual's,31,30
oxide,31,26
histories,31,28
conception,31,30
mowing,31,22
underconstrained,31,29
d-h,31,15
multitasking,31,29
workplace,31,28
battery-powered,31,28
piloting,31,27
unrestricted,31,31
series-parallel,31,20
apriori,31,30
joint-angle,31,23
claimed,31,31
tunes,31,30
occupies,31,31
inherit,31,31
magic,31,19
redefined,31,29
ptp,31,17
resistors,31,28
millisecond,31,30
generalizations,31,28
extender,31,18
inactive,31,27
preprocessed,31,31
detectability,31,22
doorways,31,29
monopod,31,25
tap,31,28
fictitious,31,28
rejects,31,29
crossover,31,29
tau,31,12
uniaxial,31,30
laminate,31,25
apo,31,12
momenta,31,22
configuration-dependent,31,22
back-drivability,31,30
transporter,31,17
unavailability,31,30
pre-planned,31,29
canyons,31,28
sequenced,31,29
set-based,31,24
climbs,31,30
neighbourhood,31,29
leg's,31,28
fulcrum,31,17
smas,31,25
embodies,31,31
hypergraph,31,15
characterised,31,31
fish-eye,31,22
blindly,31,30
saccadic,31,20
scm,31,23
manoeuvrability,31,27
semi-global,31,31
min-max,31,25
sport,31,29
adheres,31,27
scissors,31,21
incompatible,31,31
unpredictably,31,30
tool-use,31,20
randomness,31,31
pathologies,31,28
variable-length,31,25
re-plan,31,29
mic,31,10
self-stabilizing,31,20
imitated,31,29
tread,31,24
till,31,31
structure's,31,29
approximator,31,25
micro-positioning,31,19
hook,31,24
displace,31,29
absorbs,31,30
rangefinders,31,30
asphalt,31,27
articulations,31,27
third-person,31,24
zeroing,31,27
residential,31,25
micro-manipulation,31,22
timestamp,31,20
rebound,31,23
renderings,31,29
toroidal,31,19
reverberation,31,23
island,31,28
congruent,31,21
self-generated,31,29
earthworm,31,22
fluoroscopic,31,24
gecko,31,24
multi-rate,31,21
cockroaches,31,27
harvard,31,31
arterial,31,23
towed,31,18
bidding,31,20
adaboost,31,29
time-independent,31,28
endeffector,31,25
optimistic,31,28
star-shaped,31,18
toes,31,27
corn,31,21
codebook,31,21
pla,31,24
inputting,31,31
exclude,31,30
afo,31,15
scaffolding,31,19
spring-based,31,29
unassisted,31,28
magnetotactic,31,17
tip-over,31,19
sub-maps,31,18
terramechanics,31,27
seated,31,25
unordered,31,27
societal,31,28
dual-motor,31,16
flips,31,23
spasticity,31,19
re-training,31,29
warped,31,28
neurorehabilitation,31,25
bots,31,8
knee-ankle,31,25
grocery,31,22
seqslam,31,21
single-port,31,23
multi-armed,31,29
license,31,29
time-frequency,31,28
multi-lidar,31,17
fragmented,31,26
elongate,31,27
affordability,31,28
capturability,31,19
burdens,31,28
regressing,31,30
hololens,31,26
lstm-based,31,30
tinyurl,31,31
har,31,14
equivariance,31,24
shape-morphing,31,22
perspective-n-point,31,31
mrmp,31,13
psnr,31,24
pandemic,31,29
maxillary,31,12
cav,31,19
vulnerabilities,31,22
nuplan,31,24
bearingless,31,15
impeded,30,30
topographic,30,22
four-dimensional,30,28
reinforcing,30,29
pipelined,30,24
panning,30,22
octrees,30,26
occlude,30,30
examinations,30,28
lawn,30,27
fundamentals,30,30
statement,30,29
doubling,30,27
clipping,30,21
homogeneity,30,28
roadway,30,26
painted,30,26
certainly,30,30
sidewalks,30,26
uncovered,30,30
diode,30,30
appropriateness,30,25
obstacle-crossing,30,21
remote-controlled,30,29
york,30,27
best-first,30,29
bypasses,30,30
well-behaved,30,26
interpreter,30,23
hamilton's,30,28
occasional,30,30
triplets,30,21
inhibit,30,30
pragmatic,30,28
dempster-shafer,30,26
inexact,30,28
relocate,30,27
uncomfortable,30,30
lyapunov-like,30,28
sculptured,30,18
force-sensitive,30,24
clockwise,30,25
hallway,30,24
fma,30,9
distinctiveness,30,28
plot,30,28
neglects,30,30
localizer,30,25
circumferential,30,28
adapter,30,25
laminated,30,24
reversed,30,26
single-layer,30,27
refinements,30,30
dilation,30,18
worker's,30,18
ameliorate,30,30
feature-level,30,27
submanifolds,30,15
convection,30,22
canadian,30,28
control-theoretic,30,29
outdated,30,27
odour,30,12
pod,30,16
precursor,30,27
unnecessarily,30,30
clamped,30,27
edit,30,27
bay,30,24
tightness,30,21
von,30,23
burst,30,25
hose,30,18
logics,30,25
experimentations,30,30
skip,30,27
perception-based,30,26
formalizes,30,30
carriage,30,20
summarizing,30,28
checker,30,26
suffice,30,29
symbiosis,30,26
dielectrophoretic,30,23
sheds,30,30
enriches,30,30
realised,30,29
rearranged,30,28
extremum,30,21
institutions,30,30
reorienting,30,26
real-valued,30,27
microsystems,30,27
stylus,30,16
trusses,30,15
legacy,30,23
descend,30,29
radios,30,23
maze-like,30,28
sweeps,30,26
hand-coded,30,29
hampers,30,30
undulations,30,21
odv,30,9
deterministically,30,28
three-step,30,29
ses,30,11
initialisation,30,23
poking,30,17
cochlear,30,19
lcp,30,20
biologists,30,30
tenth,30,25
psi,30,16
detached,30,27
exposing,30,30
aneurysm,30,18
no-slip,30,25
penalize,30,30
universally,30,30
canvas,30,15
paramagnetic,30,21
click,30,23
beats,30,20
disentangle,30,29
hunting,30,21
nir,30,22
non-constant,30,26
precurved,30,21
mpc-based,30,28
bicycles,30,24
one-time,30,29
policy's,30,29
fading,30,22
responders,30,20
pbvs,30,19
georeferenced,30,24
coiling,30,23
simulant,30,21
nav,30,17
biodegradable,30,20
level-ground,30,22
multi-person,30,21
multi-source,30,26
towel,30,20
convoy,30,14
silent,30,27
cross-coupled,30,21
unintuitive,30,29
flagellum,30,17
reverberant,30,20
nanoparticle,30,22
pair-wise,30,28
inclusions,30,24
tracking-by-detection,30,28
willow,30,29
predecessor,30,29
non-repetitive,30,24
on-robot,30,23
microspine,30,15
higher-quality,30,30
tele-impedance,30,13
ipp,30,15
gaiting,30,22
retail,30,25
tde,30,15
bronchoscopy,30,20
hexacopter,30,27
crease,30,22
bleeding,30,20
s-shaped,30,25
qcr,30,9
rts,30,10
caregiving,30,11
turbines,30,19
complex-shaped,30,24
tailsitter,30,14
amod,30,10
rgb-t,30,12
energy-aware,30,26
surfels,30,18
iot,30,25
low-drift,30,28
resource-intensive,30,30
interaction-aware,30,24
airsim,30,25
socially-aware,30,18
approximators,30,27
gru,30,24
uni-freiburg,30,30
soleus,30,18
long-tail,30,25
mcpp,30,10
pseudo-label,30,24
occlusion-aware,30,26
vrp,30,18
bioprinting,30,10
sins,30,10
phrases,29,26
skin-like,29,24
ibm,29,24
subgraph,29,25
entrapment,29,22
buses,29,26
corporation,29,29
trigonometric,29,27
subpixel,29,25
jointed,29,21
commonplace,29,29
productive,29,27
midpoint,29,23
naval,29,25
pns,29,17
physically-based,29,28
newton's,29,27
benign,29,26
paved,29,28
ppc,29,13
thirty,29,29
constructions,29,28
three-level,29,26
disassembling,29,26
readers,29,26
jig,29,13
promptly,29,29
repairs,29,25
disambiguation,29,23
ample,29,29
nyu,29,28
shrinking,29,29
commutation,29,16
stall,29,27
capitalizes,29,29
fasteners,29,20
inserts,29,28
high-degree-of-freedom,29,28
axisymmetric,29,27
exceptions,29,22
rover's,29,23
spc,29,13
pruned,29,28
rovs,29,19
contiguous,29,25
impair,29,28
slit,29,19
impeding,29,29
fault-tolerance,29,19
purposive,29,26
mms,29,17
windings,29,23
synchrony,29,25
serial-chain,29,23
complexes,29,18
robocentric,29,17
rfs,29,14
five-axis,29,20
san,29,24
mac,29,12
flapper,29,16
axles,29,27
synergetic,29,26
sarcos,29,28
symmetrically,29,29
toppling,29,23
olfactory,29,19
pools,29,21
modem,29,25
woven,29,22
configuring,29,29
thin-film,29,22
conquer,29,28
neighbour,29,23
behaviour-based,29,18
surely,29,25
preemptive,29,23
graspless,29,14
soldering,29,15
interleaves,29,29
task-priority,29,27
pmp,29,14
deck,29,20
grading,29,12
bedridden,29,21
dragon,29,20
esc,29,15
rest-to-rest,29,27
tool's,29,24
june,29,27
oculomotor,29,16
wide-range,29,23
discrete-continuous,29,23
uuvs,29,19
desk,29,28
tone,29,21
emit,29,28
visual-servoing,29,25
congruence,29,20
disconnection,29,23
humanitarian,29,25
condensation,29,20
normative,29,21
standardization,29,27
inter-module,29,25
polarized,29,24
dribbling,29,15
lungs,29,28
hips,29,23
cots,29,17
initiating,29,28
asm,29,11
cliff,29,20
purposeful,29,29
team's,29,29
phones,29,28
distractions,29,23
hoap,29,29
prognostics,29,17
noting,29,29
gestural,29,21
saddle,29,23
books,29,23
intra,29,29
acuity,29,19
fluctuating,29,29
rnnpb,29,15
vortices,29,19
cabinets,29,24
strut,29,16
spotting,29,16
partially-observable,29,27
emg-based,29,24
dsr,29,10
displaced,29,28
elegantly,29,28
blended,29,24
worms,29,19
hyperspectral,29,15
fim,29,17
posteriors,29,24
quadrics,29,15
registrations,29,24
balancer,29,12
rft,29,14
energy-efficiency,29,24
stamp,29,15
intriguing,29,29
groove,29,20
decent,29,29
elevations,29,23
lakes,29,24
prp,29,10
throws,29,26
esophagus,29,24
hand-tuned,29,27
side-by-side,29,24
alike,29,29
cater,29,29
weigh,29,29
chomp,29,18
barometric,29,22
supportive,29,18
burrowing,29,16
swapping,29,25
lava,29,17
mag,29,7
tremors,29,17
caps,29,21
ads,29,13
fovs,29,20
voxelization,29,23
octree-based,29,23
use-cases,29,27
clot,29,16
intubation,29,12
pcle,29,9
lower-body,29,21
articulating,29,24
imagenet,29,26
microparticle,29,18
humanrobot,29,29
fmt,29,15
mcr,29,14
dnn-based,29,25
filtering-based,29,25
data-efficiency,29,27
class-agnostic,29,25
gail,29,13
graduated,29,25
pre-collected,29,27
oversight,29,28
low-fidelity,29,20
gnc,29,18
netvlad,29,27
multi-spectral,29,17
s-eye,29,28
terrain-aware,29,25
tcn,29,18
jackal,29,28
meta-rl,29,11
adeptly,29,29
mantis,29,10
cmc,29,8
pallets,28,21
psr,28,16
conductor,28,21
fourth-order,28,26
camera-equipped,28,27
invoke,28,26
queues,28,14
cml,28,11
lists,28,25
homogenous,28,28
votes,28,22
suppose,28,27
algebraically,28,26
phased,28,24
interferometer,28,21
theme,28,26
suffices,28,28
tell,28,27
disassemble,28,25
photographs,28,20
implication,28,28
face-to-face,28,21
vapor,28,23
marginally,28,28
synthesizer,28,18
accompany,28,26
blob,28,22
bingham,28,18
five-degree-of-freedom,28,28
depicting,28,28
two-armed,28,26
latch,28,19
manipulable,28,27
pneumatics,28,28
uncluttered,28,24
reducers,28,21
noncollocated,28,19
repulsion,28,28
transactions,28,21
manipulandum,28,21
telescope,28,20
cliques,28,19
obstructing,28,26
exponentials,28,25
single-camera,28,24
spill,28,17
inelastic,28,22
buffering,28,19
cmm,28,19
coincide,28,28
identically,28,28
dual-robot,28,21
fail-safe,28,22
painful,28,24
conformability,28,20
unlocked,28,20
three-wheeled,28,24
rupture,28,21
shots,28,19
pontryagin's,28,28
visuo-motor,28,22
erratic,28,26
chart,28,20
rim,28,21
runway,28,17
tremendously,28,28
warm,28,26
maintainability,28,23
l-shaped,28,20
pcc,28,17
dump,28,17
robot-mounted,28,22
module's,28,28
dish,28,27
pendubot,28,17
indicative,28,27
self-organize,28,27
elevators,28,22
tipover,28,10
browser,28,26
oscillate,28,27
recognising,28,26
hoses,28,26
replans,28,26
inapplicable,28,28
appended,28,26
envelopes,28,21
fishing,28,20
benefited,28,27
sfc,28,11
anastomosis,28,16
pigs,28,12
slowing,28,28
quest,28,27
collides,28,28
scored,28,26
classically,28,28
statistic,28,27
cueing,28,17
sub-goal,28,20
bricks,28,20
launching,28,26
quiet,28,26
categorizing,28,28
molded,28,26
cas,28,14
time-stepping,28,18
equips,28,28
reshape,28,27
micromotors,28,14
hockey,28,18
bernstein,28,23
circumference,28,25
elbows,28,22
stairways,28,14
accumulative,28,28
clue,28,23
welfare,28,26
entangled,28,24
logging,28,25
dfc,28,10
influential,28,21
arctic,28,19
dual-axis,28,23
entropy-based,28,26
arguably,28,28
complies,28,28
mimicked,28,28
mr-compatible,28,21
psa,28,11
mpcc,28,15
nims,28,10
worm-like,28,18
follow-up,28,28
nondestructive,28,27
greedily,28,28
fully-isotropic,28,8
unpredicted,28,27
boring,28,12
microchip,28,15
socp,28,16
microhand,28,14
plugin,28,24
sorted,28,25
classroom,28,21
single-leg,28,26
frustum,28,23
compressible,28,26
drawbar,28,12
ekf-slam,28,20
supervising,28,28
motorcycle,28,15
vestibular,28,18
orifices,28,25
supination,28,25
premature,28,26
submission,28,28
chunks,28,16
upto,28,24
flagellar,28,13
steer-by-wire,28,24
tac,28,11
data-association,28,23
microspines,28,18
anonymous,28,23
limit-cycle,28,20
hemiplegia,28,17
radio-frequency,28,27
stylet,28,14
competency,28,22
fwmavs,28,17
photography,28,25
sparser,28,28
ray-tracing,28,21
chasing,28,19
transluminal,28,26
frequency-based,28,22
voxelized,28,26
biotac,28,16
grfs,28,15
mpf,28,11
elaborately,28,28
nls,28,12
tensioning,28,17
per-frame,28,26
femoris,28,22
regularisation,28,17
solo,28,25
openstreetmap,28,22
jaco,28,25
regression-based,28,27
high-load,28,22
short-horizon,28,26
volitional,28,16
resiliency,28,27
sanding,28,11
mall,28,22
psm,28,14
eop,28,6
sgp,28,11
cpr,28,8
eid,28,11
nonmagnetic,28,21
tmp,28,9
pagination,28,28
aavs,28,15
sandwich,27,17
microcomputer,27,23
microprocessors,27,22
diodes,27,27
byproduct,27,27
epsiv,27,16
nucleus,27,17
primal,27,23
problem-solving,27,23
mrac,27,16
ada,27,15
butterfly,27,16
contrasted,27,27
cim,27,18
acknowledged,27,27
consolidated,27,25
dijkstra's,27,23
digitized,27,24
methodological,27,26
single-support,27,17
multiplication,27,25
hyperplane,27,18
decentralization,27,22
fences,27,19
origins,27,25
grey,27,20
valued,27,25
tree-structured,27,25
lambertian,27,19
rounded,27,20
hal,27,15
tooltip,27,12
push-pull,27,22
installations,27,27
etching,27,25
downloaded,27,27
machine's,27,21
counteracting,27,26
ssa,27,12
ranger,27,22
enlarging,27,27
interdependencies,27,26
lemma,27,18
force-tracking,27,21
flown,27,27
recalled,27,26
hummingbird,27,18
parkinson's,27,23
directionality,27,23
piano,27,20
paste,27,14
step-size,27,14
attenuating,27,26
potentiometers,27,25
periphery,27,21
destroy,27,26
fat,27,21
opinions,27,23
mockup,27,24
state-time,27,12
deteriorated,27,26
fpgas,27,21
multi-limbed,27,19
maker,27,24
gcs,27,13
foveated,27,21
manufacturability,27,26
vineyard,27,18
aviation,27,26
maxwell,27,23
enjoy,27,27
facet,27,23
miles,27,23
charges,27,25
multi-point,27,22
aboard,27,25
geographically,27,24
eigenspace,27,15
dlr's,27,25
visualisation,27,24
low-energy,27,24
straightforwardly,27,27
animal-like,27,22
airfoil,27,19
longevity,27,24
pendulums,27,24
interaural,27,18
deadbeat,27,22
mechanoreceptors,27,27
chi,27,25
reach-to-grasp,27,15
uml,27,17
century,27,25
dangers,27,25
swing-leg,27,20
dictates,27,26
ascend,27,25
cct,27,12
capitalize,27,27
parked,27,23
aggressiveness,27,22
archaeological,27,16
complimentary,27,26
commonly-used,27,27
fortunately,27,27
thing,27,23
davis,27,18
ammonia,27,7
auto-tuning,27,21
nurse,27,15
mts,27,16
emitters,27,21
cell-based,27,18
delicately,27,27
self-stabilization,27,19
ever-changing,27,27
solar-powered,27,20
context-dependent,27,26
b-mode,27,22
shrimp,27,13
drm,27,11
lfo,27,10
symptoms,27,24
extraneous,27,21
freehand,27,20
cpg-based,27,23
bio-mimetic,27,22
rabbit,27,27
multi-backbone,27,15
converters,27,21
tpm,27,8
cornering,27,24
geo-referenced,27,23
submanifold,27,23
exhaust,27,22
sutures,27,21
ism,27,16
amplifies,27,27
lesser,27,26
favors,27,23
goodness,27,22
dual-user,27,17
meantime,27,27
verifiable,27,24
effortlessly,27,27
geolocation,27,14
nanorobotics,27,20
sugar,27,21
e-puck,27,23
poi,27,15
disregarding,27,27
dynamically-feasible,27,26
transradial,27,18
modulations,27,20
storytelling,27,13
soh,27,8
insulation,27,21
correct-by-construction,27,26
human-made,27,26
high-performing,27,26
robot-to-human,27,24
lipm,27,24
knob,27,17
sct,27,12
ecm,27,10
trol,27,24
cadence,27,18
threading,27,20
sns,27,13
fronts,27,24
nanowire,27,15
objectness,27,20
namo,27,16
puck,27,17
electroencephalogram,27,27
chicken,27,25
c-slam,27,13
toro,27,25
pediatric,27,19
mobility-on-demand,27,25
collaborator,27,24
spea,27,8
mcrs,27,10
interviews,27,27
filaments,27,22
eskf,27,17
two-stream,27,26
city-scale,27,22
state-of-theart,27,27
jacquard,27,20
superlimbs,27,5
inekf,27,10
encirclement,27,13
disentangling,27,16
postoperative,27,21
manip,27,19
habituation,27,10
scroll,27,8
sketched,26,22
recast,26,24
arrayed,26,25
illuminated,26,26
newton-raphson,26,24
rudimentary,26,26
multi-degree,26,25
referencing,26,24
aesthetic,26,21
disassembled,26,24
broadening,26,26
cabin,26,18
fmss,26,20
affixed,26,25
recurrence,26,26
sensor-driven,26,21
europe,26,25
eva,26,17
entail,26,26
conditionally,26,24
compensations,26,26
immunity,26,23
insensitivity,26,26
ai-based,26,19
programmability,26,24
concentrating,26,26
rice,26,21
nothing,26,26
fiber-optic,26,21
fovea,26,14
single-degree-of-freedom,26,26
two-legged,26,25
relieving,26,26
nonideal,26,23
molecule,26,16
bonds,26,19
preshape,26,19
repaired,26,23
decision-theoretic,26,23
habits,26,21
hydraulics,26,24
multifinger,26,24
overlaid,26,23
cleaner,26,23
disruptions,26,21
corroborated,26,26
sorts,26,24
impedance-controlled,26,20
relocated,26,23
multiple-input,26,26
cmac,26,17
order-of-magnitude,26,25
invented,26,25
linearizable,26,19
sees,26,26
trays,26,14
analyzer,26,21
resemblance,26,25
gibbs,26,25
successor,26,19
mss,26,13
agreed,26,26
intercepting,26,24
solenoids,26,22
illuminate,26,23
multiple-robot,26,18
jerky,26,23
throat,26,19
copy,26,24
zurich,26,26
earthworms,26,19
forwards,26,23
radically,26,24
lambda,26,9
animations,26,22
antennae,26,16
evidences,26,21
narrower,26,26
tractive,26,20
cross-sections,26,22
mother,26,15
prescribe,26,26
gazing,26,18
arm-hand,26,18
dam,26,17
toyota,26,24
interrobot,26,22
slaves,26,17
biomechanically,26,26
environment-specific,26,26
lacked,26,26
waals,26,23
downtime,26,23
quad,26,18
plagued,26,26
realise,26,25
lane-change,26,16
kilogram,26,19
landscapes,26,24
vote,26,23
well-trained,26,26
shipping,26,22
habitats,26,21
parcel,26,13
unobstructed,26,25
s-curve,26,15
confine,26,23
retractor,26,14
body-fixed,26,24
balloons,26,18
frame-rate,26,24
eel-like,26,21
time-sensitive,26,25
in-phase,26,14
microbe,26,11
auto-calibration,26,21
idc,26,11
flexion-extension,26,22
mission-critical,26,24
earth's,26,25
pan-tilt-zoom,26,23
revise,26,25
mosaicking,26,16
gabor,26,20
round-trip,26,26
fatal,26,26
confront,26,26
misleading,26,26
acted,26,25
color-based,26,21
biorobotic,26,13
conformations,26,10
liftoff,26,23
rolled,26,18
cards,26,18
barely,26,26
capstan,26,13
tie,26,21
catalytic,26,20
demonstrator's,26,19
polymer-based,26,20
itd,26,15
k-nn,26,21
flute,26,12
healing,26,16
specifics,26,26
empowered,26,26
dash,26,13
entirety,26,26
herd,26,17
college,26,26
dragonfly,26,14
walkway,26,11
rtk-gps,26,22
purposefully,26,25
eigendecomposition,26,9
hops,26,23
platooning,26,17
vpp,26,10
inconvenient,26,26
precludes,26,26
multi-hop,26,22
consecutively,26,25
ecf,26,6
commercialized,26,26
self-repair,26,21
shape-based,26,25
inkjet,26,19
puzzle,26,22
lockable,26,21
enriching,26,25
multilateral,26,19
blimps,26,15
audible,26,22
wsn,26,16
cyber,26,24
curl,26,19
coined,26,26
back-drivable,26,23
finite-horizon,26,24
submucosal,26,24
inflating,26,26
alginate,26,16
flyers,26,25
mat,26,15
greenhouse,26,20
precision-recall,26,24
nano-scale,26,20
keyhole,26,16
self-weight,26,26
contradiction,26,25
scan-to-map,26,22
melt,26,17
self-aligning,26,20
summarization,26,15
catenary,26,21
nanopositioner,26,17
blueprint,26,22
kitchens,26,24
cost-efficient,26,24
tutor,26,15
planning-based,26,26
rolling-shutter,26,14
within-hand,26,22
task-parameterized,26,22
human-swarm,26,17
elevate,26,26
brain-inspired,26,26
propulsor,26,14
quartz,26,18
tdc,26,10
unfold,26,24
beetles,26,14
exo-glove,26,12
shape-shifting,26,18
regularizer,26,19
dex-net,26,12
high-altitude,26,21
reformulating,26,26
air-water,26,20
frame-by-frame,26,23
pop,26,10
weakly-supervised,26,21
tunability,26,21
usd,26,24
msm,26,11
aerial-ground,26,17
strawberry,26,17
observables,26,16
ripeness,26,12
realsense,26,23
unsignalized,26,16
yarn,26,14
home-based,26,18
ftl,26,10
in-home,26,21
persuasive,26,15
cross-scale,26,19
vision-language-action,26,25
lissajous,26,15
sbw,26,9
pascal,25,24
repetitively,25,24
shading,25,19
deteriorating,25,25
linearizes,25,25
french,25,25
photodiode,25,19
backprojection,25,14
malfunctioning,25,18
inertias,25,25
time-scaling,25,20
asymmetries,25,22
dispatch,25,18
sharply,25,24
unrelated,25,23
programming-based,25,25
four-fingered,25,24
johnson,25,25
hurdles,25,25
cited,25,25
non-optimal,25,23
commercially-available,25,23
hyperplanes,25,20
teaches,25,25
detailing,25,25
engages,25,25
foremost,25,25
lend,25,25
plasma,25,14
laplace,25,24
crude,25,21
cardinality,25,21
prescribes,25,24
curling,25,15
strikes,25,25
nondimensional,25,21
absorbed,25,24
limiter,25,13
viewer,25,19
abandoned,25,20
societies,25,21
encapsulation,25,22
intermediary,25,22
datum,25,15
case-based,25,17
overshoots,25,22
truncation,25,20
segregation,25,17
arisen,25,25
accelerator,25,21
distributively,25,23
reserve,25,22
log-polar,25,10
dig,25,18
long-reach,25,21
hjb,25,12
towers,25,19
flange,25,20
non-anthropomorphic,25,19
delineate,25,25
multipurpose,25,22
clarifying,25,23
pathology,25,18
conveys,25,25
impending,25,24
oftentimes,25,25
preventive,25,22
uphill,25,24
abruptly,25,23
beds,25,23
rests,25,25
bumper,25,16
familiarity,25,20
sheep,25,13
dirty,25,21
logically,25,24
got,25,24
graspers,25,20
tibia,25,17
inaccurately,25,25
centripetal,25,21
non-minimum,25,21
wavelengths,25,23
developer,25,24
two-layered,25,23
propels,25,25
mst,25,12
attackers,25,14
hci,25,16
arduous,25,25
non-circular,25,19
absolutely,25,25
power-efficient,25,25
directives,25,19
cinematography,25,18
packaged,25,24
dielectrophoresis,25,23
handed,25,24
zigzag,25,24
sas,25,13
discoveries,25,24
curving,25,21
prerequisites,25,24
asms,25,7
progressed,25,25
stabilizers,25,20
equipments,25,24
flame,25,11
skillfully,25,23
bidirectionally,25,25
residents,25,14
noticeably,25,25
restrain,25,25
dijkstra,25,18
undergraduate,25,19
cushion,25,21
composes,25,25
proportionally,25,25
preparing,25,25
ages,25,25
locks,25,24
bi-articular,25,12
rodent,25,19
ratslam,25,15
bladders,25,20
incidents,25,19
lamp,25,17
mean-shift,25,18
webcam,25,21
zooming,25,17
noteworthy,25,23
mountain,25,22
rag,25,18
bleex,25,9
bcf,25,12
rois,25,18
attend,25,25
offroad,25,18
curricula,25,18
ecg,25,13
meta-module,25,9
publish,25,25
urethane,25,20
time-step,25,23
blockage,25,21
sterilization,25,18
plumes,25,18
lossy,25,22
reminiscent,25,24
strider,25,14
polymer-metal,25,24
information-gathering,25,18
basketball,25,17
mimicry,25,18
fringe,25,19
csp,25,16
ansys,25,23
dye,25,20
rps,25,12
medication,25,17
incompressible,25,24
constellation,25,22
dtw,25,20
catapult,25,12
intracardiac,25,18
multi-beam,25,18
gases,25,19
ransac-based,25,22
airways,25,14
large-size,25,17
gradient-free,25,23
bath,25,14
first-principles,25,19
lumens,25,21
usbl,25,15
pdr,25,9
stitch,25,19
factorized,25,20
harnessed,25,25
windy,25,22
pollination,25,12
two-player,25,25
defender,25,12
violates,25,25
skeleton-based,25,21
hide,25,23
near-zero,25,20
helmholtz,25,22
acoustics,25,22
hyper-parameters,25,22
anatomies,25,21
pedaling,25,16
image-level,25,23
hand-engineered,25,23
capacitors,25,20
movie,25,23
slows,25,25
asp,25,10
stiffen,25,22
ornithopter,25,15
transcatheter,25,14
close-proximity,25,21
out-of-the-box,25,25
vitrification,25,4
origami-based,25,22
rgb-only,25,23
warm-start,25,20
human-annotated,25,22
sum-of-squares,25,22
on-manifold,25,23
kernelized,25,21
diminishes,25,25
centauro,25,23
vines,25,20
safeguard,25,21
racecar,25,14
diesel,25,18
vi-slam,25,12
coco,25,21
double-layer,25,21
stumble,25,9
unreal,25,22
task-irrelevant,25,18
osm,25,12
linemod,25,21
real-to-sim,25,17
drone's,25,24
contact-aware,25,16
broadens,25,25
ensembling,25,15
safety-aware,25,22
point-level,25,22
vqa,25,15
avp,25,11
uav-based,25,20
certifiable,25,18
re-ranking,25,12
wildlife,25,20
sot,25,13
gaussian-based,25,24
mrpp,25,7
skiing,25,6
hasel,25,10
tcpf,25,4
lpr,25,9
overloading,24,19
english,24,18
well-structured,24,24
special-purpose,24,24
insure,24,23
digitizing,24,9
wealth,24,24
shortens,24,24
obviating,24,24
semiautonomous,24,23
blackboard,24,18
contend,24,24
coincides,24,24
misclassification,24,22
informations,24,22
outward,24,23
compiler,24,19
specialize,24,22
cpn,24,9
artist,24,15
apparently,24,23
vertebral,24,14
came,24,23
categorizes,24,24
single-joint,24,22
tetrahedron,24,18
force-velocity,24,18
bright,24,24
nominally,24,21
bioengineering,24,23
interpolates,24,24
discounted,24,22
remainder,24,22
experimenting,24,24
imparted,24,24
pc-based,24,22
stribeck,24,19
precondition,24,23
nonadaptive,24,21
downhill,24,23
preloaded,24,22
two-channel,24,20
multiple-output,24,23
constant-time,24,23
skew,24,18
portrait,24,10
kitting,24,13
equalization,24,11
ranged,24,23
meal,24,14
divide-and-conquer,24,24
msc,24,18
unattainable,24,24
calling,24,20
obstacle-filled,24,23
six-bar,24,20
partially-known,24,22
labour,24,21
bears,24,24
non-minimal,24,16
odometers,24,19
manifests,24,23
rocket,24,18
interrelated,24,19
fixed-length,24,22
les,24,16
resume,24,24
neurophysiological,24,22
story,24,17
servovalve,24,15
shortages,24,24
deposit,24,23
step-climbing,24,13
palms,24,19
corba,24,20
attracts,24,24
body-lengths,24,20
brute-force,24,23
diffeomorphism,24,15
non-intuitive,24,24
stabilisation,24,20
alphabet,24,16
foot-ground,24,20
grapple,24,15
manoeuvring,24,20
undertake,24,24
cerebellum,24,13
client-server,24,20
transports,24,23
daunting,24,24
life-size,24,18
insect-inspired,24,20
gpc,24,15
mnm,24,17
qcqp,24,18
nickel,24,21
sparseness,24,23
looked,24,22
enclose,24,22
deflation,24,19
cholesky,24,19
coolant,24,12
recurring,24,24
insightful,24,24
pit,24,14
non-passive,24,18
reprogramming,24,22
unobtrusive,24,23
suppliers,24,16
parametrizations,24,22
unimpaired,24,21
siphons,24,13
carangiform,24,18
priority-based,24,18
sensor-less,24,16
three-legged,24,21
somersault,24,12
upgraded,24,24
electromagnetically,24,22
non-iterative,24,19
respected,24,23
avatars,24,18
computationally-efficient,24,24
nasal,24,14
trivially,24,24
map-matching,24,19
unfolded,24,24
low-inertia,24,24
auction-based,24,24
trim,24,19
pre-recorded,24,21
back-propagation,24,20
interpersonal,24,21
tasking,24,21
facto,24,24
interdependent,24,24
landmine,24,16
mems-based,24,18
ramps,24,23
slm,24,11
geomagnetic,24,10
preclinical,24,23
weaving,24,20
geometric-based,24,21
unreliability,24,20
khepera,24,23
stealth,24,21
self-selected,24,21
quadriceps,24,17
moth,24,14
thermoelectric,24,21
envelop,24,23
co-located,24,20
fdd,24,10
micro-nano,24,16
voices,24,16
minimum-energy,24,15
amorphous,24,19
frs,24,9
omitted,24,24
depth-independent,24,18
ssm,24,16
fans,24,16
ffp,24,7
polyethylene,24,23
sunny,24,22
packs,24,19
collapsing,24,22
cycloidal,24,15
nodules,24,14
novices,24,21
comanipulation,24,20
narrowing,24,24
ulnar,24,21
fej,24,11
branched,24,19
unparalleled,24,24
mapper,24,19
target-driven,24,18
pre-curved,24,21
captions,24,20
misclassifications,24,20
mrss,24,18
information-rich,24,24
locomotors,24,20
data-set,24,17
inchworm-like,24,22
high-dimensionality,24,22
webots,24,21
nozzles,24,15
malls,24,24
rivers,24,21
expert's,24,19
fully-supervised,24,22
participant's,24,22
catheter-based,24,22
cmg,24,9
outputting,24,24
pyriformis,24,6
tended,24,22
compressors,24,22
time-to-contact,24,19
intensity-based,24,21
irb,24,24
proportions,24,22
constant-curvature,24,22
mcmc,24,19
motor-side,24,17
photogrammetry,24,18
helices,24,16
uncommon,24,24
hamr,24,12
trusted,24,20
wpt,24,9
pas,24,12
pdes,24,16
q-function,24,19
dyadic,24,14
dynamometer,24,16
heatmaps,24,19
grain,24,12
hsv,24,14
impediment,24,24
bilayer,24,17
next-best,24,22
sequence-to-sequence,24,23
pop-up,24,15
escort,24,10
differentials,24,13
uninformative,24,23
multi-rotors,24,21
pour,24,17
dual-modal,24,18
sailboat,24,10
high-capacity,24,21
foon,24,6
ventral,24,15
driverless,24,18
multi-query,24,22
sparse-reward,24,19
codebase,24,22
needle's,24,20
endeavors,24,24
scale-aware,24,21
foresight,24,18
xavier,24,21
frac,24,14
mixed-reality,24,18
notched,24,16
amrs,24,11
ra-slam,24,4
tsc,24,7
winged,24,18
rlbench,24,20
indi,24,14
hpe,24,8
cross-embodiment,24,15
ego-velocity,24,13
rcp,24,3
fluid-driven,24,21
isolator,24,11
airtight,24,22
predefined-time,24,11
multifunctionality,24,20
ons,24,5
multiplexing,23,21
multiplications,23,16
isomorphic,23,23
concisely,23,23
rcs,23,15
queuing,23,19
contracts,23,21
turntable,23,19
matcher,23,21
pre-determined,23,23
unplanned,23,20
obstruct,23,22
burr,23,10
sls,23,14
journey,23,22
carnegie,23,22
torch,23,17
trailing,23,23
newer,23,23
photovoltaic,23,17
nonminimum,23,19
frustration,23,19
spiders,23,17
parcels,23,17
drawings,23,22
lee,23,17
ensuing,23,22
amid,23,22
upwards,23,23
large-range,23,20
planing,23,22
equals,23,23
iconic,23,16
dataglove,23,15
spirals,23,16
graspability,23,17
massless,23,21
customizing,23,22
matters,23,23
multicamera,23,16
lti,23,21
plc,23,16
undersea,23,22
cats,23,16
surplus,23,18
part's,23,20
hamilton-jacobi-bellman,23,22
two-loop,23,19
hue,23,18
tree-like,23,23
corrosion,23,22
correlation-based,23,22
initiates,23,23
practicable,23,23
goal-driven,23,22
masters,23,18
requesting,23,22
rough-terrain,23,17
time-scale,23,20
coulomb's,23,20
agrees,23,23
two-handed,23,19
gels,23,16
simplex,23,19
disconnect,23,22
fighting,23,22
magnified,23,18
non-geometric,23,18
cams,23,15
piercing,23,14
consumers,23,17
differentiates,23,23
impossibility,23,23
lem,23,20
contracted,23,21
hard-coded,23,21
gymnastic,23,16
perturb,23,22
tailoring,23,22
formerly,23,22
adhered,23,22
physiologically,23,20
tool-tissue,23,20
subregions,23,15
cautious,23,22
casters,23,18
enclosures,23,21
attaches,23,23
ves,23,13
regressors,23,18
sums,23,20
famous,23,22
permissive,23,20
swiss,23,22
heave,23,17
caged,23,18
shake,23,23
contradictory,23,22
troublesome,23,23
micro-gravity,23,19
parallelizing,23,21
fri,23,8
cybernetic,23,13
safest,23,20
mel,23,13
soft-fingered,23,16
transurethral,23,14
deliveries,23,19
potentialities,23,23
clinic,23,20
salesperson,23,19
conro,23,12
single-dof,23,19
above-knee,23,18
sps,23,13
triangulate,23,23
pulsatile,23,18
office-like,23,22
pkms,23,14
way-points,23,18
auctions,23,15
amplifying,23,21
expo,23,18
marg,23,9
legal,23,18
htn,23,14
t-s,23,15
cancers,23,20
lattice-based,23,22
hint,23,21
submarine,23,19
minlp,23,11
routers,23,13
toughness,23,16
eog,23,11
camera-only,23,18
lump,23,11
owns,23,22
micro-robotic,23,15
treads,23,20
tetherless,23,20
swine,23,23
survivability,23,18
paramecium,23,12
pros,23,23
cons,23,23
rao,23,23
aliased,23,16
admittance-type,23,17
rfa,23,11
climber,23,12
stirring,23,18
heterogenous,23,21
erf,23,7
instructional,23,14
multi-model,23,21
adequacy,23,19
kkt,23,18
acoustically,23,23
electroencephalography,23,23
sat,23,16
clinics,23,17
hubo,23,14
distracting,23,21
dropouts,23,17
lucas-kanade,23,21
acm,23,6
clocks,23,18
harris,23,20
primates,23,21
ultra-low,23,19
households,23,22
cartilage,23,12
guarding,23,14
proxemics,23,16
mds,23,12
restart,23,16
mal,23,12
lion,23,9
coarse-grained,23,21
elastica,23,15
human-subject,23,23
hills,23,20
roundabout,23,19
photos,23,19
precomputation,23,18
toggle,23,13
rowing,23,15
taxel,23,16
fab-map,23,19
fiction,23,23
ultra-thin,23,13
hand-labeled,23,19
pretouch,23,14
step-out,23,13
power-assisted,23,14
physiotherapy,23,18
distraction,23,18
stimulations,23,16
bls,23,10
ford,23,18
chunking,23,19
u-shaped,23,22
hrl,23,16
single-object,23,20
tear,23,22
vps,23,10
epaddle,23,10
seismic,23,14
anguilliform,23,15
turbid,23,18
lab-on-a-chip,23,20
disagreement,23,15
doffing,23,11
collagen,23,10
asymmetrically,23,22
robobee,23,15
multi-label,23,15
mpp,23,8
ros-based,23,23
pose-based,23,22
hfr,23,9
point-line,23,15
re-projection,23,22
polyp,23,9
downward-facing,23,23
crowdsourced,23,15
moisture,23,17
no-load,23,18
leaderboard,23,22
reformulates,23,23
inspiring,23,23
silicone-based,23,19
truths,23,21
reuses,23,23
phrc,23,13
non-monotone,23,13
auc,23,18
dji,23,22
plenoptic,23,10
runtimes,23,23
facile,23,22
children's,23,14
compositionality,23,18
astrobee,23,11
iterates,23,20
object-aware,23,19
pre-train,23,22
rvc,23,8
cslam,23,9
procedurally,23,23
bdd,23,19
matterport,23,23
incompatibility,23,21
nclt,23,23
bee,23,14
gibson,23,19
scoop,23,14
nonconvexity,23,20
mtsp,23,11
urdf,23,15
koopman-based,23,16
hyper-parameter,23,18
on-device,23,16
neuro-symbolic,23,15
cbf-based,23,21
mpi,23,9
ate,23,22
tir,23,10
stackelberg,23,13
nds,23,19
intricacies,23,23
chatgpt,23,13
pinn,23,15
nuances,23,19
affirm,23,23
dinov,23,17
dss,23,9
vln-ce,23,9
electrosense,23,10
slr,23,5
syntax,22,20
racks,22,14
editor,22,19
fine-motion,22,19
seams,22,15
gray-scale,22,19
unsolvable,22,21
subnetwork,22,12
interrupt,22,21
injects,22,21
sonar-based,22,21
extrema,22,21
interconnect,22,22
vss,22,9
ips,22,8
dictate,22,22
nde,22,9
shops,22,19
neuroscientific,22,22
sufficiency,22,18
conventions,22,20
coloured,22,17
mellon,22,21
trouble,22,20
ibid,22,22
force-control,22,20
ping-pong,22,16
tensors,22,16
conserved,22,18
cae,22,18
thinning,22,16
epsilon,22,12
disappearance,22,22
velocity-dependent,22,20
sandwiched,22,22
coupler,22,15
mathematic,22,19
position-force,22,19
cursor,22,17
stress-strain,22,21
nmp,22,7
photolithography,22,20
else,22,22
low-noise,22,22
breakdowns,22,17
borrowed,22,22
connectionist,22,15
tactual,22,11
pulsewidth,22,20
phenomenological,22,20
searchers,22,12
slanted,22,15
pyramidal,22,21
caught,22,22
bandpass,22,17
overhanging,22,20
conserve,22,22
fuzzy-logic,22,19
problem-specific,22,20
human-operated,22,13
shoulders,22,15
pma,22,13
overlaying,22,22
capitalizing,22,22
dfs,22,10
replaceable,22,20
transmitters,22,18
adam,22,14
low-pressure,22,16
isolates,22,20
bellman,22,21
ultrahigh,22,20
assemblability,22,7
dual-loop,22,19
routings,22,16
stairway,22,6
lifelike,22,21
immobilize,22,17
emergencies,22,17
door-opening,22,16
cfs,22,14
preferably,22,22
c-obstacle,22,10
trash,22,18
investment,22,21
pcm,22,10
excursion,22,21
win,22,22
agonist-antagonist,22,15
sleep,22,11
breadth,22,22
logged,22,19
complication,22,22
interruption,22,22
buoyant,22,21
lags,22,17
hcs,22,7
non-singular,22,21
tele-manipulation,22,20
systemic,22,20
kneed,22,15
passive-dynamic,22,16
self-occlusions,22,22
commercialization,22,19
zero-sum,22,21
micropart,22,11
covert,22,11
dimensionally,22,19
superimposing,22,22
three-point,22,18
near-optimality,22,19
microworld,22,18
wabian,22,14
elucidated,22,22
torus,22,13
deviating,22,22
diagnosed,22,19
aircrafts,22,19
hereafter,22,22
continuous-state,22,17
gearshift,22,8
snakelike,22,13
ocular,22,18
distinctly,22,22
circumnavigation,22,14
fish's,22,19
bracket,22,19
neuromotor,22,21
mfi,22,13
one-sided,22,17
disable,22,21
wire-suspended,22,7
false-positive,22,19
willingness,22,16
multi-threaded,22,20
voids,22,19
conducive,22,22
entrained,22,18
detour,22,18
overhand,22,20
evolutions,22,20
suburban,22,21
literatures,22,22
fpga-based,22,19
gain-scheduled,22,15
wired,22,21
non-periodic,22,15
gallop,22,14
arrow,22,13
interrupted,22,20
happening,22,22
vegetables,22,20
rib,22,14
volcanic,22,17
fluid-structure,22,20
weakening,22,16
pseudo-rigid-body,22,22
softening,22,19
shepherding,22,8
pcd,22,8
paraplegic,22,18
biomaterials,22,15
msd,22,8
rocking,22,15
coronal,22,18
peroxide,22,15
catalyst,22,20
back-and-forth,22,18
condensed,22,18
hardening,22,15
vor,22,12
agonist,22,20
pacing,22,16
companions,22,21
ment,22,20
phoneme,22,7
cyclical,22,22
destabilize,22,20
locust,22,11
secured,22,21
modems,22,18
dissipate,22,19
aorta,22,17
vad,22,10
epc,22,7
graded,22,16
strengthens,22,22
putative,22,19
conformable,22,20
outfitted,22,21
intractability,22,22
svr,22,11
three-segment,22,17
est,22,12
atypical,22,16
gvd,22,10
pulmonary,22,19
articulate,22,21
cuff,22,12
metacarpophalangeal,22,22
lizard,22,17
eases,22,22
over-segmentation,22,18
wide-baseline,22,17
disturbance-rejection,22,16
rdquo,22,21
at-scale,22,21
longterm,22,22
needle-based,22,19
sidewalk,22,15
pwa,22,9
m-tran,22,12
bipolar,22,15
learning-from-demonstration,22,22
lrfs,22,11
one-class,22,14
cabinet,22,18
personalize,22,21
airspace,22,18
surface-based,22,20
panoramas,22,13
imu-based,22,19
swivel,22,14
intraoperatively,22,21
microbial,22,15
tdms,22,6
non-myopic,22,22
affordance-based,22,14
srp,22,6
human-likeness,22,19
rectus,22,20
cochlea,22,15
contextually,22,19
lane-level,22,11
isms,22,4
co-worker,22,17
prob,22,22
eta,22,11
life-long,22,18
rbfnn,22,13
depots,22,14
addressable,22,20
miqp,22,16
openly,22,21
aruco,22,14
nyuv,22,21
kresling,22,15
microswimmer,22,12
reachability-based,22,21
infected,22,14
trustworthiness,22,22
closed-set,22,19
sgd,22,12
official,22,22
sofa,22,18
bio-syncretic,22,5
in-person,22,16
ontologies,22,15
perforation,22,16
orchestration,22,18
mosquito,22,9
one-stage,22,20
curing,22,18
knapsack,22,12
openai,22,21
discriminators,22,16
ramis,22,14
vtt,22,9
distills,22,22
ycb-video,22,21
single-mode,22,18
lma,22,9
talos,22,19
url,22,20
adaptiveness,22,19
agx,22,22
knock,22,7
semantic-aware,22,20
crumpled,22,18
slam-based,22,18
eikonal,22,11
object-goal,22,13
query-based,22,18
rams,22,9
lane-keeping,22,16
mllm,22,15
tog,22,6
sft,22,9
manipula,22,22
shovel,22,10
everting,22,13
braiding,22,11
prognosis,22,13
fishtail,22,10
dtc,22,9
guarded,21,20
upper-level,21,17
pre-learned,21,15
opportunistically,21,21
pyramids,21,17
chaining,21,17
structured-light,21,19
outlining,21,21
automobiles,21,21
organizations,21,18
crushing,21,14
router,21,13
subnetworks,21,16
apt,21,18
assimilation,21,14
milestones,21,15
quadrature,21,18
submitted,21,20
gspn,21,11
backdrive,21,14
fifteen,21,21
redesigning,21,19
crew,21,17
grammars,21,12
locational,21,17
common-sense,21,19
reside,21,19
dependant,21,21
ascertained,21,21
receptor,21,16
illustrations,21,21
four-point,21,15
sloping,21,17
three-layer,21,21
reweighted,21,20
output-feedback,21,17
joint-torque,21,19
rapidity,21,19
canopies,21,17
depth-first,21,21
curvature-constrained,21,17
image-space,21,15
four-link,21,17
settle,21,18
pcbs,21,10
fairness,21,11
streamlines,21,20
copis,21,8
anatomic,21,16
flyer,21,17
light-emitting,21,20
tokyo,21,20
dozen,21,21
polyimide,21,19
dishes,21,18
clothoids,21,18
judicious,21,21
elemental,21,18
protects,21,20
usc,21,19
wireframe,21,13
multi-purpose,21,20
z-width,21,14
sub-system,21,17
pregrasp,21,13
discriminated,21,21
remediation,21,18
by-product,21,21
depression,21,15
self-motions,21,16
unaware,21,21
field-programmable,21,21
preexisting,21,20
immobilized,21,19
atop,21,20
ssd,21,14
localised,21,19
longitudinally,21,20
crab,21,12
unicycles,21,17
hgvg,21,5
rpr,21,15
neuro,21,18
evaluator,21,18
atoms,21,13
tls,21,13
heightened,21,21
indefinitely,21,20
crater,21,12
screwdriver,21,13
prohibit,21,21
wraps,21,20
nurbs,21,17
sad,21,15
presses,21,16
windowed,21,18
insulating,21,18
polarity,21,19
yawing,21,14
conscious,21,19
dice,21,20
gjk,21,12
dragline,21,10
orthopaedic,21,16
mention,21,21
bogie,21,9
re-use,21,21
brachiating,21,15
pendulum-like,21,19
port-based,21,18
providers,21,17
reinforcements,21,17
casts,21,20
exits,21,20
quasi-newton,21,18
biodiversity,21,17
hydrothermal,21,16
allowance,21,12
judging,21,20
teacher's,21,15
morphogenesis,21,14
markets,21,16
cram,21,16
partner's,21,17
visually-guided,21,20
michigan,21,20
chewing,21,9
speed-ups,21,20
micro-force,21,11
universality,21,18
fcs,21,10
map's,21,19
afferent,21,17
spi,21,10
eye-hand,21,13
fourteen,21,21
underlie,21,21
promotion,21,20
initializes,21,21
integrative,21,18
co-simulation,21,14
emits,21,20
rises,21,20
sensorization,21,19
univariate,21,17
mwnt,21,11
vowels,21,13
two-part,21,21
q-value,21,15
baby,21,15
substances,21,20
principally,21,19
recipes,21,13
lbl,21,10
y-axis,21,20
pdm,21,8
observer's,21,17
bisection,21,17
boustrophedon,21,18
checkpoints,21,21
competencies,21,20
mph,21,19
repeats,21,21
ndfeb,21,15
ccs,21,11
molds,21,21
commitment,21,19
long-time,21,19
powerline,21,12
ssr,21,8
microbead,21,13
mentally,21,21
replenishment,21,15
aerobot,21,8
incentive,21,15
behaving,21,20
imitative,21,17
mediums,21,19
telehead,21,8
agar,21,16
vehicle-terrain,21,16
earthworm-like,21,13
sticks,21,20
rearrangements,21,16
insect-sized,21,20
out-performs,21,21
warnings,21,15
rider's,21,12
roc,21,13
waterdrops,21,8
scientifically,21,19
pdac,21,10
don,21,17
surmount,21,21
sph,21,11
fpc,21,10
pitfalls,21,21
well-calibrated,21,21
listener,21,13
financial,21,17
nanotechnology,21,19
upload,21,20
electromotive,21,20
tendon-based,21,18
instrument's,21,20
inflate,21,20
non-homogeneous,21,19
nanomaterials,21,15
ppy,21,8
credible,21,19
non-traversable,21,17
threshold-based,21,20
parents,21,10
communication-aware,21,17
loosely-coupled,21,17
context-based,21,16
lithium-ion,21,14
helically,21,18
discriminability,21,19
endure,21,20
teach-and-repeat,21,15
schunk,21,20
yale,21,19
robustify,21,20
ipa,21,13
world-centric,21,12
cross-platform,21,18
multi-human,21,16
software-in-the-loop,21,20
gallery,21,15
barcode,21,7
class-specific,21,18
ultrafast,21,18
watertight,21,16
amber,21,12
mfd,21,7
single-actuator,21,20
glenohumeral,21,12
goal-based,21,18
self-right,21,12
cubature,21,13
introspective,21,15
differed,21,19
eas,21,8
kinectfusion,21,15
marker-less,21,20
regrasps,21,17
gicp,21,16
loopy,21,17
vip,21,10
humor,21,9
spark,21,10
bikebot,21,6
contact-force,21,16
dsc,21,13
derivative-free,21,19
flowers,21,17
mediolateral,21,16
sprawling,21,13
micromirror,21,14
auto-encoders,21,13
low-textured,21,20
non-stationarity,21,19
hotspot,21,18
rotatable,21,21
uni-modal,21,16
locomotory,21,19
prb,21,10
bowden-cable,21,8
vsm,21,9
biomedicine,21,21
poststroke,21,15
lidar-imu,21,13
ngsim,21,21
confidence-based,21,18
ioct,21,10
depot,21,16
fpv,21,12
adversarially,21,17
ride-sharing,21,9
lora,21,14
dehazing,21,8
acl,21,11
cyclegan,21,16
scs,21,11
impact-aware,21,14
safety-related,21,20
vod,21,13
multi-drone,21,16
braid,21,12
ucy,21,19
last-mile,21,19
apollo,21,20
rkhs,21,12
qp-based,21,20
foggy,21,13
multipoint,21,18
qps,21,17
bird's-eye-view,21,21
mulran,21,19
peg-hole,21,14
vehicle-to-everything,21,21
model-agnostic,21,20
bicopter,21,13
binarization,21,13
image-goal,21,13
low-voltage,21,20
lifting-wing,21,6
prescribed-time,21,9
pdt,21,9
sling,21,8
air-liquid,21,7
spoofing,21,14
hdd,21,13
lmpa,21,8
kilobots,21,10
microswarms,21,8
mathsf,21,4
aav,21,12
emphasistype,21,14
graph-search,20,19
pairings,20,15
minus,20,19
triangulating,20,18
ames,20,16
image-processing,20,16
simd,20,15
work-space,20,17
prehension,20,17
mpl,20,7
translator,20,16
tolerated,20,19
justification,20,18
sophistication,20,20
planting,20,10
oak,20,18
substituted,20,19
joint-based,20,17
tutorial,20,17
message-passing,20,20
deactivation,20,18
buffered,20,16
perturbing,20,20
view-invariant,20,14
indications,20,17
k-d,20,13
administration,20,20
microwave,20,18
discipline,20,19
terminology,20,20
velocity-controlled,20,17
multi-valued,20,17
permutations,20,18
single-chip,20,16
fine-tunes,20,20
chief,20,15
expects,20,20
contour-following,20,14
counterweights,20,16
epoxy,20,15
superquadrics,20,18
newtonian,20,20
dwell,20,14
specialists,20,18
failsafe,20,15
timescale,20,16
abnormality,20,16
dissipating,20,18
well-understood,20,20
progressing,20,20
pontryagin,20,19
titanium,20,16
controllably,20,18
terminates,20,19
ambler,20,14
force-to-weight,20,19
ported,20,20
redefining,20,20
valley,20,17
jerks,20,19
differential-algebraic,20,15
tentative,20,13
upper-bound,20,18
substructures,20,16
prescribing,20,19
feedrate,20,11
projectors,20,17
streamlining,20,20
hoof,20,5
transparently,20,17
ore,20,14
leadership,20,13
nyquist,20,19
contention,20,17
cem,20,11
bellow,20,16
cooled,20,17
non-collocated,20,15
understands,20,19
frequency-modulated,20,20
answered,20,19
duplication,20,16
layering,20,17
inscribed,20,18
dap,20,11
notches,20,12
multi-robotic,20,15
schools,20,17
rho,20,10
blanket,20,14
solvability,20,20
flutter,20,11
finger-tip,20,17
definiteness,20,17
territory,20,15
hamper,20,20
adjuster,20,13
easing,20,19
stm,20,17
schematic,20,17
memoryless,20,15
scene's,20,20
equidistant,20,20
fanuc,20,19
prs,20,12
concatenating,20,20
lightly,20,20
decelerate,20,19
articular,20,16
aam,20,8
csm,20,10
cuspidal,20,6
lasting,20,19
two-wheel,20,17
constant-velocity,20,19
multifunction,20,15
coexisting,20,18
roof,20,17
vii,20,16
rocker,20,15
gsl,20,8
relays,20,16
inertially,20,19
david,20,16
musculo-skeletal,20,19
dyads,20,15
precession,20,14
driftless,20,16
humanoid's,20,18
meat,20,12
puncturing,20,17
newest,20,19
learner's,20,12
football,20,11
odin,20,12
tri-axial,20,15
robustified,20,15
discards,20,20
tractor-trailers,20,12
australia,20,20
biotechnology,20,18
unskilled,20,15
carpet,20,18
crystalline,20,10
phrase,20,14
helios,20,10
post-contact,20,15
four-channel,20,19
neighbours,20,20
miscalibration,20,17
scouts,20,13
telecommunication,20,15
semi-direct,20,16
cad-guided,20,12
parties,20,19
stakeholders,20,18
submersible,20,17
pizza,20,16
popularly,20,20
lsm,20,7
pulls,20,20
flash,20,16
path-finding,20,18
takagi-sugeno,20,20
self-assemble,20,18
millimeter-sized,20,19
task-allocation,20,18
trips,20,16
in-water,20,17
saccade,20,14
oht,20,4
cliffs,20,16
reallocation,20,18
fear,20,19
smith,20,17
foresee,20,20
pci,20,13
two-agent,20,16
bpnn,20,10
lately,20,20
comb,20,13
clmr,20,8
reservoirs,20,17
muscle-driven,20,19
transceiver,20,17
top-view,20,14
rac,20,7
hemiparetic,20,12
bundled,20,15
destruction,20,18
cultured,20,15
seeding,20,18
coaxially,20,19
ltv,20,10
crutches,20,16
glue,20,16
attainment,20,18
particularity,20,20
cable-actuated,20,17
factoring,20,18
conductors,20,17
titanate,20,20
eye-gaze,20,14
smarter,20,20
bid,20,15
uncooperative,20,12
icp-based,20,19
esn,20,9
multiple-model,20,14
low-impedance,20,18
flagged,20,8
parallelograms,20,14
pmsms,20,9
vms,20,9
dsm,20,6
multi-section,20,17
time-to-collision,20,18
cycloid,20,11
cornea,20,11
weaken,20,19
system-wide,20,15
urinary,20,15
cusp,20,8
absorbers,20,12
clustering-based,20,19
invited,20,19
injector,20,13
solvent,20,9
microbots,20,9
mineral,20,18
samplers,20,17
irobot,20,20
unscrewing,20,16
square-root,20,13
prerecorded,20,18
flexing,20,17
well-being,20,19
b-scan,20,14
slider-crank,20,19
fascinating,20,20
multi-path,20,18
ace,20,10
piezoelectrically,20,17
bike,20,12
asme,20,18
workplaces,20,19
microhandling,20,10
palm-sized,20,19
strapdown,20,20
attending,20,18
cuda,20,20
depicts,20,19
step-to-step,20,19
fiducials,20,16
bootstrapped,20,17
mechanistic,20,15
multi-terrain,20,16
jumper,20,11
swarm's,20,19
serviced,20,17
surfacing,20,19
mmhg,20,13
non-central,20,11
ray-based,20,11
sag,20,10
prunes,20,20
payload-to-weight,20,18
quadrocopters,20,16
binarized,20,18
metering,20,12
mixer,20,15
shark,20,9
thermoresponsive,20,6
strands,20,12
path-based,20,13
gms,20,9
cuboids,20,14
grains,20,14
octopuses,20,17
ars,20,10
link-side,20,15
m-long,20,16
belief-space,20,14
non-vector,20,6
pem,20,9
embolization,20,10
patch-based,20,19
glide,20,15
pre-touch,20,9
asymptotically-optimal,20,20
overarching,20,19
space-filling,20,13
velociroach,20,10
three-fold,20,20
cpu-based,20,19
degenerated,20,20
customizability,20,19
dsa,20,9
viewpoint-invariant,20,18
inchworms,20,14
avian,20,13
dual-layer,20,19
ladders,20,14
icl,20,9
firmware,20,18
coach,20,12
pseudospectral,20,13
headway,20,10
kinodynamically,20,17
radical,20,19
self-triggered,20,12
quasi-direct,20,18
amputations,20,19
microfibers,20,10
early-stage,20,19
bronchial,20,12
barrel,20,16
pearl,20,4
holistically,20,19
visuo-haptic,20,14
key-frame,20,16
high-confidence,20,18
scouting,20,12
firefighting,20,17
warm-starting,20,17
rewiring,20,17
three-dimensionally,20,20
pid-based,20,15
nsga-ii,20,15
dso,20,15
metrically,20,18
meticulous,20,20
grape,20,15
decodes,20,20
berries,20,7
fmg,20,9
mad,20,7
pedestrian's,20,16
doc,20,8
work-related,20,19
obstacle-aware,20,15
mpcs,20,14
annotators,20,16
sumo,20,19
time-synchronized,20,18
tartanair,20,19
ctc,20,9
covariate,20,16
density-based,20,19
s-eye-view,20,18
swab,20,6
entropic,20,14
superpoint,20,16
micp,20,10
exteroception,20,17
visual-language,20,18
unlocks,20,20
pretrain,20,17
dsg,20,9
in-domain,20,19
algorithm-based,20,20
dgs-based,20,16
camera-radar,20,9
tor,20,20
algo,20,18
tire-road,20,13
narx,20,11
wristband,20,9
antiwindup,20,12
despot,20,4
scltopla,20,10
enumerated,19,18
displacing,19,18
diffeomorphic,19,16
movers,19,12
gages,19,13
multi-loop,19,16
deflect,19,19
two-joint,19,19
orbiting,19,16
single-board,19,18
uncompensated,19,18
warehousing,19,17
inheritance,19,17
gsr,19,12
remarks,19,18
indexed,19,19
subroutines,19,18
inverse-dynamics,19,19
disordered,19,18
prototype's,19,19
prisms,19,15
raibert,19,16
palletizing,19,15
declarative,19,18
double-support,19,14
teleoperations,19,17
integrable,19,17
digitally,19,18
themes,19,17
invariably,19,17
possessed,19,19
orthographic,19,14
topographical,19,13
usefully,19,19
pulse-echo,19,15
motion-induced,19,14
dcs,19,10
exposition,19,18
photoelastic,19,8
air-bearing,19,16
subroutine,19,19
began,19,19
predicated,19,19
entitled,19,19
harmony,19,18
minimises,19,19
coin,19,12
recognizable,19,18
sped,19,19
elapsed,19,16
wobble,19,10
edm,19,12
persists,19,19
pays,19,18
desirability,19,13
vsc,19,9
ribbons,19,7
favourable,19,19
untraversable,19,19
cartesian-space,19,16
mountainous,19,15
nonparallel,19,13
substructure,19,15
radiography,19,7
rectangles,19,15
subnets,19,12
modularization,19,16
pes,19,10
bounded-error,19,11
personalities,19,12
weakened,19,18
obstacle-cluttered,19,19
crosses,19,19
reconcile,19,19
cea,19,11
supervises,19,19
trimming,19,13
circulating,19,15
nonholonomy,19,19
docked,19,13
multiphase,19,18
modulator,19,17
skeletonization,19,16
nonperiodic,19,15
ceramics,19,18
horse,19,12
multiplicity,19,19
movability,19,15
wise,19,17
locators,19,13
tele-presence,19,13
percepts,19,17
sub-problem,19,17
unitary,19,18
nist,19,17
mower,19,13
premium,19,19
saccades,19,16
dots,19,15
wideband,19,15
brute,19,17
single-beam,19,11
semiglobal,19,17
anyone,19,19
cleared,19,17
remote-brained,19,10
sub-controllers,19,12
falcon,19,13
buckle,19,13
trocars,19,15
perceptibility,19,7
tolerable,19,19
ultraprecision,19,16
memorize,19,18
broadcasting,19,17
quintic,19,18
gyrover,19,13
telerobots,19,13
multiple-view,19,13
breadth-first,19,18
omnidirectionally,19,17
conveyors,19,17
simulator's,19,16
colonoscopes,19,15
soles,19,14
locked-joint,19,14
western,19,18
sbc,19,10
seating,19,13
imagined,19,18
short-time,19,17
occasions,19,19
anymore,19,19
relocalize,19,16
all-weather,19,15
doubly,19,16
submicrometer,19,16
fixations,19,17
kist,19,17
reel,19,15
revolutionary,19,19
self-position,19,11
parallelize,19,19
reprogrammable,19,13
aaa,19,7
definitely,19,19
acs,19,10
strives,19,19
senior,19,17
surviving,19,19
informational,19,18
filter's,19,19
friendliness,19,15
hexapods,19,15
retracted,19,19
waving,19,14
over-constrained,19,18
forward-backward,19,18
transversal,19,17
strengthened,19,19
roadmap-based,19,18
instance-based,19,14
ces,19,7
appliance,19,13
shrinkage,19,16
supermedia,19,8
mimesis,19,12
depalletizing,19,7
hoisting,19,10
non-conservative,19,16
pocket,19,14
radon,19,12
tendencies,19,18
uncorrelated,19,18
attest,19,19
gastrocnemius,19,15
fmp,19,6
laundry,19,16
tenfold,19,18
platform-independent,19,16
ers,19,19
tungsten,19,16
contralateral,19,14
srf,19,6
adpf,19,5
mosaicing,19,13
walker's,19,15
microforce,19,15
clever,19,18
altruistic,19,9
bolster,19,19
svms,19,17
slime,19,11
microenvironment,19,16
ptc,19,8
fosters,19,19
meshed,19,14
photo-crosslinkable,19,14
straight-forward,19,19
daily-life,19,16
succeeding,19,19
turtle,19,14
idling,19,14
emd,19,14
peltier,19,15
italy,19,19
bio,19,17
endoskeleton,19,9
ups,19,15
speak,19,17
system-based,19,12
chase,19,13
silkworm,19,8
forested,19,15
optimises,19,19
auto-regressive,19,16
vista,19,7
prediction-based,19,17
electro,19,17
rotorcrafts,19,14
marble,19,14
cancerous,19,19
kd-tree,19,13
softmax,19,16
hotspots,19,13
intertwined,19,19
subjectively,19,19
shortly,19,19
pip,19,17
mog,19,6
mbs,19,9
task-constrained,19,14
robot-mediated,19,14
insole,19,16
bam,19,6
v-shaped,19,16
fractures,19,14
micromachines,19,15
microcantilever,19,9
intestines,19,16
welders,19,6
nn-based,19,10
compounds,19,16
town,19,17
samplingbased,19,17
itasc,19,8
grit,19,9
shiny,19,15
roombots,19,9
bumpy,19,17
authentication,19,10
obscure,19,19
gps-based,19,17
plugging,19,17
interior-point,19,18
upgrade,19,18
steiner,19,13
culling,19,14
self-assembled,19,15
mcm,19,9
effortless,19,19
retrained,19,19
atrial,19,16
constant-factor,19,16
totaling,19,19
self-assessment,19,15
day-to-day,19,19
workforce,19,18
clearer,19,19
sta,19,15
ingress,19,11
gist,19,12
parkour,19,10
hdl,19,18
ecoflex,19,14
thermocapillary,19,13
knn,19,16
clots,19,12
carex,19,3
permeability,19,16
microfluidics,19,16
back-ends,19,15
post-grasp,19,12
uav-ugv,19,12
submodularity,19,14
transcribed,19,18
interfered,19,14
hauv,19,14
self-propulsion,19,17
esophageal,19,11
ufm,19,4
audiovisual,19,16
drc-hubo,19,8
ground-level,19,16
tiltrotor,19,8
opacity,19,9
flatness-based,19,19
mined,19,19
macro-actions,19,9
gesturing,19,17
co-safe,19,17
multi-heuristic,19,15
esp,19,10
clutching,19,15
rtg,19,5
gpis,19,11
mean-field,19,11
pre-integration,19,19
human-labeled,19,18
co-visibility,19,14
cartpole,19,17
matching-based,19,17
topp,19,8
starfish,19,11
infancy,19,19
human-readable,19,19
synapses,19,13
on-par,19,19
luenberger,19,14
long-short,19,18
mlps,19,15
erp,19,7
checkers,19,15
groundings,19,11
ert,19,12
geolocalization,19,8
bolts,19,16
fluidity,19,17
lmpc,19,9
farmers,19,17
defensive,19,16
scene-specific,19,17
meta-reinforcement,19,14
odes,19,16
sim-to-sim,19,14
finetune,19,19
crossmodal,19,12
oysters,19,5
pybullet,19,19
learning-free,19,15
millimeter-level,19,19
fwr,19,7
cloths,19,9
cker,19,15
waveguides,19,15
ssim,19,12
exoskeleton-assisted,19,17
openvla,19,12
badminton,19,11
tlie,19,11
mrc,19,9
nonrepetitive,19,10
song,19,9
corset,19,5
sog,19,6
microtubules,19,6
abovementioned,19,19
pneunets,19,7
ppp,19,6
inchworm-inspired,19,17
waterways,19,12
electronics-free,19,13
aod,19,4
ipmsm,19,11
syntactically,18,16
lexical,18,13
unix,18,16
pdp,18,9
television,18,18
handshaking,18,10
decaying,18,17
unachievable,18,18
connectedness,18,12
multiplied,18,17
delaying,18,16
chebyshev,18,16
arrivals,18,15
gauss-seidel,18,17
airplanes,18,16
pac,18,13
dec,18,8
ornl,18,9
attenuates,18,18
flops,18,17
passageways,18,18
readiness,18,18
resisted,18,15
vague,18,17
carts,18,14
stripes,18,11
effected,18,17
primate,18,13
undefined,18,15
spur,18,14
feed-back,18,18
coordinative,18,14
multi-degrees,18,18
looping,18,14
lcs,18,7
pendant,18,12
ripe,18,10
position-control,18,17
spline-based,18,18
ffc,18,9
january,18,18
well-developed,18,18
transputer,18,17
analogies,18,18
narrowed,18,18
kane's,18,11
uncharted,18,17
human-controlled,18,17
sinusoids,18,14
conics,18,12
flaw,18,12
instantiations,18,18
laminates,18,12
piecewise-linear,18,17
tech,18,16
combinatorially,18,18
advantageously,18,18
rpe,18,13
spar,18,9
jacket,18,13
actress,18,9
animate,18,13
organizational,18,12
executor,18,14
mastering,18,16
brackets,18,17
right-hand,18,17
noticed,18,18
instinctive,18,13
assemblable,18,9
assembles,18,18
dominating,18,17
anthropometric,18,15
experimenter,18,15
qualify,18,18
wide-area,18,15
undamped,18,14
relieves,18,17
isa,18,10
dishwasher,18,15
multi-criteria,18,18
ties,18,18
observer-controller,18,13
non-dimensional,18,15
interiors,18,17
limbed,18,15
stabilizable,18,13
point-contact,18,13
columbia,18,17
cholecystectomy,18,16
canada,18,18
subdivided,18,17
corresponded,18,17
epipoles,18,14
distracted,18,14
halt,18,18
mast,18,13
epoch,18,15
orientability,18,9
shoot,18,14
lifecycle,18,15
smd,18,9
multi-phase,18,15
localising,18,18
springy,18,14
teleoperative,18,16
four-finger,18,16
sticky,18,15
protrusion,18,11
substituting,18,18
exemplars,18,15
rod-hgvg,18,5
confidences,18,17
roller-walker,18,5
unicycle-like,18,17
paddling,18,14
reshaped,18,17
elasticities,18,16
kohonen,18,12
dimensioning,18,17
force-deflection,18,13
fsms,18,10
fewest,18,18
surrogates,18,14
re-configurable,18,16
sensor-guided,18,17
adjustability,18,16
revolves,18,18
resistivity,18,16
anticipates,18,18
knitted,18,8
sub-regions,18,13
airships,18,13
unevenness,18,15
upgrades,18,14
motionless,18,16
nems,18,14
head-eye,18,8
lands,18,18
window-based,18,18
eels,18,12
stray,18,10
tour-guide,18,11
verb,18,11
in-between,18,17
dae,18,11
minimisation,18,15
odometry-based,18,16
steady-hand,18,15
anterior-posterior,18,17
canes,18,13
well-conditioned,18,16
plastics,18,18
white-box,18,15
orocos,18,10
widen,18,17
differential-driven,18,12
cns,18,11
circumstance,18,17
riv,18,10
q-values,18,15
polyester,18,16
pda,18,9
constancy,18,18
cramer-rao,18,16
kidnapping,18,15
basins,18,15
meso,18,13
revenue,18,13
safeguarding,18,13
supplementing,18,17
responsibilities,18,16
sys,18,18
view-point,18,16
bushes,18,17
multi-robots,18,16
iid,18,10
downtown,18,17
speeches,18,11
pdfs,18,12
robhaz-dt,18,6
fertilization,18,17
borrowing,18,18
foveal,18,14
nest,18,11
navigability,18,15
scripting,18,17
bem,18,7
urgently,18,18
ternary,18,17
lle,18,8
fsrs,18,9
crystallization,18,7
intervenes,18,18
translucent,18,17
vivid,18,17
mca,18,9
power-assist,18,10
cropped,18,17
pleated,18,16
tip-sample,18,12
migrate,18,17
inhibition,18,17
lit,18,14
coworkers,18,18
nails,18,13
marginalized,18,17
sex,18,7
matroid,18,13
thermomechanical,18,18
renderer,18,17
multi-cluster,18,7
homography-based,18,16
wmm,18,5
atron,18,8
dialogues,18,14
proxy-based,18,14
eap,18,11
hvs,18,7
icosahedron,18,12
tearing,18,13
chameleon,18,10
conserving,18,17
emf,18,8
sip,18,9
strongest,18,18
nsb,18,9
seminal,18,18
heartbeat,18,16
dip,18,14
puppet,18,9
human-robot-interaction,18,17
goat,18,11
drosophila,18,10
micropipettes,18,13
introspection,18,15
littledog,18,14
point-foot,18,12
supermarket,18,15
volts,18,11
reordering,18,14
synergizes,18,18
rbcs,18,7
oceanic,18,18
case-study,18,17
counterweight,18,15
phenotypic,18,13
inversion-based,18,14
elaborates,18,17
sidewall,18,10
non-inertial,18,9
tricky,18,18
spain,18,18
submapping,18,14
livestock,18,10
monopedal,18,17
caching,18,15
earthquakes,18,17
ida-pbc,18,12
contact-free,18,16
self-adaptation,18,15
agilely,18,17
racket,18,15
donning,18,14
blinking,18,14
far-field,18,13
high-value,18,16
sambot,18,5
outlier-robust,18,13
t-rrt,18,7
relocalisation,18,10
costmaps,18,11
vertebrates,18,17
buoy,18,9
hooks,18,13
pyroelectric,18,10
pneumatic-driven,18,18
single-legged,18,15
subway,18,12
fpm,18,5
extrinsically,18,15
multiaxial,18,14
elite,18,14
irrigation,18,17
split-belt,18,5
pre-grasping,18,14
information-driven,18,15
stackable,18,14
braitenberg,18,8
drills,18,14
evade,18,17
rrg,18,9
explorative,18,17
imu-camera,18,14
cspr,18,6
excluded,18,18
d-printable,18,18
exiting,18,18
macrophages,18,8
head-neck,18,7
oceans,18,18
intra-category,18,13
multi-instance,18,12
superball,18,9
hemorrhage,18,10
layer-by-layer,18,17
drowsiness,18,5
drc,18,14
discount,18,13
ilqg,18,11
resource-efficient,18,18
scalpel,18,10
photoacoustic,18,10
wearables,18,15
curate,18,18
kde,18,10
active-passive,18,17
low-altitude,18,17
ornithopters,18,11
diseased,18,15
larva,18,9
ducts,18,13
grouser,18,5
heightmap,18,15
object-agnostic,18,17
short-distance,18,16
deployability,18,18
cbm,18,6
swirl,18,4
buckled,18,11
natural-language,18,13
robotarium,18,13
wheel's,18,12
sher,18,9
stark,18,18
cnn-lstm,18,14
futures,18,18
tspn,18,11
ready-to-use,18,18
cyclists,18,15
elasto-plastic,18,10
transceivers,18,11
event-camera,18,11
incentives,18,14
constellations,18,15
apriltag,18,13
taxi,18,14
rws,18,7
caption,18,12
stateof-the-art,18,18
haru,18,8
text-based,18,16
atrous,18,11
facade,18,12
uncovering,18,15
ris,18,5
shapenet,18,18
freebot,18,4
irmvlab,18,18
aat,18,4
promp,18,12
opv,18,17
dual-stream,18,15
top-k,18,16
untangling,18,8
radar-camera,18,11
semantic-guided,18,14
frenet,18,17
llm-driven,18,14
long-tailed,18,14
renowned,18,18
obstacle-avoiding,18,16
terrain-adaptive,18,16
mode-switching,18,12
nubot-nudt,18,18
retrieval-augmented,18,17
dct,18,8
fkm,18,6
fjr,18,7
fam,18,7
ivus,18,5
roll-to-roll,18,11
graphene,18,12
spheroids,18,5
fess,18,7
pneu-net,18,11
mscr,18,8
remora,18,5
collabratec,18,6
eggs,17,16
reasoned,17,17
finger-object,17,15
shrinks,17,17
rasterized,17,15
unoccupied,17,16
asrs,17,8
men,17,14
wedging,17,12
force-reflection,17,15
verbs,17,10
focussed,17,14
drilled,17,15
ancillary,17,15
low-volume,17,15
recourse,17,17
gramian,17,13
multi-processor,17,14
sketching,17,9
accomplishments,17,17
visual-motor,17,14
excludes,17,16
unspecified,17,17
steepest,17,17
formalizing,17,17
ruled,17,14
residue,17,13
cross-country,17,17
singulating,17,13
catalog,17,16
overheating,17,14
superquadric,17,15
overheads,17,17
sheer,17,17
job-shop,17,14
space-based,17,15
servo-control,17,16
equilateral,17,14
endogenous,17,14
chopsticks,17,11
wheelbase,17,14
microsystem,17,16
brushes,17,11
degeneracies,17,12
determinants,17,14
weightless,17,14
acceleration-based,17,15
cantilevered,17,16
admissibility,17,14
cpc,17,10
withdrawal,17,12
multifaceted,17,17
direction-dependent,17,14
parameterizes,17,17
freeing,17,17
insufficiency,17,17
cleanup,17,14
startup,17,15
domain-independent,17,16
reeds,17,11
resolution-complete,17,15
manifested,17,17
ill,17,15
pick-place,17,14
fruitful,17,17
levers,17,13
dfa,17,7
lamps,17,13
stereotactic,17,13
deaths,17,16
rotationally,17,16
profiler,17,16
oscillates,17,15
irradiance,17,14
unload,17,15
differencing,17,16
climbers,17,16
nonhomogeneous,17,16
topology-based,17,11
rrc,17,9
overwhelming,17,17
drivability,17,17
saline,17,14
metals,17,16
hybridization,17,13
can't,17,16
interchange,17,16
blindfolded,17,15
restraining,17,17
depended,17,17
coincident,17,17
piezoceramic,17,12
interferometry,17,16
ppr,17,9
planarity,17,17
creativity,17,13
insulator,17,9
ape,17,11
chores,17,16
ergodicity,17,12
in-orbit,17,13
singularity-consistent,17,15
runners,17,11
scooter,17,12
chaser,17,14
sensor-fusion,17,15
single-wheel,17,15
groupings,17,14
percentile,17,15
touch-based,17,16
rhp,17,8
rod-shaped,17,15
free-swinging,17,13
historic,17,14
microcoil,17,8
lola,17,15
attribution,17,12
w-space,17,8
calibration-free,17,15
joins,17,15
circulatory,17,12
drove,17,17
illusions,17,8
percussion,17,11
radiometric,17,14
ims,17,8
malignant,17,15
distort,17,16
spends,17,16
sub-micron,17,15
plateau,17,17
perceptrons,17,17
rappelling,17,8
electro-magnetic,17,15
monochrome,17,15
conformational,17,10
garbage,17,11
predator,17,15
sintering,17,16
colonies,17,16
occupying,17,17
quasi-dynamic,17,11
pivots,17,16
specialist,17,16
depositing,17,16
saika,17,6
contrarily,17,16
regenerated,17,16
peculiarities,17,16
east,17,11
disc-shaped,17,16
devises,17,17
fsr,17,14
directivity,17,10
non-intrusive,17,17
pressure-based,17,16
simply-connected,17,16
cardboard,17,15
postulate,17,17
dls,17,6
kirchhoff,17,15
mate,17,17
low-precision,17,16
cancels,17,17
asteroids,17,16
simulative,17,17
sterile,17,11
interagent,17,15
on-ground,17,14
countermeasures,17,16
structure-based,17,12
thrusting,17,14
sculpting,17,9
foundry,17,10
cache,17,13
s-cvt,17,3
lift-off,17,15
hepatic,17,9
rheology,17,8
of-freedom,17,17
mismatching,17,16
interval-based,17,14
mrad,17,14
micro-robotics,17,17
exponent,17,16
quasi-velocities,17,6
retracts,17,15
intake,17,10
cervical,17,13
correspondence-free,17,13
superficial,17,16
close-up,17,17
quadrant,17,14
broadcasts,17,15
vertebrate,17,17
rbfn,17,9
bristle,17,5
long-lasting,17,17
moduli,17,17
diamagnetic,17,10
parsimonious,17,15
misclassified,17,14
cockpit,17,9
uncertainty-driven,17,16
nanomanipulator,17,12
multi-lane,17,14
undetectable,17,10
abrasive,17,11
quarter,17,14
micro-electro-mechanical,17,17
crc,17,8
animal's,17,16
view-dependent,17,16
brains,17,13
locomotions,17,15
photonic,17,14
watts,17,15
hebbian,17,13
fan-out,17,4
facilitation,17,16
physics-inspired,17,13
tidying,17,10
mls,17,7
stealthy,17,13
vegetated,17,15
stop-and-go,17,13
zirconate,17,17
hydrophobic,17,12
multiloop,17,16
hamilton,17,17
hopf,17,16
nanomanufacturing,17,10
bsa,17,5
unvisited,17,16
paintings,17,9
braces,17,15
ipmcs,17,14
phalanxes,17,13
fires,17,14
three-way,17,16
voronoi-based,17,13
gss,17,6
eda,17,5
cognitively,17,16
plane-based,17,16
interfacial,17,14
fingerprints,17,14
intraoral,17,2
approved,17,16
desires,17,15
left-right,17,16
apartment,17,17
sliders,17,15
sdm,17,13
bridged,17,17
impedance-type,17,17
hsr,17,13
error-based,17,16
therapist's,17,11
males,17,12
pipettes,17,11
clicks,17,14
happened,17,17
emgs,17,10
stalks,17,7
crfs,17,13
non-markovian,17,14
electrolocation,17,10
ultra-high,17,16
arc-shaped,17,15
tug,17,10
curtains,17,5
furuta,17,16
rescuers,17,12
directionally,17,16
mrf-based,17,8
the-art,17,17
nanometers,17,16
obstacle's,17,15
flagellated,17,11
inter-class,17,17
ara,17,9
graphslam,17,12
coplanarity,17,15
pctl,17,8
handoff,17,9
valence,17,10
multi-dofs,17,15
inward,17,13
oncoming,17,13
practicing,17,17
knot-tying,17,10
parm,17,8
one-to-many,17,15
armar-iii,17,17
parameterised,17,15
reasoner,17,12
summaries,17,9
standstill,17,15
lawnmower,17,15
vibration-based,17,15
tcs,17,7
awas,17,8
treebot,17,4
nanotool,17,2
tangled,17,14
via-point,17,13
tfs,17,5
lemur,17,7
small-gain,17,15
decisive,17,17
utilisation,17,17
ccc,17,8
cross-dataset,17,14
over-fitting,17,17
uploaded,17,17
ownership,17,11
ratchet,17,14
ackermann,17,14
stalk,17,7
dmpc,17,8
lift-to-weight,17,11
uhf,17,9
probe-based,17,17
transoral,17,15
feature-rich,17,14
streamed,17,16
magnetic-based,17,12
dual-task,17,12
x-axis,17,17
svo,17,10
script,17,13
collision-checking,17,14
pmlsm,17,6
street-level,17,11
energy-constrained,17,14
covisibility,17,12
multicore,17,15
cbha,17,8
mixture-of-experts,17,16
exo,17,6
costar,17,12
valkyrie,17,16
logarithm,17,13
stretchability,17,17
taut,17,17
largescale,17,17
mesh-based,17,14
ndi,17,7
pixelwise,17,16
turbidity,17,17
post-hoc,17,15
log-likelihood,17,17
ivt,17,4
bi-stable,17,11
tailless,17,13
inter-subject,17,13
target-oriented,17,15
funnels,17,11
denial,17,15
atalante,17,14
camera-imu,17,15
vacuum-based,17,17
penalized,17,13
hexapole,17,9
uskin,17,12
rehearsal,17,12
morphable,17,12
embrace,17,17
empathy,17,10
bionics,17,14
wildfire,17,13
moe,17,10
multilinked,17,9
spd,17,7
icy,17,11
visibility-aware,17,11
whales,17,7
critics,17,16
sample-efficiency,17,16
frame-wise,17,16
agent-centric,17,11
rgb-thermal,17,15
single-modality,17,16
robotiq,17,15
target-based,17,15
two-branch,17,15
simulation-to-reality,17,16
dms,17,7
metamaterial,17,12
stiffness-tunable,17,9
upside,17,15
scenario-based,17,14
valet,17,17
distilling,17,17
cross-track,17,13
wide-ranging,17,15
tableware,17,8
screw-based,17,11
dmatch,17,16
tum-vi,17,15
structure-aware,17,13
mass-produced,17,16
blackberries,17,6
ehd,17,5
extremum-seeking,17,12
kinetostatics,17,14
view-of-delft,17,14
persuasion,17,8
thrust-to-weight,17,14
impeller,17,11
occ,17,14
vlas,17,10
rvo,17,9
mags,17,4
luminal,17,11
lmms,17,8
ungrasping,17,4
d-gs,17,6
dysfunction,17,17
tea,17,11
pif,17,2
foc,17,7
vdc,17,10
lhmm,17,4
news,17,15
bystander,17,5
osf,17,5
aus,17,7
microjets,17,4
hbc,17,3
ctcs,17,5
pts,17,8
air-gap,17,12
kmp,17,9
anfis,17,8
prognostic,17,9
hbox,17,8
mea,17,9
multi-tasking,16,15
canny,16,15
speckle,16,12
hilare,16,16
nbs,16,8
prohibits,16,16
commensurate,16,16
vice-versa,16,16
lisp,16,13
foci,16,11
abbreviated,16,16
cyclically,16,16
managers,16,13
feature-matching,16,15
pleasant,16,13
armed,16,15
prefilter,16,10
unequal,16,15
logn,16,11
sub-linear,16,14
sandia,16,14
march,16,16
decelerating,16,16
parallels,16,16
iterating,16,15
paradox,16,15
mixes,16,16
reactors,16,13
tardiness,16,13
stressed,16,15
rtc,16,8
polaroid,16,13
formalisms,16,16
precompute,16,16
imprints,16,12
mtc,16,5
unary,16,12
denoting,16,15
minnesota,16,16
vanishes,16,15
upgrading,16,16
detours,16,16
erosion,16,15
mated,16,14
shirt,16,11
finishes,16,16
lower-bound,16,15
aluminium,16,15
two-robot,16,15
saturate,16,16
traded,16,16
best-fit,16,15
arx,16,11
ergonomically,16,16
multiple-degree-of-freedom,16,16
continuous-curvature,16,13
illuminations,16,15
multidegree-of-freedom,16,16
coarse-fine,16,9
escapes,16,14
slewing,16,13
sensor-actuator,16,13
reservation,16,11
object-centered,16,15
speed-accuracy,16,12
pencil,16,13
sme,16,9
srms,16,10
knowledge-driven,16,11
pnn,16,5
override,16,14
disk-shaped,16,15
charge-coupled,16,16
transputers,16,15
islands,16,14
integrations,16,16
mounts,16,15
shepp,16,10
canyon,16,15
evaluative,16,13
stiffened,16,15
finger-shaped,16,12
scaled-up,16,16
ssf,16,6
infections,16,14
cancelling,16,15
interference-free,16,12
reciprocity,16,15
centralised,16,14
arclength,16,12
culminating,16,16
carlike,16,11
mail,16,12
acronym,16,16
multi-manipulator,16,10
serial-parallel,16,14
builder,16,16
feedback-control,16,14
pixel-based,16,15
platen,16,10
populate,16,15
depart,16,16
upstroke,16,14
teleprogramming,16,10
kilometer,16,16
delay-free,16,11
doubles,16,16
kicks,16,13
stereolithography,16,16
replanned,16,16
imparts,16,16
diffuser,16,10
usm,16,6
instantiating,16,16
bagging,16,9
large-sized,16,15
casing,16,14
velocity-level,16,14
doe,16,13
centred,16,12
non-systematic,16,11
rayleigh,16,15
elevating,16,15
judiciously,16,15
box-pushing,16,11
five-finger,16,15
enumerating,16,15
waf,16,5
immobile,16,16
bilaterally,16,16
hong,16,16
natures,16,16
ciliary,16,13
yard,16,14
bugs,16,7
teletaction,16,5
grant,16,16
hec,16,4
point's,16,12
tethering,16,10
fluid-filled,16,15
non-negative,16,15
someone,16,16
multivehicle,16,15
mes,16,8
conformation,16,13
subchains,16,14
rap,16,6
dts,16,8
spare,16,14
peak-to-peak,16,16
non-coplanar,16,14
mastication,16,11
just-in-time,16,12
messaging,16,13
readable,16,15
november,16,15
impassable,16,14
rii,16,10
see-through,16,15
perceivable,16,15
infrequent,16,16
prices,16,13
vane,16,13
lieu,16,16
sales,16,9
dual-armed,16,13
voluntarily,16,16
downwards,16,16
ions,16,14
attacking,16,14
dampen,16,15
inheriting,16,16
human-interactive,16,13
subregion,16,9
enjoyment,16,14
flipped,16,9
multicriteria,16,15
pulsating,16,13
explorers,16,15
local-global,16,15
pre-impact,16,13
harp,16,8
state-transition,16,11
aisles,16,10
researching,16,16
spending,16,15
d-space,16,15
france,16,15
monopropellant,16,13
transponder,16,12
logistical,16,14
macro-scale,16,16
footwear,16,11
shuffling,16,12
coordinately,16,15
discharging,16,15
bovine,16,16
meta-modules,16,11
seals,16,14
propellant,16,10
levitating,16,12
ddf,16,9
undocking,16,12
back-projection,16,16
underutilized,16,15
playground,16,8
sig,16,11
dfm,16,7
browse,16,15
watershed,16,12
imperceptible,16,15
degradations,16,13
ventilation,16,14
compass-like,16,16
intimate,16,16
laser-range,16,11
drivetrains,16,14
qrio,16,11
potentiometer,16,16
ccl,16,8
modifiable,16,13
maybe,16,16
sickness,16,12
spills,16,14
milli,16,10
booms,16,12
committed,16,15
photographer,16,11
irc,16,7
in-the-loop,16,16
test-bench,16,15
transporters,16,11
kill,16,10
non-penetration,16,14
mr-guided,16,13
mixed-initiative,16,12
inhibitory,16,10
time-averaged,16,13
geckos,16,14
discriminates,16,16
polyvinyl,16,16
asymtre,16,7
squid,16,14
sediment,16,12
geologic,16,10
mft,16,8
women,16,14
frss,16,7
nanofabrication,16,13
money,16,15
taxis,16,13
embryonic,16,15
sma-based,16,10
stances,16,12
mimetic,16,11
floats,16,6
heart's,16,11
flocks,16,15
undelayed,16,13
sublinear,16,13
wfw,16,3
compass-gait,16,13
cultivation,16,13
appreciated,16,16
centaur,16,7
rhythms,16,15
girona,16,15
palpate,16,15
fibrillar,16,11
cobra,16,12
radiofrequency,16,15
withstanding,16,16
unmeasured,16,16
tuna,16,8
cdpm,16,7
certifying,16,15
peel,16,15
self-stable,16,12
replanner,16,16
passersby,16,8
trilateration,16,14
rudder,16,16
credibility,16,16
eeg-based,16,13
biometric,16,12
cma-es,16,11
unused,16,11
object-object,16,16
wka,16,5
forage,16,9
noiseless,16,15
wingbeat,16,10
sub-map,16,11
kinodynamics,16,11
torque-angle,16,13
model-mediated,16,13
cdms,16,6
in-vehicle,16,13
apprenticeship,16,12
dpc,16,8
meta-heuristic,16,14
unaddressed,16,16
shape-sensing,16,12
constricted,16,11
altimeter,16,14
subsymbolic,16,11
cohort,16,15
vectored,16,12
novelly,16,16
exacerbates,16,16
cga,16,7
tpf,16,6
conductance,16,10
quasi-periodic,16,11
hrtf,16,5
haptics-enabled,16,13
argues,16,16
confidently,16,16
structureless,16,13
cfa,16,8
vmc,16,10
palmar,16,13
newtons,16,12
rigid-bodied,16,16
mods,16,9
memberships,16,16
rides,16,14
region-wise,16,13
ees,16,5
drifters,16,7
perception-driven,16,15
sagging,16,11
sub-policies,16,11
ventricle,16,11
deconvolution,16,15
jetting,16,9
grousers,16,10
i-auv,16,8
potent,16,16
exploration-exploitation,16,15
riser,16,9
thermals,16,8
rbo,16,10
offload,16,15
long-endurance,16,15
sfa,16,10
field's,16,15
functionalized,16,15
vfs,16,9
trainee's,16,10
dlp,16,7
all-in-focus,16,8
soft-body,16,15
audio-based,16,13
propulsors,16,12
debridement,16,9
high-intensity,16,14
timescales,16,13
mra,16,8
pouches,16,13
factor-graph,16,15
sleeves,16,14
notwithstanding,16,16
judgments,16,14
fliers,16,12
tee,16,6
ubiquitously,16,16
asynchrony,16,9
polyps,16,12
low-end,16,16
dec-pomdps,16,7
boiling,16,12
inspires,16,16
vertebra,16,12
c-shaped,16,13
titled,16,15
biosignals,16,11
hand-tuning,16,16
variable-speed,16,14
accidentally,16,16
colloidal,16,12
prestressed,16,12
v-rep,16,16
cranial,16,10
wand,16,6
fpcb,16,4
armar,16,16
berkeleyautomation,16,16
one-third,16,15
tps,16,8
doas,16,10
magnetically-actuated,16,14
textile-based,16,15
sperms,16,7
governor,16,13
gp-based,16,11
ismc,16,9
fcn,16,12
klt,16,9
yellow,16,14
between-subjects,16,15
multi-auv,16,8
segment-based,16,12
gmrf,16,7
sail,16,10
boltzmann,16,14
bvi,16,6
francisco,16,15
surfel-based,16,12
easy-to-implement,16,15
mcc,16,6
atrias,16,10
codesign,16,13
in-grasp,16,8
pretext,16,10
ultra-wide,16,15
stagnation,16,9
stitches,16,11
tilt-rotor,16,15
multi-branch,16,12
disentanglement,16,12
mpt,16,5
handwritten,16,12
t-less,16,15
depthwise,16,11
action-value,16,10
overfit,16,16
hitchhiking,16,6
equirectangular,16,14
state-ofthe-art,16,16
depth-aware,16,14
subt,16,11
resistances,16,15
learning-enabled,16,14
bluerov,16,16
self-designed,16,16
ast,16,8
ndob,16,8
pearson,16,16
argos,16,8
dur,16,6
linkage-based,16,13
micromanufacturing,16,16
gsm,16,9
well-balanced,16,16
disrupting,16,16
meta-training,16,13
infill,16,11
h-lip,16,6
lane-changing,16,10
comprehending,16,16
cluster-based,16,15
fwrs,16,6
cross-subject,16,10
polylines,16,12
clutters,16,12
in-lab,16,15
overlooks,16,16
disentangles,16,16
aws,16,8
pbrl,16,8
stand-to-sit,16,14
ctde,16,12
delves,16,16
tofu,16,10
chain-of-thought,16,16
lles,16,7
low-stiffness,16,13
jam,16,14
suavs,16,8
undermine,16,16
biomimicry,16,15
photothermal,16,12
human-following,16,13
crm,16,8
casualty,16,10
hallucinations,16,12
machine-learning-based,16,14
mises,16,9
adt,16,5
interferes,16,16
self-energizing,16,6
ventricular,16,12
mvo,16,6
short-circuit,16,7
asl,16,6
ventricles,16,9
cpd,16,8
piezomotor,16,6
subscriptions,16,13
multistate,16,12
sdre,16,5
vbts,16,8
double-sided,16,7
deception,16,5
styled-content,16,2
mscrs,16,7
antidisturbance,16,13
energy-harvesting,16,8
parser,15,13
electronically,15,14
subtracting,15,14
holders,15,13
in-process,15,15
well-posed,15,15
inter-task,15,11
tabular,15,13
preassigned,15,10
stock,15,13
earliest,15,15
generically,15,15
shuffle,15,10
slalom,15,13
phase-locked,15,15
government,15,14
imparting,15,15
starvation,15,13
what's,15,15
cmms,15,8
ral,15,11
nonnegligible,15,15
soft-finger,15,12
cusps,15,10
ski,15,8
n-degree-of-freedom,15,15
orderings,15,12
hermes,15,7
georgia,15,15
collar,15,10
batting,15,11
ton,15,15
complaint,15,15
proc,15,15
halves,15,14
low-accuracy,15,13
yamabico,15,15
screens,15,14
stc,15,6
all-in-one,15,14
extravehicular,15,12
hoped,15,15
model-independent,15,14
period-doubling,15,14
parity,15,10
weakens,15,15
inadvertently,15,15
advocates,15,15
near-perfect,15,15
actuator-based,15,14
tilts,15,15
ess,15,6
expended,15,15
urgency,15,11
polyhedrons,15,12
vector-based,15,12
constant-speed,15,12
tumble,15,12
alerts,15,13
wears,15,15
staged,15,13
memorizes,15,13
potential-based,15,13
sinking,15,12
evading,15,15
marc,15,5
ministry,15,15
succession,15,15
orthogonalization,15,13
organizes,15,15
n-finger,15,9
rescaling,15,12
accord,15,14
micron-scale,15,14
multi-agents,15,14
surface-mounted,15,14
pertains,15,15
indeterminacy,15,15
fellow,15,15
inspector,15,10
micro-manipulator,15,11
countless,15,15
berthing,15,11
aural,15,9
sacrifices,15,15
part-level,15,10
glance,15,14
immobility,15,10
accumulator,15,8
celestial,15,14
transplantation,15,10
decontamination,15,13
subsumes,15,15
t-shaped,15,13
relaying,15,15
mht,15,9
consolidation,15,13
stabilise,15,15
firmness,15,6
envisaged,15,15
sailboats,15,8
mutations,15,8
coarser,15,14
hindlimb,15,9
dars,15,6
ordinal,15,14
tolerating,15,15
loosening,15,14
fluctuate,15,15
human-generated,15,14
unconsciously,15,15
max-plus,15,9
multitarget,15,13
gough,15,13
holons,15,6
wishes,15,15
dead-zone,15,9
semi-autonomously,15,14
enterprise,15,15
horticultural,15,9
swaying,15,12
matured,15,14
duties,15,15
thermodynamic,15,14
grooves,15,14
fixate,15,12
robin,15,10
wheel-ground,15,10
diverging,15,14
aurora,15,10
interlaced,15,12
concavity,15,14
preprocess,15,15
ray-shooting,15,11
fifo,15,9
shunting,15,12
nanometer-scale,15,14
leveling,15,12
profoundly,15,15
human-care,15,8
preemptively,15,13
counters,15,14
samsung,15,12
demonstration-based,15,13
sewers,15,13
d-optimality,15,11
obeys,15,15
human-size,15,13
pre-calibration,15,15
stabilizability,15,11
tossing,15,8
unmarked,15,12
preferential,15,12
re-sampling,15,11
deliberation,15,13
trainers,15,14
zpetc,15,4
gain-scheduling,15,14
remember,15,15
beam-based,15,11
warmth,15,8
wavelets,15,13
chen,15,15
leader-following,15,15
jogging,15,11
csr,15,6
intramedullary,15,7
tracker's,15,14
ignorance,15,12
photogrammetric,15,13
crown,15,8
genbu,15,3
graspit,15,13
interoperability,15,14
residency,15,11
pba,15,7
shadowing,15,14
amm,15,6
multi-component,15,12
confines,15,15
affording,15,15
non-parallel,15,14
amss,15,9
manikin,15,14
openhrp,15,10
giver,15,8
udp,15,15
ingenious,15,15
charger,15,12
tsmc,15,5
listen,15,15
pic,15,11
evaporation,15,12
blowing,15,8
visitor,15,8
flesh,15,9
autonomic,15,13
pittsburgh,15,14
top-level,15,12
switchings,15,11
sga,15,7
close-loop,15,14
disposed,15,14
microelectrodes,15,9
self-made,15,14
single-objective,15,14
platoons,15,12
eds,15,7
basics,15,15
gateway,15,14
talker,15,11
tensioned,15,14
piezostack,15,6
fingerpad,15,10
burdensome,15,15
m-estimator,15,11
hippocampus,15,13
sparked,15,15
articulatory,15,9
srt,15,11
morphologically,15,15
biomembrane,15,3
low-visibility,15,13
endanger,15,15
pockets,15,11
ias,15,3
re-orientation,15,13
ogsps,15,7
underwent,15,14
semi-parametric,15,12
biomechatronic,15,12
config,15,9
initiatives,15,12
delayed-state,15,9
jeopardize,15,15
four-limbed,15,9
omit,15,15
mrfs,15,8
mini-whegs,15,8
enjoyed,15,15
dmd,15,9
prc,15,7
conduction,15,13
departing,15,15
radiologist,15,11
tumour,15,9
interlimb,15,9
sleeping,15,10
pre-shaping,15,7
irs,15,7
entailing,15,15
campaigns,15,14
glare,15,14
superbot,15,10
dancers,15,12
non-backdrivable,15,13
wheel-legs,15,8
transhumeral,15,10
semi-passive,15,10
dsd,15,2
proxies,15,14
victoria,15,15
position-position,15,14
corneal,15,7
blastocyst,15,6
striders,15,9
disastrous,15,15
third-party,15,14
vsj,15,8
predesigned,15,14
collapses,15,15
winner,15,14
hiding,15,15
finals,15,14
evacuees,15,6
testify,15,15
zeno,15,10
blooms,15,11
covariant,15,12
singing,15,8
relearning,15,14
state-of,15,15
cannulas,15,11
omitting,15,15
rollin,15,13
intra-operatively,15,14
replicas,15,15
disconnecting,15,15
reagent,15,9
prestress,15,11
wrinkle,15,9
sacrificed,15,15
ahrs,15,12
disengaged,15,15
spatio-temporally,15,15
irep,15,6
inland,15,7
favoring,15,15
rbe,15,5
human-interpretable,15,14
single-channel,15,15
high-frame-rate,15,13
frequency-dependent,15,14
lim,15,6
wounds,15,13
competes,15,15
abf,15,5
patents,15,14
open-circuit,15,14
material's,15,15
legged-wheeled,15,9
chess,15,8
repositories,15,14
intervening,15,13
lamb,15,10
sensibility,15,10
tacit,15,8
caenorhabditis,15,15
bolus,15,6
sil,15,14
uncoordinated,15,14
unperturbed,15,13
poised,15,15
sums-of-squares,15,13
cotton,15,12
incredible,15,14
recently-developed,15,15
replacements,15,14
trust-region,15,13
footfall,15,13
kld,15,10
bouc-wen,15,11
three-layered,15,12
time-intensive,15,15
spanner,15,6
sensor-equipped,15,14
parametrize,15,15
mm-long,15,15
hindrance,15,15
semg-based,15,12
favourably,15,15
neurorobotic,15,13
mci,15,10
interframe,15,12
instructing,15,15
unsynchronized,15,14
cable-pulley,15,8
optitrack,15,14
neuromechanical,15,12
trl,15,7
bulb,15,14
mtl,15,8
imf,15,7
malleable,15,9
scripted,15,14
caterpillars,15,13
unmet,15,15
svsa,15,4
almost-surely,15,15
feat,15,14
gis,15,7
up-and-down,15,12
body-environment,15,10
lexicographic,15,12
dual-slip,15,4
poured,15,8
under-ice,15,7
flare,15,8
fixed-size,15,14
kilohertz,15,14
single-segment,15,12
crowd-sourced,15,12
push-grasping,15,9
lengthening,15,11
nuisance,15,13
any-angle,15,8
life-threatening,15,15
bop,15,9
hydrogel-based,15,10
throttling,15,10
outperformance,15,15
model-less,15,10
microfiber,15,5
overestimation,15,13
tikhonov,15,11
resizing,15,9
near-miss,15,3
sst,15,11
hkust-aerial-robotics,15,14
reconstruction-based,15,15
harmonious,15,13
child's,15,11
atari,15,12
convexification,15,10
aneurysms,15,14
suction-based,15,14
multi-chamber,15,8
e-commerce,15,13
revolutionizing,15,15
vot,15,8
stuff,15,9
subunits,15,10
spatial-aware,15,12
position-tracking,15,13
ssi,15,5
segmentation-based,15,14
mm-diameter,15,15
attention-guided,15,14
drop-off,15,12
modality-specific,15,15
personalizing,15,15
reflex-based,15,12
single-modal,15,13
fish-inspired,15,12
torque-control,15,13
staggered,15,14
loihi,15,10
levenberg,15,14
marquardt,15,14
fer,15,5
first-of-its-kind,15,15
exciter,15,6
aafo,15,9
ocr,15,12
underpinning,15,15
karush-kuhn-tucker,15,14
ignition,15,14
high-sensitivity,15,15
hqp,15,9
mvsec,15,13
tta,15,4
fast-lio,15,9
battery-free,15,12
retrieval-based,15,13
hzd-based,15,8
lagging,15,15
nano-drones,15,9
internet-scale,15,14
skill-based,15,13
multidomain,15,12
country,15,13
simulation-trained,15,15
rectifying,15,15
moma,15,3
silk,15,11
uois,15,8
affirming,15,15
det,15,7
co-learning,15,8
fwav,15,6
acp,15,8
phase-based,15,12
cbss,15,4
within-subjects,15,15
objectnav,15,9
task-motion,15,9
user-provided,15,13
amota,15,12
russ,15,6
manipu,15,15
ccpp,15,5
mouth-opening,15,3
emotionally,15,13
vibrators,15,5
hev,15,8
standby,15,10
slammot,15,4
spurred,15,15
smps,15,8
erector,15,13
spmsm,15,5
courtesy,15,5
sma-driven,15,7
intraclass,15,12
micropuncture,15,4
fpas,15,3
applica,15,9
peer-reviewed,15,15
coauthors,15,15
succinct,14,14
awkward,14,14
three-joint,14,11
microelectronics,14,14
underspecified,14,10
single-input-single-output,14,14
observatory,14,7
systolic,14,14
misses,14,14
explanatory,14,10
oru,14,9
excursions,14,14
duplicated,14,13
moveable,14,12
dma,14,7
extant,14,12
surveyor,14,10
porosity,14,11
comprehensible,14,14
video-rate,14,12
two-degree,14,14
rotex,14,14
mexico,14,13
c-surface,14,4
selectable,14,12
spacial,14,13
confining,14,12
elucidating,14,14
submodules,14,13
rips,14,4
zero-gravity,14,13
pole-zero,14,11
asic,14,8
straightening,14,12
heavy-tailed,14,13
regenerate,14,14
areal,14,13
scara-type,14,14
interphalangeal,14,12
conf,14,14
equivalents,14,14
jtf,14,3
popov,14,13
energized,14,11
computer-generated,14,14
servicer,14,11
researcher,14,13
subparts,14,10
extrapolating,14,14
skewed,14,13
substitutes,14,11
horn,14,12
momentary,14,13
scale-space,14,9
corrector,14,10
effector's,14,12
mil,14,9
seven-link,14,14
pits,14,13
multimotion,14,5
canceled,14,14
flexspline,14,8
inexpensively,14,14
preimage,14,8
time-scales,14,13
nilpotent,14,11
inadvertent,14,14
barycentric,14,13
coordinate-invariant,14,13
counterclockwise,14,14
invert,14,14
four-axis,14,11
potential-field,14,13
clp,14,3
ehs,14,5
orients,14,14
sss,14,8
diverges,14,14
saturating,14,13
in-contact,14,12
goal-seeking,14,12
eliciting,14,14
voice-coil,14,13
metaphor,14,7
climbed,14,14
removable,14,9
realities,14,12
flexed,14,14
hypercube,14,12
noncircular,14,11
somersaulting,14,5
tapes,14,11
inferencing,14,9
spatula,14,12
swelling,14,13
cross-covariance,14,12
arthroplasty,14,14
non-model-based,14,9
attacked,14,12
taiwan,14,13
self-reconfigure,14,14
pull-in,14,11
insect's,14,12
karlsruhe,14,13
recursions,14,11
mobilities,14,9
sinks,14,13
far-away,14,12
self-calibrating,14,13
out-perform,14,14
wandering,14,14
florida,14,14
electrically-driven,14,14
disrupted,14,14
hsc,14,6
touch-down,14,11
radiated,14,9
impairs,14,14
tetrobot,14,8
pursues,14,14
forthcoming,14,14
subsampling,14,12
fist,14,11
propagations,14,11
indenter,14,10
seedling,14,5
toolpaths,14,10
start-up,14,14
camera-space,14,10
tending,14,14
dynamicity,14,5
probed,14,14
roller-skating,14,5
mmw,14,7
metres,14,14
kriging,14,10
repertoires,14,13
biomanipulation,14,12
highspeed,14,14
post-training,14,11
proximate,14,11
motion's,14,14
planer,14,13
pacific,14,14
meaningless,14,14
minimised,14,14
immovable,14,13
kits,14,9
chromosome,14,10
vr-based,14,13
minefield,14,9
criticality,14,9
specificities,14,14
belly,14,9
precomputing,14,14
synchronisation,14,12
semiautomatic,14,12
instructor,14,11
limp,14,9
volcano,14,12
toilet,14,12
rhombus,14,12
chemically,14,13
passable,14,11
commonalities,14,12
federal,14,14
payload's,14,11
existent,14,14
cbc,14,5
july,14,14
alternation,14,12
punctures,14,14
continuous-wave,14,14
discretisation,14,12
lid,14,11
chattering-free,14,14
contractive,14,12
september,14,14
compaction,14,12
convective,14,11
lasalle's,14,14
spokes,14,13
masticatory,14,5
high-velocity,14,14
syclop,14,7
wave-like,14,14
failure-tolerant,14,6
non-time,14,8
maximisation,14,14
hormone,14,9
dives,14,11
embodying,14,14
confer,14,14
ltd,14,13
undoubtedly,14,14
selectivity,14,12
spreads,14,14
assembler,14,10
smoothers,14,12
reality-based,14,12
telesurgical,14,10
data-sets,14,9
gray-box,14,12
lwpr,14,8
southern,14,14
miniaturize,14,14
ligand,14,8
multi-walled,14,13
unicycle-type,14,14
rrs,14,8
edible,14,5
disregard,14,14
landmines,14,12
high-acceleration,14,13
sacrificial,14,12
liu,14,13
combing,14,13
spars,14,7
hardware-in-loop,14,14
mode-based,14,12
narrows,14,14
viper,14,7
undertakes,14,14
capacitated,14,13
range-finders,14,13
blobs,14,13
phonemes,14,8
ultralight,14,12
stratification,14,11
pointers,14,14
penetrated,14,14
wherever,14,14
athletic,14,11
collapsible,14,13
craters,14,12
metric-topological,14,12
sun-synchronous,14,4
infrastructure-free,14,13
molten,14,9
multi-feature,14,10
hitch,14,9
profits,14,10
dances,14,10
undertaking,14,14
bookshelf,14,13
fetus,14,8
niche,14,13
resistible,14,9
repeatably,14,14
mmrs,14,4
microarray,14,5
precursors,14,12
ill-posedness,14,12
pps,14,7
crouch,14,9
reinforcement-learning,14,14
weightings,14,14
neuroprosthesis,14,10
alive,14,14
nutation,14,6
pmma,14,10
interconnects,14,12
urethra,14,8
aob,14,10
unveils,14,13
parameterisation,14,11
somatic,14,10
beamformer,14,10
oscar,14,9
provider,14,13
serpenoid,14,12
nodding,14,9
femtosecond,14,9
movies,14,13
co-workers,14,13
fishlike,14,13
gsf,14,3
inhibits,14,14
olfaction,14,9
grace,14,7
impediments,14,14
configures,14,14
self-similar,14,14
costing,14,14
ppm,14,8
bcis,14,11
eif,14,10
hummingbirds,14,9
radians,14,12
bi-modal,14,11
zig-zag,14,13
octarm,14,11
patent,14,14
pending,14,14
farthest,14,14
suv,14,10
paw,14,9
rtd,14,3
salt,14,13
histogram-based,14,14
hitherto,14,14
usarsim,14,11
morphs,14,13
mortar,14,11
human-oriented,14,13
tripedal,14,8
rewarding,14,13
loud,14,13
consumer-level,14,14
stators,14,12
females,14,12
binning,14,7
creatively,14,14
upwind,14,12
polypyrrole,14,11
swims,14,12
antagonism,14,11
freeze,14,13
acetabular,14,9
bpm,14,8
eigen,14,10
kinematic-based,14,13
ferrous,14,10
ugv's,14,8
vent,14,11
double-integrator,14,14
phasic,14,7
pauses,14,12
similarity-based,14,11
microcapsules,14,7
cardiomyocytes,14,8
forward-facing,14,13
randomizing,14,14
pull-off,14,14
songs,14,7
musicians,14,12
overcame,14,14
action-based,14,8
icm,14,7
concentrically,14,14
non-magnetic,14,11
exposures,14,11
electro-hydrostatic,14,10
archive,14,11
real-data,14,14
ift,14,6
equitable,14,11
pebble,14,11
hunt-crossley,14,13
mmnn,14,2
high-payload,14,11
swaps,14,9
toolchain,14,11
justifies,14,13
esa,14,11
torque-to-weight,14,11
backflip,14,14
natural-looking,14,12
lvs,14,6
jcbb,14,7
minority,14,12
perpetual,14,12
odds,14,13
small-diameter,14,13
scenery,14,14
blf,14,9
eulerian,14,10
superparamagnetic,14,11
cosimulation,14,13
variable-curvature,14,11
youbot,14,13
refrigerator,14,12
lpa,14,6
bullet,14,14
driver-assistance,14,14
ami,14,8
retargeted,14,13
smcs,14,8
hifu,14,8
prefers,14,13
enhancer,14,12
declined,14,12
artists,14,11
e-sem,14,5
context-free,14,9
disregarded,14,13
ultrasound-guided,14,12
rdt,14,5
pgm,14,8
free-swimming,14,14
key-point,14,14
azimuthal,14,12
knowledgeable,14,12
de-facto,14,14
catheter's,14,13
velocimetry,14,14
tow,14,10
dba,14,9
octahedral,14,8
non-lambertian,14,12
normalised,14,13
ever-growing,14,14
discretizes,14,14
raycasting,14,11
representatives,14,14
tailed,14,13
laryngeal,14,10
rocker-bogie,14,8
leaps,14,12
encloses,14,14
remapping,14,9
taper,14,6
ugs,14,4
elastography,14,7
rgb-depth,14,12
step-wise,14,12
contributor,14,14
self-recovery,14,11
ionizing,14,11
user-centered,14,13
un-modeled,14,13
intentionality,14,11
metaheuristic,14,12
osc,14,6
bnn,14,7
downward-looking,14,13
touchscreen,14,10
abaqus,14,12
beach,14,12
intention-aware,14,11
dancer,14,9
tele-echography,14,12
durus,14,6
r-slip,14,7
outlook,14,14
ivf,14,9
straw,14,7
reinforces,14,14
dec-pomdp,14,11
dead-end,14,13
kapandji,14,12
eddy-current,14,10
loc,14,8
grants,14,14
jigs,14,10
tomographic,14,12
delamination,14,7
d-slip,14,7
peppers,14,9
laps,14,11
lstms,14,13
semi-static,14,10
blackbox,14,13
hemiparesis,14,13
countermeasure,14,12
hsmm,14,9
modelbased,14,14
global-shutter,14,10
colorization,14,9
tango,14,14
fibrillation,14,14
admittance-controlled,14,10
voc,14,13
infinite-horizon,14,13
inter-object,14,13
prac,14,7
convnet,14,12
ssvep,14,6
polymerization,14,13
flag,14,13
polylactic,14,14
posenet,14,10
excelling,14,14
okvis,14,11
dcc,14,6
cattle,14,5
tip-extending,14,11
vgr,14,2
subject-independent,14,9
moveit,14,10
docks,14,9
vineyards,14,9
drone-based,14,13
ingestible,14,13
hitl,14,9
falsely,14,14
simulation-to-real,14,12
macro-mini,14,10
sae,14,9
clone,14,14
vastus,14,11
rsr,14,6
frm,14,4
vive,14,11
high-strength,14,14
contact-aided,14,10
multi-fidelity,14,12
conduits,14,8
cutoff,14,11
ethz-asl,14,14
enablers,14,14
occlusion-free,14,14
xrl,14,4
lgp,14,5
value-at-risk,14,13
haze,14,11
visuals,14,13
system-specific,14,12
selfish,14,9
kimera,14,7
avc,14,3
rainforest,14,5
supplements,14,14
unet,14,11
miniaturizing,14,13
autoencoder-based,14,12
fde,14,12
struggling,14,14
hyper-redundancy,14,13
highdimensional,14,14
scan-to-scan,14,13
msrr,14,9
pseudorange,14,12
rvt,14,4
virus,14,13
colonoscopies,14,9
correntropy,14,8
livox,14,8
fda,14,6
herbicide,14,8
convlstm,14,8
map-free,14,14
odt,14,4
tiago,14,14
pytorch,14,14
question-answering,14,11
sonographers,14,13
multistable,14,8
personalised,14,11
perturbation-based,14,13
frida,14,6
ct-sdr,14,6
yarns,14,8
dcp,14,5
co-evolution,14,10
eat,14,9
updrafts,14,6
unwieldy,14,14
single-motor,14,12
quantile,14,10
executability,14,11
self-model,14,7
nrsfm,14,4
pylori,14,3
front-view,14,12
decimeter-level,14,14
terrestrial-aerial,14,8
planted,14,12
indenters,14,8
tokenization,14,8
first-principle,14,10
segmental,14,8
particularities,14,14
ments,14,13
sbm,14,4
high-curvature,14,9
acm-r,14,4
piezoactuator,14,7
feathering,14,6
mooring,14,8
high-temperature,14,12
additively,14,13
tribot,14,5
comsol,14,14
syndrome,14,14
vgrf,14,4
vsdea,14,2
ots,14,5
tsr,14,5
dumbbell,14,9
polarimetric,14,5
osl,14,6
sne,14,5
co-optimize,14,12
thyroid,14,3
ao-grasp,14,1
hilo,14,4
triboelectric,14,9
superlimb,14,4
mspace,14,3
brake-by-wire,14,9
runout,14,11
moray,14,1
rectifier,14,11
microforming,14,2
demagnetization,14,6
nongeometric,13,8
inductor,13,11
modeler,13,12
gray-level,13,11
workpart,13,6
pole-placement,13,13
prolog,13,13
confounding,13,11
alv,13,9
suggestion,13,13
cad-based,13,13
tolerancing,13,9
remedies,13,13
mdof,13,6
work-in-process,13,10
ill-suited,13,13
mechanization,13,10
aberration,13,13
innermost,13,11
substance,13,12
rotatory,13,12
universities,13,13
attributable,13,11
agglomerative,13,13
labyrinth,13,7
judgement,13,12
trimmed,13,12
nonsymmetric,13,11
forty,13,13
summed,13,12
focusses,13,11
compliancy,13,11
hosting,13,11
salisbury,13,13
reads,13,13
backtrack,13,10
delineated,13,13
slotine,13,12
revising,13,13
fmc,13,8
ditch,13,6
spray-painting,13,9
self-repairing,13,8
six-joint,13,13
circumvented,13,13
orientating,13,13
multiply,13,13
force-moment,13,9
concealed,13,11
grease,13,8
noncausal,13,11
variable-structure,13,12
colocated,13,10
multiport,13,9
multimanipulator,13,9
latitude,13,10
bind,13,13
res,13,7
tan,13,6
punctured,13,13
stars,13,11
presumed,13,13
chimera,13,4
expandability,13,12
prematurely,13,12
task-independent,13,13
entered,13,13
inclinometer,13,13
hill-climbing,13,13
disambiguating,13,12
insignificant,13,13
aic,13,7
wang,13,11
cocontraction,13,7
qft,13,6
epochs,13,13
c-spaces,13,13
departs,13,13
data-collection,13,13
spatiotemporally,13,12
phase-plane,13,10
ltm,13,4
user-selected,13,13
data-intensive,13,12
combinational,13,12
furnace,13,9
hsi,13,8
tangents,13,12
arrived,13,11
underdetermined,13,13
independency,13,12
recognizability,13,8
subtly,13,13
consequential,13,11
pressure-sensitive,13,12
electropneumatic,13,12
chromatic,13,10
dahl,13,11
ended,13,11
rescheduling,13,11
time-state,13,7
blasting,13,6
expedition,13,11
mpg,13,9
receptacle,13,8
reciprocally,13,11
neurophysiology,13,12
suf,13,3
immeasurable,13,12
clarification,13,13
compasses,13,8
siphon,13,11
recalling,13,12
plucker,13,9
unambiguously,13,12
reorganization,13,11
toronto,13,13
matchings,13,12
crashing,13,13
deletion,13,13
enveloped,13,12
chronological,13,12
sce,13,6
ditches,13,12
npd,13,5
vdp,13,4
range-of-motion,13,12
taskspace,13,9
electrostatically,13,13
american,13,13
fragmentation,13,11
coherently,13,13
robot-obstacle,13,12
tact,13,11
sodium,13,12
anesthesia,13,9
polite,13,6
interrupting,13,13
articulated-body,13,8
telephone,13,10
factorial,13,13
inclinometers,13,11
orchestrates,13,13
tighten,13,12
softly,13,12
seedlings,13,6
creature,13,13
separability,13,12
search-space,13,12
hyperboloidal,13,9
linearisation,13,11
dismantling,13,10
algebras,13,13
transmittance,13,13
recorder,13,10
psychophysics,13,13
locally-optimal,13,12
kong,13,13
aircraft's,13,12
mdl,13,9
handler,13,11
definitive,13,13
bursts,13,12
anode,13,11
inflow,13,12
crystals,13,9
foreseen,13,13
proton,13,9
rival,13,13
free-flyer,13,11
profitable,13,13
emanating,13,13
resonators,13,9
nocturnal,13,7
monoped,13,12
cascades,13,12
vgt,13,5
micro-parts,13,8
counteracts,13,13
phaser,13,3
august,13,12
ambitious,13,13
warrants,13,13
station-keeping,13,10
rally,13,12
meteorites,13,5
striving,13,13
cardinal,13,10
singularity-robust,13,13
notorious,13,13
problem's,13,13
interpenetration,13,12
recommends,13,13
dream,13,12
discreteness,13,11
moods,13,9
subdividing,13,13
electro-rheological,13,12
weave,13,9
holography,13,10
lumps,13,9
pre-clinical,13,12
hmds,13,9
concluding,13,13
compile,13,13
davinci,13,13
helpers,13,8
stand-up,13,6
presumably,13,13
sporadic,13,13
rgs,13,6
badly,13,13
doctor's,13,10
musculature,13,11
tmr,13,6
polybot,13,8
backscatter,13,7
tier,13,8
parsed,13,12
wipe,13,9
middle-size,13,12
taste,13,9
reaming,13,7
alg,13,4
d-lipm,13,8
unorganized,13,13
unites,13,13
alcohol,13,9
consonant,13,5
mrinspect,13,9
expenses,13,13
pvfc,13,5
lifetimes,13,13
implanting,13,13
refilling,13,8
retrain,13,13
tele-micromanipulation,13,9
local-to-global,13,11
intermittency,13,6
in-line,13,10
ils,13,6
wholebody,13,13
ail,13,6
averages,13,11
acceleration-level,13,6
atr,13,6
loop-shaping,13,13
extensors,13,11
telemanipulator,13,10
ste,13,4
hydro,13,5
pressurizing,13,13
nac,13,6
recoil,13,9
slid,13,12
responded,13,13
lower-mobility,13,3
galvanometer,13,12
pcg,13,6
superiorities,13,13
overturn,13,10
foot's,13,12
sir,13,8
trick,13,11
cross-axis,13,8
ultrasonography,13,11
csiro,13,11
phototaxis,13,9
inertial-based,13,10
cobotic,13,7
pre-calculated,13,13
transrectal,13,11
maximises,13,13
m-estimation,13,12
zero-g,13,10
electrophysiological,13,11
impressively,13,13
collector,13,7
gsp,13,8
waits,13,13
curvature-based,13,12
circularly,13,12
lrv,13,2
percept,13,10
human-powered,13,8
single-loop,13,13
depletion,13,13
scalably,13,11
nimble,13,13
grassmann,13,12
under-constrained,13,13
telexistence,13,8
immensely,13,13
loaders,13,9
identifications,13,13
tractably,13,13
workbench,13,12
self-moving,13,8
reconfigures,13,13
hunt,13,11
crlb,13,11
uvs,13,9
well-controlled,13,12
pre-tension,13,7
sensitively,13,13
invention,13,11
pliable,13,10
stigmergy,13,11
gantry-tau,13,9
impairing,13,13
semi-infinite,13,12
unevenly,13,13
exp,13,8
monterey,13,10
hosts,13,13
sis,13,7
opponent's,13,10
deflects,13,12
lizards,13,11
tidal,13,10
sba,13,8
robotics-assisted,13,13
genetics,13,11
hpf,13,8
drink,13,12
overlays,13,11
submap-based,13,13
exemplifies,13,13
portraits,13,11
frog,13,9
ultrasound-based,13,13
thermo,13,8
exceedingly,13,13
pre-contact,13,12
cryogenic,13,7
pfs,13,8
osteotomy,13,6
idm,13,9
rush,13,7
percussive,13,8
bony,13,12
micro-particles,13,12
blunt,13,11
brm,13,6
aspirated,13,7
subtracted,13,11
electrolyte,13,12
granularities,13,13
algal,13,8
cleaned,13,13
clicking,13,10
cartridge,13,8
non-symmetric,13,9
skyline,13,4
epa,13,9
microdevices,13,11
torque-driven,13,9
spastic,13,7
obstacle-aided,13,11
surface's,13,13
eigenvectors,13,10
banks,13,11
bijective,13,12
inductors,13,8
sinus-lifting,13,5
ancient,13,10
gtx,13,13
kelvin-voigt,13,13
aka,13,13
haptic-enabled,13,12
asperities,13,9
piloted,13,13
mug,13,10
choreography,13,9
iterate,13,12
fingerprinting,13,10
pre-processed,13,12
difficult-to-model,13,12
competitor,13,12
microdevice,13,7
middlewares,13,8
arousal,13,11
normalize,13,13
unimanual,13,10
lls,13,7
leaking,13,12
hark,13,10
occupants,13,12
wls,13,7
phasing,13,12
affinities,13,8
boulders,13,12
roadways,13,13
recomputed,13,12
banked,13,8
pose-estimation,13,13
beating-heart,13,13
np-hardness,13,13
centric,13,12
regularizing,13,12
excites,13,13
high-friction,13,11
wheel-based,13,12
root-mean-squared,13,13
icsi,13,7
standardize,13,13
hamming,13,13
codewords,13,6
variable-pitch,13,7
dysphagia,13,5
post-operative,13,12
confusing,13,12
human-safe,13,13
practiced,13,13
lexicon,13,9
kino-dynamic,13,11
parses,13,12
electrolysis,13,7
smartly,13,11
terrainability,13,8
self-fold,13,12
apis,13,13
counterexamples,13,8
double-limb,13,9
untapped,13,13
idim,13,6
continuous-space,13,13
soften,13,13
ltlmop,13,7
pvt,13,3
loop-closures,13,12
mirroring,13,13
sprint,13,6
minimum-jerk,13,13
octopus-inspired,13,13
australian,13,10
cpf,13,8
nanomanipulations,13,6
d-net,13,6
occluder,13,7
range-limited,13,13
knobs,13,11
adjectives,13,7
coreset,13,8
omniwheels,13,8
non-robust,13,12
night-time,13,11
unprocessed,13,13
revolving,13,9
design's,13,13
ffd,13,5
dsl,13,9
froude,13,10
non-real-time,13,10
synergy-based,13,11
high-mix,13,11
paper-based,13,9
disseminate,13,13
toss,13,5
jeopardizing,13,13
non-causal,13,8
unguided,13,13
lifestyle,13,11
mid-flight,13,12
rgb-d-based,13,13
regressed,13,13
publicly-available,13,13
informativeness,13,12
hmp,13,5
minimizer,13,9
unsupported,13,9
calculi,13,4
nature's,13,13
restaurant,13,12
intrusive,13,13
indoor-outdoor,13,12
imprint,13,7
disappears,13,12
large-angle,13,12
backstepping-based,13,11
lcm,13,7
dictionaries,13,10
rpn,13,6
minir-ii,13,8
parks,13,10
smartphone-based,13,13
full-resolution,13,9
tdm,13,6
relu,13,9
risk-based,13,9
turbt,13,6
underdeveloped,13,13
biped's,13,12
mota,13,12
handrail,13,10
deactivated,13,12
darwin-op,13,13
all-day,13,9
raven-ii,13,10
resource-aware,13,11
multi-degrees-of-freedom,13,13
annotator,13,12
bronchoscopic,13,7
overt,13,9
egain,13,11
fingernails,13,8
walk-man,13,11
bnb,13,7
pre-computation,13,12
ikea,13,11
vegetable,13,9
vin,13,6
self-built,13,13
natively,13,13
nms,13,9
centerlines,13,9
theory-based,13,13
hydra,13,6
dilemmas,13,7
mediator,13,12
stimuli-responsive,13,11
particulate,13,12
straps,13,9
true-north,13,4
predators,13,12
etas,13,5
permanence,13,7
offboard,13,12
delve,13,13
maestro,13,6
multilinks,13,7
quadrants,13,10
asmc,13,6
orchestrate,13,12
granules,13,10
value-based,13,13
deviated,13,13
ego-noise,13,7
imitator,13,8
incredibly,13,13
self-recorded,13,12
leakages,13,10
constituents,13,12
intervehicle,13,8
confidence-aware,13,10
lightest,13,11
ptls,13,4
armband,13,9
sub-networks,13,13
insoles,13,9
optoacoustic,13,5
gasoline,13,12
mcd,13,9
sensor-specific,13,12
mpnet,13,6
piezo-driven,13,12
mins,13,10
room-scale,13,12
htc,13,11
gcns,13,9
righting,13,9
embracing,13,13
caution,13,13
correspondence-based,13,12
accelerators,13,12
bristles,13,10
lidar-visual,13,12
channel-wise,13,11
fast-response,13,11
rmses,13,13
ert-based,13,7
human-designed,13,12
eis,13,4
milk,13,11
dodging,13,9
unleash,13,13
multipole,13,12
autocomplete,13,4
wayfinding,13,8
kimera-multi,13,3
imitation-based,13,11
nas,13,7
bim,13,7
ifc,13,5
mentor,13,7
mmp,13,5
marsupial,13,6
ccm,13,5
task-and-motion,13,11
retrofitting,13,12
clipper,13,3
image-only,13,11
trusting,13,11
hodograph,13,12
ultra-fast,13,10
diversify,13,13
person-following,13,8
tors,13,10
rfc,13,5
mec,13,8
happy,13,12
hsa,13,6
tracklets,13,6
mhpc,13,4
ipt,13,4
robophysical,13,12
ml-based,13,10
jaad,13,12
assurances,13,9
action-space,13,8
srb,13,8
robot-terrain,13,11
uis,13,5
unannotated,13,12
prior-based,13,11
out-of-domain,13,12
cyborg,13,6
pinns,13,9
virtualhome,13,13
auto-labeling,13,10
carsim,13,12
hardware-based,13,13
dgr,13,10
zero-torque,13,12
single-sensor,13,12
soa,13,5
hybrid-driven,13,9
catl,13,5
dipper,13,4
synergic,13,9
pomcp,13,5
gitlab,13,13
hd-semg,13,6
hiro,13,5
radiation-free,13,12
patch-level,13,12
vbtss,13,6
aloha,13,10
arboreal,13,12
visual-lidar,13,10
rip,13,3
prebuilt,13,12
vlm-based,13,13
s-shape,13,12
reverie,13,7
kine,13,12
purity,13,10
cos,13,7
gvs,13,7
interdigital,13,9
bender,13,9
multi-frequency,13,10
czmp,13,3
wsns,13,8
ric,13,6
monolithically,13,12
ild,13,5
analogously,13,13
electrotactile,13,5
airbag,13,9
cross-layer,13,10
telerehabilitation,13,7
aes,13,3
in-cylinder,13,8
playful,13,9
encased,13,13
trilateral,13,7
ncp,13,7
skylight,13,8
spad,13,1
spandex,13,7
ver,13,7
docker,13,11
hard-to-model,13,13
cross-scene,13,9
lisa,13,4
anti-interference,13,13
omr,13,2
hangrawler,13,2
global-local,13,13
renew,13,13
snap-fit,13,6
auscultation,13,4
pnl,13,4
entanglements,13,7
tda,13,6
rephotography,13,2
fin-ray,13,8
lev,13,3
semisupervised,13,9
tcpa,13,3
motor-joint,13,3
co-authors,13,13
milligram,13,8
subdomain,13,11
hdds,13,9
cee,13,4
csea,13,2
octopi,13,3
nanomotors,13,3
myocardial,13,3
ambs,13,11
unpublished,13,7
hofa,13,6
issuing,12,11
peripherals,12,10
photodetectors,12,8
fac,12,6
tst,12,4
evidently,12,12
motorola,12,12
brooks,12,6
submicron,12,11
conversions,12,10
gage,12,12
somewhere,12,12
lagrange-euler,12,9
inches,12,10
bundling,12,8
unreasonable,12,12
oscillated,12,11
slowed,12,12
redirect,12,11
rectifies,12,12
cartesian-based,12,11
spr,12,9
timoshenko,12,11
agreements,12,12
whiteboard,12,10
perturbs,12,12
caos,12,6
daes,12,8
welded,12,11
csg,12,8
rivet,12,7
terminated,12,12
input-dependent,12,9
forelimb,12,6
west,12,11
tetrahedra,12,8
motion-control,12,12
raibert's,12,9
quartic,12,8
visible-light,12,10
creases,12,12
slew,12,10
perceptible,12,11
through-hole,12,8
vectorization,12,8
aberrations,12,6
designate,12,12
disabling,12,11
n-step,12,9
parameterizable,12,12
unusable,12,12
rti,12,7
intimately,12,12
poorer,12,12
insulated,12,12
ration,12,12
micro-motion,12,5
pumped,12,12
graph-structured,12,12
ill-defined,12,12
polynomially,12,10
nonminimum-phase,12,9
brittleness,12,12
worthwhile,12,12
subgradient,12,12
stimulates,12,11
self-location,12,11
path-constrained,12,10
strange,12,8
motor-based,12,9
kth,12,10
party,12,11
n-sided,12,11
symptom,12,9
operator-based,12,11
kohonen's,12,10
macros,12,10
localizations,12,12
ais,12,7
left-hand,12,10
hfm,12,5
dual-channel,12,12
neurocontroller,12,8
delineation,12,12
subjecting,12,12
cancelled,12,11
kinestatic,12,9
indefinite,12,12
kanban,12,5
pessimistic,12,12
mars-like,12,11
self-improvement,12,8
ball-screw,12,7
prescription,12,7
intersected,12,12
retrospective,12,11
xy-plane,12,9
mover's,12,12
microsized,12,10
retreat,12,10
integrally,12,11
sub-network,12,11
satisficing,12,10
battlefield,12,10
remote-control,12,10
tells,12,12
airgap,12,8
thoughts,12,12
backing,12,10
advisory,12,7
hexagon,12,10
envelopment,12,6
bacterium,12,11
applicator,12,5
taxonomies,12,10
hilly,12,11
half-space,12,9
interferometric,12,12
if-then,12,11
contaminants,12,10
sinusoidally,12,11
land-based,12,12
skateboard,12,8
fsp,12,6
struck,12,11
volatile,12,11
coincidence,12,12
dosage,12,10
destroyed,12,12
quadruple,12,10
non-intersecting,12,12
redistribute,12,12
two-camera,12,8
interferometers,12,9
restraint,12,12
sla,12,7
italian,12,8
prr,12,8
feedthrough,12,7
rus,12,9
spms,12,7
wavy,12,6
declared,12,11
vacuuming,12,12
penetrations,12,11
time-optimality,12,11
downloading,12,11
force-motion,12,12
obsolete,12,12
grafting,12,12
attended,12,12
multi-obstacle,12,10
ndp,12,4
technicians,12,9
telemanipulated,12,10
dyad,12,11
flawed,12,12
rod-like,12,11
teleoperator's,12,11
mistake,12,11
infra-red,12,10
kalman-filter,12,12
counterexample,12,9
yo-yo,12,3
rfnn,12,3
platinum,12,10
recoverable,12,10
distally,12,11
convoying,12,9
ror,12,4
high-pass,12,10
holonic,12,7
kgf,12,11
dual-use,12,8
pmas,12,9
arthroscopy,12,7
drumming,12,7
informal,12,10
concavities,12,10
non-standard,12,12
software-based,12,12
gone,12,12
conjectured,12,12
reversals,12,10
free-joint,12,8
micro-gripper,12,10
human-demonstrated,12,9
willing,12,11
switzerland,12,12
supermarkets,12,12
magnifications,12,9
eight-legged,12,11
extents,12,12
blank,12,10
fujitsu,12,12
alleviation,12,9
foregoing,12,12
harunobu,12,6
sensorised,12,10
unsegmented,12,10
discretised,12,12
co-planar,12,7
quadtrees,12,8
npid,12,3
interconnecting,12,12
sub-controller,12,7
bomb,12,11
mazes,12,12
pentium,12,12
pal,12,10
nomadic,12,12
sectional,12,11
manus,12,11
present-day,12,11
renewed,12,12
obviates,12,12
comets,12,11
robo-centric,12,8
target-tracking,12,12
pre-selected,12,12
productions,12,9
self-localize,12,12
caster-like,12,10
low-torque,12,12
inter-joint,12,9
precluding,12,12
furnish,12,12
abduction-adduction,12,10
tactor,12,7
real-word,12,12
fsa,12,6
rodents,12,9
sewage,12,10
regressions,12,12
sonographer,12,12
needle-like,12,8
fus,12,5
hms,12,5
tpa,12,7
distorts,12,12
pre-requisite,12,12
rtr,12,6
on-screen,12,8
repositioned,12,12
axis-aligned,12,12
consolidating,12,12
way-point,12,10
electro-active,12,10
judges,12,11
desks,12,11
greenhouses,12,12
microaerial,12,11
crafts,12,11
spoon,12,10
lagrange-d'alembert,12,10
upu,12,8
racer,12,7
ats,12,6
uub,12,10
patient-side,12,9
robian,12,5
treadport,12,8
summit,12,8
timeliness,12,12
neurobiological,12,11
rtm,12,7
anti-windup,12,11
slosh,12,4
msp,12,5
bile,12,12
high-mobility,12,9
double-acting,12,11
servovalves,12,10
realising,12,12
smm,12,4
ever-increasing,12,12
retrofitted,12,11
crouching,12,9
mld,12,4
happiness,12,10
testified,12,12
harmless,12,12
fatalities,12,12
resident,12,9
robot-sensor,12,11
mav's,12,8
re-calibration,12,11
virtualized,12,11
deposits,12,9
nanodevices,12,8
heaters,12,11
transcutaneous,12,11
viterbi,12,11
suspicious,12,12
zipping,12,9
rat's,12,8
rivals,12,11
unaided,12,12
daughter,12,5
pegasus,12,4
low-gravity,12,11
cycab,12,7
chain-like,12,9
camera-robot,12,12
seawater,12,10
latches,12,12
oceanography,12,11
dilution,12,12
task-adaptive,12,9
trus,12,6
darwin,12,6
methacrylate,12,12
beginner,12,11
dim,12,10
six-strut,12,7
triangulations,12,10
photographic,12,11
stepped,12,10
funded,12,12
commission,12,12
handlebar,12,9
advection-diffusion,12,12
rehabilitate,12,12
protruding,12,12
declare,12,12
wasting,12,12
fault-free,12,11
swallow,12,10
mech,12,12
arthropods,12,11
pir,12,6
strata,12,8
ispace,12,5
prbm,12,5
lgmd,12,2
child-robot,12,8
subcomponents,12,11
csa,12,9
rao-blackwellised,12,12
administered,12,11
freight,12,11
reeds-shepp,12,8
fib,12,11
pressure-sinkage,12,5
rsp,12,4
ldr,12,7
cool,12,11
nmm,12,10
slippages,12,12
system-on-chip,12,12
on-body,12,8
preoperatively,12,11
arva,12,4
sheet-like,12,11
hris,12,8
skid-steering,12,11
two-sided,12,10
cable-conduit,12,6
helium,12,11
biomaterial,12,8
wave-based,12,9
stitched,12,11
transposed,12,10
underlining,12,12
neo-hookean,12,10
slp,12,5
miniaturised,12,12
buav,12,2
soi,12,9
opensource,12,12
photometrically,12,10
spins,12,12
double-pendulum,12,7
granted,12,12
well-tuned,12,11
upf,12,7
buildup,12,12
granting,12,12
neuromusculoskeletal,12,10
ro-slam,12,7
non-probabilistic,12,10
multi-segmented,12,8
cabled,12,10
motivational,12,8
ldp,12,5
bioelectric,12,6
chain-type,12,9
first-ever,12,12
self-reported,12,11
co-training,12,8
keywords,12,11
bio-inspiration,12,12
landed,12,12
androids,12,6
grazing,12,9
curtain,12,8
slung,12,10
ablate,12,11
co-exist,12,12
elicits,12,12
pseudo-rigid,12,12
dragged,12,12
wrench-closure,12,8
two-staged,12,12
pythagorean,12,12
undetermined,12,11
saxophone,12,6
sirius,12,6
shore,12,10
underside,12,11
bfs,12,5
ball-shaped,12,12
furnished,12,12
signal-based,12,12
least-cost,12,11
disengaging,12,10
unperceived,12,10
stories,12,10
traumatic,12,12
magnify,12,12
co-registered,12,9
cfm,12,4
self-replicating,12,7
easiness,12,12
bronchi,12,8
tss,12,5
bystanders,12,12
zero-order,12,11
prolong,12,12
scrub,12,5
lightning,12,9
micro-air,12,12
blender,12,12
non-hierarchical,12,11
osteolysis,12,9
v-slam,12,8
workings,12,12
rescuing,12,11
achilles,12,8
pleasing,12,11
recharged,12,12
matrix-based,12,12
isr,12,6
pcl,12,9
launches,12,12
d-ndt,12,5
discretizations,12,12
barometer,12,11
infrastructure-based,12,9
parameter-free,12,11
per-point,12,11
capsubot,12,3
vibrate,12,12
heavy-load,12,9
annealed,12,9
icrs,12,8
microrobot's,12,11
player's,12,9
treadmills,12,10
highlevel,12,12
kai,12,6
mfg,12,3
ontological,12,12
roundabouts,12,12
mabel,12,6
csd,12,3
rheotaxis,12,6
lugs,12,7
gondola,12,4
radar-only,12,11
subdimensional,12,5
rasterization,12,8
yoke,12,10
cdf,12,5
exchangeable,12,11
relative-pose,12,10
parrot,12,12
f-score,12,12
starleth,12,8
rtf,12,6
self-paced,12,9
adapters,12,10
bandits,12,12
day-night,12,12
tele-control,12,8
illuminance,12,9
post-processed,12,12
multi-part,12,8
cephalopods,12,12
cca,12,6
mortality,12,11
thermal-infrared,12,4
up-to-scale,12,10
ultra-lightweight,12,12
alex,12,6
races,12,10
pik,12,3
vst,12,7
cosserat-rod,12,9
insect-like,12,10
hanger,12,5
human-provided,12,11
key-points,12,8
post-process,12,12
bi-rrt,12,7
gendered,12,4
reshapes,12,12
maternal,12,6
fbg-based,12,10
kingdom,12,12
laugh,12,4
unattended,12,11
pause,12,10
dds,12,8
unhindered,12,11
lbt-rrt,12,2
corrupt,12,12
renderable,12,10
paraplegia,12,8
brand,12,11
framerate,12,11
nouns,12,7
cwc,12,5
no-fly,12,9
inversion-eversion,12,4
drake,12,12
suas,12,5
late-fusion,12,11
dreamer,12,5
actuator-driven,12,10
multiple-shooting,12,11
cfc,12,7
non-maximum,12,12
front-facing,12,12
consistencies,12,11
context-specific,12,11
autorotation,12,6
garden,12,8
dec-posmdp,12,6
motion-level,12,12
tentacle-like,12,11
bandwidth-limited,12,10
step-up,12,7
underpin,12,12
proxemic,12,9
laban,12,7
fff,12,6
beet,12,10
under-segmentation,12,11
vgg,12,10
d-lidar,12,9
category-specific,12,10
target-domain,12,7
cse,12,9
reprogram,12,12
microcatheters,12,9
pre-stretch,12,10
diversification,12,11
action-conditioned,12,12
strain-limiting,12,11
micromanipulations,12,9
robustifying,12,10
vesicle,12,3
undistorted,12,12
lathe,12,11
ehas,12,5
hurt,12,12
self-constructed,12,12
sorghum,12,8
semantic-level,12,9
drainage,12,9
phm,12,8
authorities,12,9
collisionfree,12,11
confers,12,12
extruder,12,7
explicable,12,4
knowrob,12,7
stdp,12,5
layer-wise,12,9
las,12,8
keratoplasty,12,8
dalk,12,6
elicitation,12,11
salto,12,6
sol,12,7
inspirations,12,12
dcnns,12,9
everyone,12,12
data-dependent,12,12
free-fall,12,11
category-agnostic,12,10
headsets,12,9
instance-specific,12,10
vec,12,9
unwinding,12,10
yoshimura,12,10
linear-complexity,12,11
llama,12,10
orders-of-magnitude,12,12
multi-locomotion,12,9
suspending,12,12
microneedle,12,9
privacy-preserving,12,12
dioxide,12,12
powerlines,12,6
janus,12,5
deceptive,12,8
turret,12,5
object-wise,12,9
optimisation-based,12,10
remoras,12,4
nordland,12,12
industrial-grade,12,11
genus,12,9
anchor-based,12,12
surpassed,12,12
monetary,12,10
hdvs,12,5
morl,12,5
tube-based,12,11
daisy,12,5
hallucinated,12,10
ligament,12,11
tom,12,8
adp,12,7
front-ends,12,10
steppable,12,5
over-ground,12,10
sandpaper,12,11
cape,12,6
circumferentially,12,12
nocs,12,8
muddy,12,9
feedforward-feedback,12,10
rcnn,12,10
mori,12,11
pfl,12,7
telemedicine,12,9
gardens,12,11
hungry,12,12
ecbs,12,6
deepmind,12,12
hourglass,12,8
rellis,12,7
motion-aware,12,12
action-aware,12,8
pathogens,12,11
regurgitation,12,7
mekf,12,7
symmetry-aware,12,10
intracorporeal,12,11
weathers,12,11
snowfall,12,7
tomatoes,12,11
synthetic-to-real,12,11
foa,12,4
pseudo-lidar,12,6
inpainted,12,9
semantic-based,12,9
mucus,12,5
collision-inclusive,12,8
reachbot,12,4
elastomer-based,12,12
demodulation,12,9
class-incremental,12,8
quality-diversity,12,10
lidar-inertial-visual,12,10
mvtp,12,3
cinematographic,12,6
mask-rcnn,12,9
pie,12,10
dsec,12,10
labour-intensive,12,12
spade,12,6
aqua,12,10
venipuncture,12,6
lidar's,12,11
robi,12,8
dtact,12,3
impactful,12,11
rio,12,8
womd,12,11
overhangs,12,11
uie,12,3
dlomatch,12,11
belief-dependent,12,5
trust-aware,12,8
aliengo,12,10
fueled,12,12
rlhf,12,7
image-text,12,11
full-pose,12,11
passivation,12,10
lss,12,5
pose-only,12,8
cdrm,12,4
delan,12,4
pct,12,4
sdd,12,9
inflates,12,11
smpc,12,6
perseverance,12,10
learningbased,12,10
qdd,12,8
politeness,12,6
location-based,12,10
strap,12,7
vlfm,12,2
meter-scale,12,12
risk-bounded,12,6
ccp,12,6
lgpr,12,4
beginners,12,11
ble,12,12
utm,12,7
robo,12,6
hooking,12,10
self-reflection,12,8
moral,12,6
geq,12,8
forelimbs,12,6
bark,12,5
temporal-spatial,12,9
onsite,12,9
environ,12,11
tive,12,12
tpms,12,6
nonconservative,12,8
surmounting,12,9
ldv,12,4
smms,12,3
milligrams,12,9
vfr,12,6
userpsilas,12,8
lamina,12,7
dwt,12,11
microbubbles,12,8
self-body,12,6
crr,12,2
ccea,12,2
eutectic,12,12
prrt,12,2
fpca,12,4
robogami,12,6
soft-robot,12,8
nitrogen,12,12
biog,12,2
silico,12,11
superresolution,12,4
electromechanically,12,9
broccoli,12,3
fre,12,6
mdn,12,9
lfrl,12,2
confrontation,12,6
physics-guided,12,9
maml,12,8
teaser,12,6
motif,12,4
cyber-attacks,12,7
afr,12,3
pta,12,5
byzantine,12,5
psc,12,5
rfmp,12,2
prhand,12,1
ray-inspired,12,5
m-cdpr,12,3
mots,12,3
pge,12,4
tdcrs,12,6
teng,12,5
nonconstant,12,11
multifrequency,12,10
ferrofluidic,12,5
tdcr,12,5
srg,12,5
mathvariant,12,2
li-ion,12,8
piezoelectric-driven,12,9
multimotor,12,10
multiparameter,12,9
up-to-the-minute,12,12
innovators,12,12
titles,12,12
sugeno,12,12
peh,12,3
nox,12,2
mtpa,12,3
techrxiv,12,6
bureau,11,10
rccl,11,6
entropies,11,8
programing,11,11
deduction,11,11
degenerates,11,11
supplier,11,10
thesis,11,9
gem,11,6
multiprocessing,11,10
shin,11,8
enormously,11,11
potentiality,11,11
inspectors,11,10
load-dependent,11,9
object-related,11,10
typed,11,9
workholding,11,4
dates,11,11
linear-time,11,11
val,11,8
pipelining,11,11
methodical,11,11
owl,11,8
imprecisely,11,11
demonstrative,11,11
verifier,11,8
prover,11,7
hoist,11,8
road-following,11,7
concerted,11,8
usages,11,11
freed,11,11
model-matching,11,10
debug,11,11
university's,11,11
edf,11,6
isomorphism,11,11
dexter,11,5
sinusoid,11,10
welds,11,9
annual,11,11
nondeterminism,11,9
conceptualized,11,11
computer-vision,11,11
moore-penrose,11,10
patching,11,11
network-induced,11,9
illuminating,11,11
azimuths,11,9
reprogrammed,11,11
application-oriented,11,10
skilful,11,10
orthotics,11,11
convergences,11,11
outermost,11,10
tightened,11,11
set-points,11,9
gilbert,11,9
task-directed,11,9
reserves,11,10
syntactic,11,10
int,11,11
foreshortening,11,10
near-time-optimal,11,8
april,11,11
boundary-value,11,11
low-velocity,11,10
reserved,11,11
hyperredundant,11,9
asserted,11,11
gluing,11,8
skew-symmetric,11,10
cit,11,5
laboratory-based,11,11
process-based,11,10
nonmonotonic,11,10
two-tier,11,9
nonoptimal,11,9
mips,11,7
dataflow,11,8
ctm,11,4
spdm,11,8
task-planning,11,11
intersample,11,7
suspected,11,11
inria,11,11
exercising,11,10
robot-task,11,11
rearranges,11,11
pre-set,11,11
counterbalancing,11,10
crux,11,11
deleted,11,11
circulate,11,11
lhd,11,9
frt,11,4
devote,11,11
undercarriage,11,9
advocated,11,11
radio-controlled,11,11
photoelectric,11,9
distinctions,11,10
sustains,11,11
inhibited,11,11
tele-existence,11,7
tis,11,5
somehow,11,11
single-source,11,8
fired,11,11
tactics,11,10
vector-field,11,9
specularities,11,11
view-time,11,3
wheelchair-mounted,11,11
clears,11,11
epns,11,4
monkey,11,7
robot-camera,11,9
locomotes,11,11
nonnegative,11,10
ablative,11,9
residing,11,11
polished,11,9
toleranced,11,8
contradicting,11,11
elastic-joint,11,6
sub-modules,11,9
inspects,11,11
two-state,11,8
stripping,11,8
tweaking,11,10
cramped,11,11
unveil,11,11
gallbladder,11,7
downstroke,11,10
burrs,11,8
sal,11,4
controlshell,11,4
sub-centimeter,11,11
mid-range,11,9
spotlight,11,9
sonar-ring,11,4
gda,11,6
recoveries,11,9
loadings,11,11
gradient-descent,11,11
expediting,11,11
walkable,11,7
objectivity,11,6
bunch,11,8
asi,11,5
doubt,11,10
semi-automatically,11,11
dual-camera,11,10
tsukuba,11,11
windowing,11,9
ultra-precision,11,7
probability-based,11,11
shock-absorbing,11,10
atm,11,6
incompatibilities,11,9
mediate,11,11
imposition,11,11
robot-motion,11,10
re-estimation,11,10
persistency,11,11
deadzone,11,8
analog-to-digital,11,11
tangentbug,11,4
authentic,11,11
proximally,11,9
diffused,11,8
piecewise-constant,11,10
motion-controlled,11,9
simo,11,8
work-piece,11,7
speedy,11,11
semi-rigid,11,10
nonanthropomorphic,11,8
nonintegrable,11,10
dante,11,5
wits,11,3
scientist,11,10
accesses,11,11
inputted,11,11
arthroscopic,11,7
modularly,11,10
terminating,11,11
taps,11,9
self-identification,11,7
full-dimensional,11,11
grabbed,11,10
time-correlated,11,8
elucidates,11,11
kneeling,11,5
organised,11,11
primitive-based,11,10
overhang,11,10
atacama,11,6
hang,11,10
bivariate,11,11
wavelet-based,11,8
widens,11,11
comet,11,9
fixating,11,10
pseudo-random,11,11
single-track,11,9
overshooting,11,10
dog-like,11,6
coli,11,8
earthmoving,11,6
obtrusive,11,11
turk,11,11
tricycle,11,7
water-filled,11,11
x-screw,11,2
load-sensitive,11,7
flattened,11,11
two-module,11,11
wamoeba,11,7
graph-like,11,11
zipper,11,7
believable,11,8
forwarding,11,9
vectorial,11,11
holograms,11,9
hologram,11,8
vents,11,9
lower-limbs,11,10
momr,11,5
five-dimensional,11,11
stumbling,11,11
infant's,11,5
rtos,11,6
recomputing,11,11
enlargement,11,9
atlases,11,7
frail,11,9
hemodynamic,11,10
trackability,11,7
authoritative,11,9
isdn,11,9
lwl,11,3
collateral,11,11
single-body,11,9
hertzian,11,11
excitement,11,8
dtm,11,6
skipping,11,9
air-core,11,10
discrete-state,11,9
smes,11,10
bvh,11,4
msa,11,5
declining,11,11
snake's,11,9
destroying,11,11
sliced,11,11
coloration,11,9
nearness,11,10
fine-grain,11,9
pre-designed,11,11
washout,11,6
antarctica,11,10
biorobotics,11,9
foldability,11,8
residues,11,9
antibody,11,6
pre-loading,11,5
cadavers,11,9
out-of-phase,11,9
intracytoplasmic,11,11
eol,11,5
over-determined,11,11
close-to-optimal,11,11
robot-independent,11,8
paucity,11,11
tonic,11,7
mates,11,8
misdetection,11,7
urological,11,6
mpd,11,4
predation,11,7
heritage,11,11
recirculation,11,9
lightness,11,11
operational-space,11,8
orthoglide,11,7
hampering,11,11
sits,11,11
gymnastics,11,7
perpendicularly,11,11
injure,11,11
taguchi,11,11
transponders,11,10
receptionist,11,8
svm-based,11,11
msl,11,8
wax,11,8
pre-filtering,11,10
bridle,11,4
threaten,11,11
sculpture,11,9
piv,11,7
storm,11,7
ged,11,4
portal,11,8
inquiry,11,10
omniscient,11,6
membranous,11,9
leaky,11,10
khr,11,7
assertion,11,11
ent,11,9
self-organizes,11,10
u-shape,11,9
extractions,11,10
co-ordinate,11,8
carving,11,10
re-design,11,11
scorpion,11,4
reparameterization,11,10
mlda,11,7
sideway,11,8
commissioning,11,10
gsps,11,6
counter-intuitive,11,11
strouhal,11,10
pbs,11,6
eel,11,7
ell,11,5
kite,11,5
boxfish,11,5
wreck,11,9
d-slam,11,9
seif,11,6
trafficability,11,9
precious,11,11
radiology,11,9
adjoining,11,10
rmf,11,4
chloride,11,11
waypoint-based,11,8
ubli,11,11
wing-box,11,4
inter-image,11,8
slds,11,3
synthesis-based,11,10
elder,11,8
mobile-robot,11,8
underrepresented,11,8
chiefly,11,9
discriminatory,11,8
lamellae,11,5
shielded,11,11
discernible,11,11
lbp,11,7
widening,11,11
diagnoses,11,11
sdc,11,5
doubled,11,11
dlo's,11,7
speaker's,11,7
co-activation,11,8
image-guidance,11,11
unraveling,11,3
ankle-joint,11,6
continuous-discrete,11,8
multi-axial,11,9
intersects,11,10
service-oriented,11,9
enduring,11,11
dissemination,11,10
fraunhofer,11,8
iff,11,7
any-time,11,10
enact,11,11
front-wheel,11,8
flashing,11,11
ostraciiform,11,5
finalized,11,11
soft-magnetic,11,9
inhibiting,11,11
hydrophilic,11,11
susm,11,3
pmr,11,5
distributor,11,5
childbirth,11,5
seeded,11,10
seesaw,11,5
oss,11,5
ogm,11,9
multiplying,11,11
salinity,11,11
thumb's,11,6
zero-torsion,11,4
basilisk,11,10
roms,11,8
submersibles,11,11
factorize,11,11
triad,11,11
softened,11,10
subteams,11,8
texas,11,10
subdivide,11,11
transperineal,11,10
open-field,11,7
discourse,11,9
saliency-based,11,11
monoarticular,11,10
h-infinity,11,10
detumbling,11,6
downside,11,11
puzzles,11,9
decomposable,11,11
gridmap,11,6
refuel,11,9
virtual-reality,11,11
consolidate,11,11
dispense,11,9
rdj-da,11,2
eigenvector,11,9
saxophonist,11,6
aldebaran,11,11
sarsa,11,6
precurvature,11,7
undesirably,11,11
non-existence,11,10
axel,11,6
wcw,11,3
d-printing,11,10
discerning,11,9
design-time,11,8
reaction-based,11,9
backed,11,11
electropermanent,11,11
chirality,11,8
coworker,11,9
idp,11,4
filed,11,11
zero-velocity,11,10
bodyweight,11,9
multi-module,11,10
outage,11,10
irstea,11,6
realms,11,9
illumination-invariant,11,9
samplings,11,10
sprung,11,10
yoyo,11,2
unavoidably,11,11
slithering,11,7
mcsb-ica,11,3
minimum-cost,11,11
platform-specific,11,9
lower-cost,11,10
robotics-based,11,9
dormant,11,9
stereo-camera,11,11
tolerates,11,11
micro-fluidic,11,8
ping,11,10
enucleation,11,8
ati,11,10
cyclist,11,11
raindrops,11,7
tele,11,9
wanted,11,11
multinomial,11,9
wta,11,5
stimulator,11,10
plate's,11,5
farmland,11,7
ultra-short,11,10
eye-tracking,11,11
distinctively,11,11
gyrocompass,11,5
well-aligned,11,10
interclass,11,8
conceive,11,11
pullout,11,10
specialty,11,8
hmas,11,5
non-invasively,11,11
underestimation,11,10
scrubbing,11,4
pst,11,8
all-to-all,11,10
caging-based,11,8
step-down,11,7
interchangeability,11,10
shirts,11,9
prominence,11,11
hermite,11,8
competently,11,11
thinner,11,10
reprojected,11,10
delegated,11,10
moths,11,9
lithium,11,9
dnet,11,6
ethylene,11,11
glycol,11,11
label-free,11,11
microobject,11,9
vibration-driven,11,9
pre-compute,11,11
pois,11,6
uninformed,11,10
y-shaped,11,9
cleaners,11,11
fluid-based,11,10
freiburg,11,9
drogue,11,4
daylight,11,11
tongues,11,9
duo,11,7
sponges,11,7
interlocked,11,11
kfs,11,8
assert,11,11
de-noising,11,9
lower-extremity,11,11
secures,11,11
place-recognition,11,7
consumptions,11,10
upper-bounded,11,10
human-preferred,11,8
perforations,11,8
fore-aft,11,10
correlative,11,11
arbitrary-shaped,11,10
generalising,11,11
keyword,11,6
group-based,11,10
recipients,11,8
time-parameterized,11,10
specializing,11,11
sub-region,11,8
safety-oriented,11,10
inhand,11,11
gecko-like,11,9
hmis,11,9
segregate,11,9
tendrils,11,5
remodeling,11,9
feature-less,11,10
difficult-to-reach,11,10
tpad,11,4
rads,11,3
vascular-like,11,7
microtube,11,10
reduced-gravity,11,5
csqmi,11,7
interleave,11,11
nematode,11,9
multicellular,11,7
velcro,11,9
middlebury,11,9
pole-like,11,8
lazily,11,11
c-alex,11,3
mtm,11,5
centralization,11,5
scoliosis,11,6
microjet,11,4
ompl,11,10
bmis,11,8
psas,11,5
uni,11,10
mli,11,7
mid-stance,11,7
color-depth,11,9
vga,11,11
strive,11,11
muscle-based,11,8
controller-based,11,10
slc,11,6
aero,11,10
tip-based,11,7
casual,11,10
semidense,11,8
ungraspable,11,9
microcoils,11,6
boasts,11,11
redefine,11,11
lqg-mp,11,6
internal-loop,11,9
gpmp,11,6
sender,11,9
octorotor,11,8
back-to-back,11,11
metabolism,11,7
non-interactive,11,8
gaze-based,11,10
bathroom,11,11
committee,11,10
virtualization,11,11
source-domain,11,7
ungrounded,11,10
abandon,11,11
grey-box,11,9
pdmps,11,3
firefighters,11,9
separator,11,6
monocopter,11,6
nano-robotic,11,5
two-photon,11,11
polices,11,11
multi-cable,11,7
autoencoding,11,9
archimedean,11,11
beijing,11,10
rubik's,11,4
valve-controlled,11,11
mucosal,11,8
mucosa,11,9
hydrofoil,11,6
apartments,11,10
homologous,11,7
drop-in,11,10
fiber-based,11,11
distractor,11,10
allocentric,11,9
three-section,11,9
semantics-aware,11,8
cma,11,6
jaxon,11,11
sensor-level,11,9
mmg,11,4
map-centric,11,6
environment-aware,11,10
pollutant,11,5
roundness,11,8
replaying,11,11
bio-actuator,11,5
non-dominant,11,9
ethics,11,10
nrmse,11,7
user-adaptive,11,10
heaps,11,8
pneumatically-driven,11,10
backflips,11,5
inference-based,11,10
bedside,11,8
vlp,11,11
friend,11,6
pht,11,3
roam,11,5
lwir,11,8
vhip,11,4
road-agents,11,4
convnets,11,8
randomisation,11,9
shape-adaptive,11,10
deep-seated,11,11
undisturbed,11,11
pix,11,4
moca,11,5
tele-operate,11,10
multiway,11,5
refiner,11,8
intralogistics,11,9
uncertainty-based,11,11
upsample,11,10
cleargrasp,11,5
europa,11,7
teb,11,7
fras,11,5
waterproofing,11,10
apertures,11,10
cataract,11,8
microinjections,11,5
fertilizer,11,9
soda,11,7
time-extended,11,11
democratize,11,11
highd,11,11
non-ego,11,7
randomize,11,11
cpss,11,6
dmdsm,11,3
gut,11,5
low-density,11,11
well-performing,11,10
open-access,11,11
elastoplastic,11,10
recurrently,11,11
habit,11,7
hamlyn,11,9
missile,11,7
pointgoal,11,8
glasshouse,11,8
ego-agent,11,5
appli,11,10
whale,11,5
pro-posed,11,11
synthia,11,10
ros-gazebo,11,11
anti-disturbance,11,7
curation,11,11
angry,11,10
roboat,11,4
hsas,11,3
snowy,11,11
poisson's,11,10
blockchain,11,5
underperform,11,11
re-positioning,11,10
tracklet,11,7
oois,11,4
meta-world,11,9
nano-drone,11,7
reconnect,11,11
hoi,11,5
force-impedance,11,9
nasa-tlx,11,10
e-skins,11,7
scuba,11,9
coid,11,2
bell,11,11
av's,11,8
spectrometers,11,7
wristed,11,7
single-core,11,11
calvin,11,9
ebms,11,5
crochet,11,1
multi-quadrotor,11,6
denoised,11,9
inconvenience,11,10
leq,11,10
seg,11,4
mrd,11,5
infectious,11,10
shunted,11,9
uncovers,11,11
hilti,11,9
five-fold,11,11
svgd,11,7
neo,11,5
falter,11,10
gcrl,11,5
hosted,11,11
declines,11,11
dmc,11,4
d-nuscenes,11,10
edge-aware,11,9
pickers,11,7
novel-view,11,8
parameter-efficient,11,11
pseudolabel,11,6
staging,11,8
mapping-based,11,9
ecr,11,4
taxel-based,11,6
retinex,11,8
igibson,11,7
llm-generated,11,7
vsi,11,3
vfm,11,7
feedback-controlled,11,9
nod,11,4
real-to-sim-to-real,11,10
intracranial,11,10
hfc,11,5
fast-livo,11,8
paddles,11,9
helipr,11,9
mamba-based,11,9
str,11,4
d-cbfs,11,3
dpf,11,4
posi,11,8
tool-path,11,3
tation,11,10
matic,11,10
recon,11,6
pto,11,5
geo,11,9
masonry,11,6
emu,11,5
nonexpert,11,9
ipd,11,4
motoring,11,10
field-oriented,11,11
gorilla,11,5
ribs,11,9
servo-driven,11,9
self-localizing,11,5
uptake,11,10
zmm,11,3
impc,11,5
encrypted,11,6
nrs,11,4
spermaceti,11,2
plaque,11,5
proto,11,5
bcd,11,6
nanogripper,11,3
marangoni,11,6
inertial-aided,11,9
plush,11,5
vocabularies,11,6
kangaroo,11,8
fla,11,4
hammerstein,11,10
elongating,11,8
flank,11,7
tas,11,4
iron-core,11,6
microsecond,11,11
lat,11,4
cubesat,11,5
strain-based,11,9
cbba,11,6
dfn,11,4
hexrotor,11,7
adr,11,6
rmrs,11,3
spinae,11,11
micro-agents,11,4
deltoid,11,9
spillage,11,7
aeroengine,11,7
water-jet,11,6
geltip,11,3
cavitation,11,5
emts,11,3
segmap,11,3
ect,11,4
scd,11,3
mhd,11,3
reticular,11,5
xai,11,6
rainfall,11,5
pneunet,11,8
fjms,11,3
eqa,11,4
fwavs,11,6
encircling,11,8
prestretched,11,10
sheaths,11,8
back-support,11,6
tensegrities,11,8
irp,11,3
tscs,11,2
fully-soft,11,3
projectiles,11,6
sans-serif,11,1
biorobot,11,2
microprobe,11,4
amt,11,7
supertwisting,11,9
emsd,11,3
geophone,11,2
takagi,11,11
deducing,10,10
transistors,10,8
runge-kutta,10,10
multi-jointed,10,10
light-stripe,10,6
c-surfaces,10,5
pennsylvania,10,10
predictor-corrector,10,8
knowledge-guided,10,8
condense,10,10
substitutions,10,9
anyway,10,10
interrelationships,10,10
preselected,10,9
microelectronic,10,6
experiential,10,10
massachusetts,10,10
mtd,10,3
slenderness,10,9
multi-attribute,10,6
non-human,10,9
orbiter,10,9
inverse-kinematics,10,10
state-machine,10,10
adeptone,10,9
navlab,10,7
near-minimum,10,10
interpolator,10,8
chipping,10,4
apprentice,10,6
scatter,10,10
sonic,10,9
fas,10,5
safeness,10,8
proceeding,10,10
singularly,10,9
realisation,10,10
bidimensional,10,9
resists,10,10
makers,10,8
constitution,10,8
ferry,10,7
resolved-rate,10,10
abort,10,8
micropositioner,10,8
developable,10,7
valleys,10,7
swing-free,10,7
reassembly,10,10
unsensed,10,10
adaptor,10,9
cladding,10,6
slowest,10,9
demonstrably,10,10
collision-avoiding,10,9
chamferless,10,8
finitely,10,10
necessitated,10,10
part-mating,10,7
collision-detection,10,10
torque-speed,10,10
donald,10,8
superimposition,10,8
infrequently,10,10
weakest,10,9
combinatorics,10,10
fastener,10,5
integrability,10,9
free-motion,10,9
precalculated,10,10
local-minima,10,7
damps,10,10
stereopsis,10,9
factorizations,10,8
single-master,10,7
ceases,10,10
axioms,10,8
hera,10,4
separations,10,8
mercury,10,6
preconditioned,10,9
quadrilateral,10,10
scanline,10,3
rust,10,7
scratches,10,8
designer's,10,10
paradigmatic,10,10
omission,10,10
coatings,10,9
lawrence,10,6
ill-conditioning,10,10
scc,10,5
atom,10,6
manipulabilities,10,7
sizable,10,10
hubble,10,5
hexa,10,7
two-parameter,10,10
sense-plan-act,10,9
neumann,10,10
juggler,10,6
genuine,10,9
circling,10,7
informationally,10,5
trajectory-planning,10,9
nonpassive,10,7
resorts,10,10
moment-based,10,9
hydrostatically,10,10
dual-manipulator,10,9
spcm,10,3
singleton,10,8
fop,10,3
consistence,10,9
restraints,10,9
inverses,10,9
shedding,10,10
venus,10,10
moons,10,10
aggravated,10,9
net-based,10,10
venous,10,8
torque-to-mass,10,10
wisely,10,10
piezoceramics,10,8
chord,10,10
bounces,10,10
fixtureless,10,8
teleoperates,10,10
dme,10,6
trc,10,7
hmm-based,10,10
plannings,10,9
analytics,10,9
meta-level,10,7
clumsy,10,10
intricacy,10,10
lessen,10,10
contact-point,10,10
unprepared,10,10
schur,10,8
sub-spaces,10,8
ordnance,10,10
rule-base,10,9
imss,10,3
short-duration,10,10
history-dependent,10,10
defocused,10,5
platonic,10,7
traveler,10,6
motion-force,10,10
hds,10,6
halls,10,9
sub-chains,10,8
postulated,10,10
dissipativity,10,10
four-dof,10,10
co-ordination,10,9
lead-lag,10,8
coprime,10,9
tele-surgery,10,10
image-plane,10,9
postgraduate,10,10
alternated,10,10
rate-independent,10,8
archimedes,10,7
rccs,10,4
geology,10,10
micro-world,10,8
two-time,10,9
mia,10,3
nasda,10,10
whole-hand,10,10
changeover,10,6
henceforth,10,10
inside-out,10,6
crossbeam,10,7
shrunk,10,9
motoman,10,10
positivity,10,9
bumpers,10,9
remote-center-of-motion,10,8
patented,10,9
vise,10,5
kinaesthetic,10,8
blast,10,10
reclaimer,10,3
collinearity,10,9
point-like,10,9
excellence,10,9
semi-closed,10,4
conferencing,10,6
expansiveness,10,8
miro,10,9
re-plans,10,10
lloyd,10,8
ctpn,10,4
frame-invariant,10,7
questionable,10,10
small-time,10,10
pathfinder,10,7
multiple-dof,10,9
quasi-linear,10,10
subtleties,10,10
strenuous,10,10
fscr,10,2
extruded,10,8
micro-electromechanical,10,10
mem,10,5
disperse,10,10
substantiates,10,10
elaborating,10,10
eye-tracker,10,8
high-ratio,10,8
pd-type,10,10
counted,10,10
cell's,10,6
shape-from-motion,10,5
motive,10,10
kineto-static,10,9
millimetre,10,9
sighted,10,9
foe,10,5
albert,10,4
nexus,10,7
prohibited,10,10
hearts,10,7
mechanic,10,9
supple,10,8
jrob,10,4
negotiations,10,6
aft,10,7
life-like,10,9
predecessors,10,10
pls,10,7
inefficiently,10,10
nanoelectromechanical,10,10
multispeed,10,6
cauchy,10,9
quarter-car,10,6
six-wheeled,10,9
mattress,10,6
csc,10,5
shortcuts,10,9
citizens,10,10
non-technical,10,10
carton,10,4
on-time,10,9
dess,10,5
undue,10,10
drf,10,3
open-pit,10,9
texturing,10,10
pets,10,9
silica,10,8
gravity-induced,10,10
anti-phase,10,8
younger,10,8
single-rod,10,7
self-intersection,10,8
potential-field-based,10,7
normality,10,7
bip,10,6
signum,10,9
sse,10,6
pitches,10,8
one-piece,10,10
organisation,10,10
boulder,10,5
re-designed,10,9
re-usability,10,10
remanufacturing,10,9
handy,10,10
off-centered,10,8
fine-scale,10,10
abrasion,10,10
extremes,10,10
compartment,10,9
d-based,10,10
quasi-random,10,4
re-used,10,9
detouring,10,8
mbda,10,3
mwnts,10,6
tool-based,10,10
ant-like,10,6
golden,10,9
time-driven,10,10
titan-viii,10,5
palate,10,8
inert,10,10
tiling,10,9
arnold,10,8
impulse-based,10,9
micro-surgery,10,9
therapeutics,10,10
jhu,10,10
han,10,7
filler,10,9
bearings-only,10,9
camera-in-hand,10,9
ebid,10,6
waiter,10,8
multithreaded,10,10
reg,10,8
invested,10,10
museums,10,10
fibres,10,7
nevada,10,9
cci,10,5
coherency,10,10
vibrated,10,10
modifier,10,7
contractible,10,9
northern,10,9
asia,10,9
conjugated,10,8
upper-torso,10,10
vowel,10,8
sdk,10,10
mountains,10,10
hopkins,10,10
foils,10,5
probe's,10,9
frvf,10,3
mandrel,10,7
ethanol,10,8
fuzzy-based,10,8
out-of-sequence,10,8
mtbf,10,4
cosmetic,10,8
human-symbiotic,10,7
envisage,10,9
stomp,10,9
anger,10,10
biomimetics,10,10
contour-based,10,9
specularity,10,6
fuels,10,9
gymnast,10,7
debate,10,9
subconscious,10,8
nanoprobe,10,7
directive,10,9
schedulability,10,4
titrus,10,4
workability,10,5
homeostasis,10,8
effectivity,10,9
parallelepiped,10,7
wrench-feasible,10,10
collars,10,7
lds,10,4
supporter,10,8
chessboard,10,10
transcranial,10,10
cross-talk,10,10
health-care,10,9
permutation-invariant,10,7
dosing,10,6
ime,10,3
plurality,10,9
hippocampal,10,6
penguin,10,7
galvanotaxis,10,6
opengl,10,10
tiled,10,8
self-confidence,10,6
fitts,10,9
dop,10,7
spacecrafts,10,6
egress,10,9
gimbals,10,9
typing,10,10
deadband,10,6
nicely,10,10
unknotting,10,5
multicast,10,5
meniscus,10,9
ropf,10,7
rounding,10,9
non-determinism,10,8
fight,10,9
lengthen,10,9
kink,10,4
ture,10,10
transitioned,10,10
passive-type,10,6
piezo-electric,10,10
kiteplane,10,3
dampening,10,7
u-turn,10,10
urologist,10,4
amalgamation,10,10
field-tested,10,9
contact-space,10,7
larger-scale,10,9
mpeg,10,9
forklifts,10,8
struggled,10,10
meetings,10,7
aug,10,10
fbs,10,7
force-controllable,10,9
electrocardiogram,10,9
distorting,10,10
foveation,10,7
grades,10,8
vibro-tactile,10,6
tesla,10,10
maxwell's,10,9
swarm-bot,10,3
unintentionally,10,10
presentations,10,9
one-port,10,6
lyapunov-krasovskii,10,10
self-similarity,10,9
non-slip,10,8
cvd,10,7
all-wheel,10,7
obstetricians,10,5
forelegs,10,7
attendant,10,7
stamps,10,9
multi-cue,10,7
penalty-based,10,8
pin-array,10,4
slosh-free,10,5
tft-lcd,10,8
economics,10,10
trough,10,10
forearms,10,8
pharmaceutical,10,9
tagging,10,10
standoff,10,9
cpms,10,5
catches,10,10
vestibulo-ocular,10,10
fem-based,10,10
vanish,10,10
euclidian,10,4
intelligibility,10,7
tremor-free,10,9
preparatory,10,10
filtration,10,9
ufo,10,3
ontology-based,10,10
awakening,10,4
one-hop,10,7
bpms,10,4
honeybee,10,6
lecture,10,7
exemplarily,10,9
deformity,10,6
spacers,10,9
rankings,10,9
crushed,10,10
cif,10,4
non-collision,10,7
pendular,10,8
t-branch,10,5
lsr,10,6
elasto-geometrical,10,5
thunniform,10,6
fade,10,6
rewriting,10,10
dslx,10,2
inadequately,10,10
couch,10,7
barrels,10,6
mprs,10,4
purse,10,3
lsh,10,7
linearizations,10,10
semiconductive,10,5
punctual,10,10
inter-leg,10,6
pre-calibrated,10,10
dbs,10,5
zigbee,10,9
form-factor,10,10
mul,10,9
highly-accurate,10,10
leave-one-out,10,9
optimiser,10,8
kinesthetically,10,10
grammatical,10,8
limiters,10,5
fully-constrained,10,10
constriction,10,8
single-integrator,10,9
psf,10,8
tactors,10,8
mask-based,10,10
multi-granularity,10,7
sof,10,3
carp,10,6
fields-of-view,10,9
leash,10,5
loosing,10,10
underestimated,10,10
ssg,10,5
disappearing,10,10
nonintuitive,10,10
semiparametric,10,6
mhs,10,4
uvmss,10,5
instantiates,10,10
info,10,10
cupboard,10,9
sharper,10,10
lucia,10,10
cross-sensor,10,7
mirrored,10,10
homeomorphic,10,8
imagining,10,10
smf,10,3
topo-metric,10,9
misplaced,10,8
human-pose,10,6
ramifications,10,9
accompanies,10,10
rsw,10,4
non-monotonic,10,10
sma-actuated,10,10
slab,10,8
revolutions,10,10
naked,10,9
flytrap,10,8
unfolds,10,10
of-the-art,10,10
wpir,10,3
path's,10,10
deprivation,10,8
cost-based,10,10
vertexes,10,6
cooperativeness,10,7
schooling,10,8
constraint-satisfaction,10,10
supercapacitor,10,4
larynx,10,6
launcher,10,7
colonic,10,7
pancake,10,6
microgels,10,3
mobilization,10,9
populating,10,10
geophysical,10,10
tangle,10,9
feasibly,10,10
capsule's,10,6
fostered,10,10
congenital,10,10
uterus,10,7
iq-asymtre,10,4
spiraling,10,6
connective,10,10
l-slam,10,4
samara,10,8
educators,10,8
hma,10,5
reputation,10,5
diaphragms,10,10
impractically,10,10
vacant,10,9
self-sustained,10,10
detection-based,10,10
minds,10,7
erroneously,10,10
gridworld,10,10
epms,10,6
esem,10,4
high-dexterity,10,9
reward-based,10,9
troubleshooting,10,7
wrinkled,10,7
upside-down,10,10
lps,10,3
pre-planning,10,8
ckf,10,7
histological,10,9
shut,10,10
never-before-seen,10,10
apr,10,6
bootstraps,10,10
methane,10,5
high-latency,10,8
manoeuvrable,10,6
shallow-water,10,7
pim,10,6
migrating,10,9
pus,10,5
arp,10,4
arrhythmia,10,9
automata-based,10,10
bner,10,9
gmm-based,10,7
motion-tracking,10,10
meta-algorithm,10,7
colorized,10,8
cdts,10,4
wide-field,10,8
dining,10,10
sagittal-plane,10,10
sgm,10,9
reminders,10,5
moo,10,7
synthesise,10,8
stents,10,7
feature-poor,10,9
geodetic,10,6
non-markov,10,5
tablets,10,10
stalling,10,10
robot-world,10,7
fibrous,10,9
region-of-interest,10,10
understudied,10,10
agencies,10,10
convoluted,10,10
confinement,10,8
postconditions,10,4
follower's,10,10
csail,10,10
cucumber,10,6
nuc,10,6
sambots,10,3
m-estimators,10,7
state-estimator,10,6
ddr,10,5
mri-based,10,9
scts,10,6
nonslip,10,8
matsuoka,10,5
tuple,10,8
closedloop,10,9
deflated,10,8
single-sided,10,7
basing,10,10
cubically,10,10
robot-agnostic,10,10
iks,10,3
warps,10,9
gait-based,10,8
spats,10,2
sitl,10,9
excavate,10,9
ultrathin,10,8
cartography,10,9
place-dependent,10,9
welcome,10,10
m-blocks,10,2
introductory,10,10
stowing,10,10
hallucinate,10,10
crankshaft,10,7
restrains,10,10
moa,10,3
super-coiled,10,10
algae,10,8
vlc,10,6
afs,10,6
foresighted,10,9
recreating,10,10
small-amplitude,10,9
corrupting,10,10
multi-day,10,7
rafs,10,3
ray-casting,10,9
sensor-free,10,9
electrospinning,10,5
obstacle-dense,10,10
impoverishment,10,5
sparsified,10,9
chet,10,10
grapes,10,7
lotus,10,3
imagines,10,10
semi-implicit,10,8
sounding,10,7
reproductive,10,9
actuatable,10,6
rollator,10,7
signify,10,10
quad-rotors,10,5
ucb,10,8
skf,10,7
sparsity-inducing,10,9
pollen,10,6
point-cloud-based,10,10
mam,10,4
pkm's,10,3
ridesharing,10,3
error-related,10,8
mitochondria,10,4
undermines,10,10
consolidates,10,10
uni-directional,10,8
padding,10,10
furthering,10,10
taping,10,2
three-arm,10,9
vignetting,10,6
convolution-based,10,10
turnaround,10,9
post-disaster,10,10
brachii,10,9
pose-dependent,10,8
opensim,10,7
emi,10,7
nutrients,10,9
extendability,10,10
bronchoscopes,10,10
spilling,10,8
mastered,10,10
dual-path,10,7
time-optimized,10,9
multi-room,10,10
blindness,10,8
body-parts,10,2
non-transparent,10,8
rope-climbing,10,3
lubricated,10,8
good-quality,10,10
tendril,10,6
myotubes,10,4
hydration,10,7
booster,10,9
geo-tagged,10,10
socially-compliant,10,9
handshakes,10,7
triceps,10,8
multi-imu,10,5
grafts,10,7
multigait,10,5
scleral,10,5
bloodstream,10,9
reinforcement-learning-based,10,10
psv,10,4
quasi-direct-drive,10,9
rack-and-pinion,10,9
regularizes,10,10
lively,10,10
mislead,10,10
logo,10,4
ocid,10,7
denial-of-service,10,10
decluttering,10,9
low-data,10,10
perfusion,10,6
supercoiled,10,9
d-aware,10,7
is-mpc,10,6
offset-free,10,8
corpora,10,9
lego-loam,10,5
pinnae,10,6
mri-powered,10,4
multilateration,10,6
openvins,10,7
cultures,10,9
potato,10,8
videography,10,10
gallium-indium,10,10
subtractive,10,10
layup,10,3
pih,10,6
tensegrity-based,10,9
allocator,10,7
attachable,10,10
constraint-satisfying,10,9
dynamics-aware,10,10
ppa,10,4
concatenate,10,10
risk-neutral,10,7
memristors,10,4
isoperimetric,10,5
two-mass,10,10
non-stretchable,10,8
object-detection,10,7
robot-learning,10,10
non-disabled,10,9
ihgp,10,3
corrugated,10,7
self-guided,10,7
globally-consistent,10,9
pvm,10,4
disco,10,4
tailor-made,10,10
kirigami-inspired,10,7
herders,10,5
lidar-visual-inertial,10,10
afnet,10,3
land-air,10,5
dbscan,10,9
task-conditioned,10,7
dichotomy,10,10
non-learning-based,10,10
gvfs,10,6
dor,10,4
neurovascular,10,5
lsp,10,5
hku-mars,10,10
underpinned,10,10
catcher,10,4
subtree,10,7
jaywalking,10,5
cinempc,10,3
fast-growing,10,10
disjointed,10,9
tactile-sensing,10,7
bt-espresso,10,1
ingeniously,10,10
gat,10,7
painless,10,9
sindy,10,7
takeover,10,8
cs-brm,10,2
dex,10,8
cifar,10,6
non-rigidly,10,10
bert,10,10
homepage,10,10
indistinct,10,7
unrecoverable,10,6
sold,10,7
sgnet,10,3
vinet,10,2
mr-slam,10,3
arrest,10,7
sub-gram,10,5
gan-based,10,10
sweat,10,6
logits,10,8
maph,10,5
voxel-wise,10,9
sim-and-real,10,3
nondominated,10,9
etna,10,10
scarp,10,2
data-inefficient,10,10
staple,10,6
metaverse,10,4
apg,10,3
squad,10,6
desiderata,10,8
distribution-based,10,10
mimu,10,4
co-optimizing,10,10
inn,10,3
interchanges,10,4
devoid,10,10
class-wise,10,9
dair-v,10,10
transplanting,10,5
carbon-fiber,10,8
fast-changing,10,10
text-to-image,10,8
tra,10,6
lymph,10,4
cropping,10,8
feature-sparse,10,7
vitactip,10,2
cross-task,10,9
well-connected,10,6
n-mpc,10,3
signalized,10,9
blinker,10,2
umr,10,3
td-cms,10,3
control-invariant,10,4
scn,10,3
ampc,10,5
student-teacher,10,9
tum-rgbd,10,10
densify,10,9
pioneers,10,10
miscommunication,10,8
crl,10,5
dps,10,6
tokenizer,10,7
interventionists,10,3
scanrefer,10,7
diagrammatic,10,4
sli,10,3
chiral,10,4
mcpf,10,3
starshaped,10,3
splat,10,10
cppr,10,5
post-collision,10,9
instruction-following,10,7
gvf,10,4
high-reward,10,10
cbts,10,4
oracles,10,8
overtwisting,10,3
c-uniform,10,2
hannes,10,7
sedan,10,7
chunk,10,9
avocado,10,4
offloaded,10,9
cod,10,4
low-risk,10,9
defenses,10,5
ning,10,10
stereotyped,10,8
rithms,10,10
func,10,10
quot,10,3
rep,10,7
cation,10,9
namics,10,9
proach,10,9
mation,10,10
rithm,10,10
windshield,10,7
thicker,10,10
rogue,10,7
load-to-weight,10,8
nnc,10,3
sociable,10,7
lse,10,5
bas,10,10
sensor-integrated,10,9
lobe,10,9
prosody,10,6
ham,10,5
aggregations,10,6
ingenuity,10,9
fin's,10,6
trilayer,10,8
sgc,10,3
psmc,10,4
sclerosis,10,10
capillaries,10,8
mcor,10,4
high-energy,10,10
three-axial,10,7
resp,10,5
kurtosis,10,7
anteroposterior,10,10
peptide,10,5
cdt,10,6
demes,10,4
fcc,10,4
guitar,10,4
qot,10,2
hdp,10,6
predictably,10,10
milliscale,10,9
micrometer-scale,10,9
fixed-pitch,10,7
track-following,10,9
pcp,10,4
microtubes,10,5
spanwise,10,3
vkc,10,4
kengoro,10,9
laughter,10,3
narrow-band,10,5
all-round,10,8
self-folded,10,9
bristle-bot,10,5
e-cosmo,10,3
ds-slam,10,4
light-field,10,5
musashi,10,9
piusbl,10,3
flam,10,2
restaurants,10,9
sbmp,10,6
personalisation,10,4
posture-dependent,10,5
cce,10,4
lmc,10,4
lus,10,3
mappo,10,9
rotation-aware,10,5
tsallis,10,5
millipede,10,6
ocrtoc,10,2
soft-continuum,10,4
ms-znn,10,2
srh,10,4
rvs,10,4
mre,10,3
ftmpc,10,3
image-to-point,10,4
liquid-gas,10,9
sfe,10,4
crop-weed,10,6
empc,10,5
rebot,10,2
high-viscosity,10,5
foot-end,10,6
biosyncretic,10,2
teg,10,2
citation,10,8
dcd,10,2
masce,10,3
swarmstl,10,3
rolling-contact,10,8
hcc,10,4
semg-driven,10,8
rubik,10,3
angle-dependent,10,5
biplane,10,7
rca,10,4
interactional,10,4
stapling,10,2
msrc,10,2
pil,10,3
vpns,10,2
lgl,10,2
optogenetic,10,7
rispa,10,3
fsdcr,10,1
linear-motor-driven,10,7
scitopia,10,10
heaven,10,10
occlusive,10,6
hypersonic,10,10
piezoelectric-actuated,10,6
equivalent-input-disturbance,10,10
event-triggering,10,8
slv,10,1
wob,10,1
