word,total_count,num_papers
robot,76935,34670
control,73234,30780
system,61135,30759
model,47342,25480
robots,39251,22051
motion,36240,19467
algorithm,30139,17306
data,28783,16315
problem,28202,18519
systems,25011,16209
design,24793,16052
robotic,24607,15847
learning,23367,12079
task,22553,13598
object,22299,10327
time,21276,15154
planning,21238,11310
human,21144,11248
tasks,20861,13747
novel,20728,18099
force,20459,9809
environment,20411,14425
framework,20262,13358
dynamic,20209,13041
information,20168,13441
environments,18485,13278
controller,18466,10070
objects,17698,9478
sensor,17448,9734
simulation,16675,13632
math,15912,9604
tracking,15901,8642
mathml,15837,9586
space,15192,9998
developed,15162,12549
models,15156,10162
accuracy,14760,10895
estimation,14635,8571
trajectory,14408,8484
autonomous,13929,10253
high,13616,10783
network,13297,8195
dynamics,13251,8636
manipulation,13228,7548
position,13227,9199
mobile,13226,8733
visual,13159,7671
applications,13092,11088
multiple,12926,9793
process,12916,9374
constraints,12700,8372
real,12700,10254
path,12649,6645
optimization,12576,8172
features,12350,8022
sensors,11968,7881
navigation,11962,6650
complex,11946,9758
designed,11858,10085
parameters,11784,8063
existing,11692,9964
contact,11536,5862
algorithms,11473,8231
robust,11430,8854
soft,11360,4447
point,11339,6998
joint,11252,6570
analysis,11245,8845
strategy,11172,7798
mechanism,10972,6867
detection,10929,6089
effectiveness,10853,10377
optimal,10807,7100
image,10572,6222
pose,10441,5748
real-time,10389,7824
large,10344,8639
localization,10272,5461
manipulator,10226,5851
structure,10202,7638
camera,10176,6227
map,9982,5520
order,9861,8491
vehicle,9551,5511
error,9549,6672
feedback,9547,6338
function,9383,6943
solution,9377,7294
number,9258,7396
range,9165,7014
stability,9134,6152
interaction,9129,6224
target,9014,5273
training,8992,5856
conditions,8920,6996
field,8818,6531
robotics,8778,7068
images,8722,5322
real-world,8714,7198
applied,8632,7729
local,8614,5927
hand,8604,4284
accurate,8524,7160
potential,8479,7339
finally,8472,8339
surface,8420,5180
improve,8387,7437
scheme,8361,5659
behavior,8285,5836
sensing,8206,5104
trajectories,8196,5581
scenarios,8193,6642
problems,8188,6206
challenging,8170,7514
research,8159,6921
neural,8116,5642
energy,8099,4157
actuator,8044,4160
physical,7973,6185
adaptive,7963,5202
single,7959,6741
feature,7627,4969
nonlinear,7574,5201
grasping,7466,3647
robustness,7424,6123
vehicles,7396,5192
forces,7380,4903
current,7357,6255
speed,7267,5266
simple,7251,6458
modeling,7185,5500
state-of-the-art,7105,6555
policy,7098,3571
linear,7085,5533
simulations,7042,6640
shape,7035,4304
cost,7016,5183
body,7011,4600
safety,6993,4249
dataset,6980,4498
stiffness,6973,2928
online,6948,5022
desired,6946,5512
mapping,6913,4658
often,6871,6333
available,6831,6264
etx,6824,3412
significant,6818,6338
introduce,6748,6397
unknown,6714,4963
ability,6675,5930
techniques,6658,5639
walking,6657,3014
application,6639,6028
global,6624,4730
torque,6577,3604
input,6563,5072
obtained,6547,5855
grasp,6542,2752
inline-formula,6532,1405
tex-math,6532,1405
actuators,6529,4135
enables,6529,6077
arm,6528,4083
limited,6513,5912
knowledge,6507,4969
generate,6476,5682
velocity,6443,4325
obstacles,6434,4183
points,6429,4364
locomotion,6427,3612
challenges,6386,5514
representation,6384,4692
flexible,6381,4385
power,6349,3880
motions,6345,4455
important,6334,5939
estimate,6334,5205
computational,6320,5095
small,6313,5281
search,6297,3918
vision,6267,4535
kinematic,6265,4427
technique,6256,5035
communication,6253,3597
significantly,6223,5814
measurements,6134,4338
depth,6125,2889
configuration,6042,4444
properties,6006,4846
prediction,5987,3444
platform,5981,4369
uncertainty,5975,3700
evaluate,5972,5647
architecture,5883,4328
driving,5878,3649
errors,5815,4394
possible,5807,5250
active,5776,3989
addition,5735,5480
dof,5722,3832
case,5678,4873
perception,5666,3747
practical,5665,4833
scene,5651,3419
low,5626,4837
development,5608,4898
validate,5555,5450
recognition,5524,3080
key,5519,5126
ground,5509,3977
capabilities,5508,4788
mechanical,5504,4244
user,5503,3437
measurement,5483,3912
moving,5479,4130
rate,5435,4295
operation,5399,4284
goal,5398,4282
external,5387,4120
implemented,5345,5059
conducted,5342,5089
tactile,5323,2017
terms,5298,4852
reduce,5297,4765
parallel,5287,3524
deep,5257,3892
geometric,5256,3942
module,5238,3211
manipulators,5222,3583
magnetic,5207,1979
quality,5191,3803
capable,5189,4752
actuation,5181,3410
slam,5177,2371
fast,5165,4404
challenge,5161,4741
hybrid,5153,3403
distributed,5150,3301
datasets,5127,4196
better,5124,4691
device,5102,3116
develop,5098,4720
exploration,5041,2954
aerial,4988,3262
conventional,4975,4296
implementation,4972,4475
agents,4956,2644
traditional,4945,4383
integrated,4939,4318
generated,4939,4390
virtual,4928,3135
sup,4925,1736
assembly,4921,2301
solutions,4919,3956
graph,4918,2892
changes,4917,3923
level,4916,3708
industrial,4905,3501
reinforcement,4865,3664
spatial,4853,3442
evaluation,4835,4135
stable,4823,3894
planner,4820,3009
future,4816,4152
distance,4781,3531
strategies,4767,3706
validated,4767,4658
collision,4755,2923
characteristics,4740,4031
actions,4739,3215
evaluated,4729,4507
improved,4727,4262
solve,4718,4141
controllers,4715,3278
motor,4707,2938
extensive,4696,4548
filter,4649,3232
generation,4643,3691
terrain,4640,2378
segmentation,4634,2251
networks,4629,3379
letter,4628,4212
simulated,4622,4237
learn,4622,3724
way,4602,4305
semantic,4587,2217
introduced,4568,4278
calibration,4565,2179
functions,4553,3518
initial,4544,3689
safe,4539,3447
test,4522,3762
distribution,4507,3217
relative,4485,3398
action,4470,2805
continuous,4468,3565
highly,4429,4054
maps,4417,2907
components,4388,3447
enable,4380,4073
humanoid,4377,2427
output,4376,3178
complexity,4360,3830
states,4356,3122
difficult,4343,4082
capability,4340,3888
gait,4335,1916
concept,4333,3631
orientation,4293,3100
part,4290,3058
kinematics,4274,3151
movement,4263,3140
directly,4238,3950
prior,4221,3476
known,4204,3794
tool,4189,2797
controlled,4180,3663
obstacle,4167,2750
world,4159,3277
step,4142,3277
domain,4136,2732
prototype,4133,3495
hardware,4114,3386
efficiently,4082,3791
numerical,4046,3585
consists,4035,3895
form,4024,3564
obtain,4010,3661
noise,4001,2752
manufacturing,3998,2579
rigid,3979,3080
avoidance,3978,2779
support,3970,3159
humans,3970,3086
main,3968,3704
size,3949,3276
computation,3918,3267
disturbances,3918,2592
tested,3917,3727
joints,3901,2733
critical,3901,3538
fusion,3900,2401
describe,3896,3535
paths,3888,2603
types,3885,3319
success,3867,3220
behaviors,3862,2652
enabling,3855,3647
devices,3852,2894
successfully,3841,3687
robot's,3840,3054
machine,3835,2752
structures,3831,2877
mode,3830,2304
italic,3824,2363
simultaneously,3815,3612
view,3815,3055
passive,3805,2640
outperforms,3802,3736
natural,3801,3076
end,3787,3270
workspace,3781,2485
derived,3773,3480
lidar,3760,1874
learned,3740,2966
underwater,3737,1807
enhance,3735,3459
higher,3721,3362
freedom,3709,3329
requirements,3703,3200
maximum,3701,3022
processing,3699,2928
surgical,3695,1710
precise,3688,3204
area,3678,2925
precision,3668,2941
execution,3668,2796
constraint,3659,2650
static,3648,2874
variable,3635,2544
suitable,3628,3413
response,3627,2891
parts,3625,2534
parameter,3625,2723
focus,3624,3427
standard,3616,3196
convergence,3615,2766
fully,3611,3262
direction,3607,2813
friction,3603,2152
introduces,3597,3528
complete,3587,3210
less,3585,3258
achieving,3585,3392
experimentally,3564,3435
times,3556,2891
feasibility,3554,3259
signals,3542,2470
gripper,3540,1640
phase,3537,2255
sequence,3531,2626
haptic,3531,1592
interactions,3530,2707
describes,3525,3386
planar,3520,2797
effect,3518,2958
trained,3517,2909
operations,3514,2773
common,3505,3235
configurations,3505,2688
location,3502,2778
mechanisms,3496,2622
example,3489,3305
overall,3486,3222
additional,3480,3229
average,3466,2905
flow,3465,1894
loop,3461,2347
effects,3461,2868
change,3461,2878
attention,3455,2634
matching,3450,2178
flight,3447,1988
notation,3447,1487
angle,3442,2442
regions,3439,2486
environmental,3438,2791
policies,3431,2068
positioning,3402,2317
increase,3392,3079
sampling,3391,2144
programming,3387,2555
operating,3387,2947
uncertainties,3385,2390
issue,3376,3068
operator,3371,2171
cameras,3364,2369
like,3359,3047
agent,3357,2075
accurately,3356,3086
described,3328,3054
estimated,3315,2871
frequency,3311,2276
similar,3311,3060
constrained,3308,2674
extended,3304,3017
estimates,3304,2730
formulation,3301,2696
theoretical,3285,2947
interface,3281,2197
latex,3281,1425
advantages,3263,3102
matrix,3254,2266
inverse,3253,2278
type,3244,2760
limitations,3234,2954
degrees,3232,2863
compliant,3231,2254
theory,3226,2773
good,3221,2917
necessary,3209,3018
best,3203,2897
presence,3197,2900
following,3194,2698
capture,3193,2706
issues,3191,2910
modules,3190,2039
verified,3189,3087
load,3188,2105
determine,3184,2924
temporal,3184,2139
signal,3179,2286
essential,3172,3074
cloud,3168,1787
respect,3167,2905
crucial,3164,3100
poses,3160,2461
account,3158,3005
impact,3150,2481
improves,3140,2960
ensure,3139,2946
reconstruction,3135,1844
impedance,3133,1613
predictive,3122,2425
plan,3121,2372
reduced,3115,2788
reliable,3108,2792
objective,3104,2623
practitioners,3091,2732
transfer,3088,2135
procedure,3069,2510
geometry,3068,2516
detect,3067,2607
promising,3065,2941
source,3057,2191
computer,3055,2727
lower,3055,2554
mass,3050,2094
context,3045,2582
indoor,3040,2371
verify,3025,2930
integration,3023,2605
deformation,3020,1884
direct,3020,2604
methodology,3018,2419
human-robot,3017,2294
closed-loop,3009,2445
variety,2997,2839
individual,2988,2534
technology,2985,2579
predict,2980,2598
combined,2975,2775
feasible,2966,2489
automated,2964,2264
diverse,2958,2564
scale,2956,2328
surfaces,2953,2070
measure,2948,2392
full,2947,2630
video,2942,2151
discussed,2935,2755
software,2933,2147
identification,2929,2007
classification,2922,1836
odometry,2917,1822
providing,2899,2771
laser,2893,1792
length,2889,2288
class,2889,2362
employed,2886,2743
monitoring,2881,1921
probabilistic,2881,2253
according,2872,2686
automatically,2870,2586
scenes,2859,2105
typically,2856,2741
cases,2854,2523
hierarchical,2852,2188
pressure,2847,1699
finger,2843,1462
improvement,2841,2595
movements,2839,2114
compliance,2835,1867
code,2827,2602
avoid,2826,2623
wide,2817,2618
series,2812,2458
corresponding,2809,2603
inertial,2808,2054
processes,2801,2271
positions,2791,2313
identify,2787,2515
around,2782,2516
equipped,2776,2641
teleoperation,2772,1530
tests,2769,2439
region,2758,1962
reducing,2756,2593
end-effector,2747,1905
optical,2745,1754
cooperative,2737,1765
condition,2736,2062
gaussian,2736,1938
tools,2728,2055
observations,2726,2101
modular,2723,1856
artificial,2711,2119
move,2710,2426
stereo,2706,1605
language,2705,1527
github,2695,2615
constructed,2694,2490
users,2689,1873
rotation,2686,1911
building,2683,2265
internal,2682,1996
combination,2680,2521
improving,2675,2527
leg,2673,1494
fields,2648,2095
useful,2645,2502
areas,2641,2246
resolution,2640,2012
plane,2637,1895
defined,2634,2436
value,2630,2094
loss,2630,1981
handle,2628,2435
multi-robot,2627,1647
drive,2624,1994
long,2622,2381
coordination,2622,1783
simultaneous,2617,2435
remains,2616,2555
easily,2613,2497
selection,2612,2063
patterns,2608,1891
material,2604,1876
solving,2604,2318
intelligent,2603,2078
compute,2597,2299
large-scale,2597,2056
cannot,2573,2444
associated,2571,2385
disturbance,2570,1600
reduces,2568,2441
locations,2567,2093
decision,2556,1912
rely,2556,2482
line,2554,1616
forward,2554,2098
frame,2554,1932
uav,2552,1268
place,2551,1691
reduction,2551,2097
cell,2550,1147
fixed,2543,2208
open,2523,2236
observed,2519,2210
inspection,2518,1375
authors,2518,1934
formation,2517,1120
production,2513,1435
discrete,2513,1903
varying,2512,2273
fault,2511,882
utilizing,2510,2386
track,2508,2099
maintaining,2504,2392
analyzed,2503,2369
manner,2499,2378
flexibility,2497,2174
sparse,2493,1806
stage,2491,1532
adaptation,2486,1738
automatic,2483,2066
benchmark,2482,2108
elastic,2481,1693
demonstrations,2480,1558
team,2479,1538
combines,2471,2425
increasing,2464,2356
modes,2464,1700
actual,2462,2157
apply,2458,2356
group,2455,1671
dynamically,2454,2233
generating,2453,2277
base,2447,1723
law,2446,1848
component,2444,2016
inputs,2444,2023
measured,2437,2147
widely,2437,2371
understanding,2434,2093
adapt,2430,2155
carried,2423,2313
weight,2423,1994
means,2411,2278
overcome,2409,2320
testing,2389,1994
computing,2387,1999
scheduling,2371,1010
produce,2370,2169
examples,2370,2233
built,2369,2261
representations,2363,1804
combining,2357,2277
transmission,2355,1509
pattern,2355,1683
appropriate,2355,2213
superior,2348,2278
surgery,2345,1640
memory,2344,1732
controlling,2343,2170
coverage,2342,1161
unmanned,2339,2005
investigate,2334,2254
interest,2333,2144
subject,2326,2027
observation,2319,1834
sequences,2314,1818
dense,2314,1646
assistance,2308,1410
free,2306,1833
smooth,2306,1941
advantage,2302,2206
lack,2302,2238
light,2300,1755
independent,2297,2032
inspired,2294,2185
related,2291,2146
role,2287,2134
unit,2285,1809
handling,2281,1919
probability,2278,1682
actuated,2274,1915
composed,2269,2144
illustrate,2269,2238
investigated,2265,2131
redundant,2260,1672
automation,2256,1650
collected,2254,2036
usually,2253,2135
successful,2253,2108
compact,2252,1996
faster,2244,2079
compensation,2244,1523
inference,2236,1652
sliding,2235,1373
model-based,2234,1801
lead,2233,2109
embedded,2233,1917
arbitrary,2229,1990
random,2227,1891
sub,2226,624
established,2225,2070
materials,2223,1669
remote,2219,1567
exoskeleton,2216,917
variables,2209,1610
caused,2208,2040
optimized,2204,1937
driven,2204,1971
pneumatic,2203,1291
spaces,2200,1774
lightweight,2196,1912
baseline,2196,1966
kalman,2194,1838
demonstrating,2183,2149
generalization,2182,1757
minimum,2181,1831
center,2179,1775
skills,2178,1383
realistic,2175,1972
build,2174,1989
consumption,2173,1523
values,2172,1784
scenario,2168,1916
finite,2166,1869
analyze,2162,2058
observer,2160,1327
thereby,2159,2048
legged,2155,1459
expected,2154,1918
construction,2153,1676
fundamental,2150,2078
realize,2144,1930
together,2142,2069
nature,2139,2056
basis,2138,1916
link,2137,1540
continuum,2137,955
changing,2135,1890
muscle,2134,1094
designs,2133,1739
train,2128,1819
explore,2126,2000
metric,2126,1516
basic,2125,1938
vector,2125,1592
applying,2121,2041
collaborative,2121,1440
estimating,2120,1936
demonstration,2119,1611
situations,2118,1860
generates,2115,2010
stochastic,2113,1440
represent,2113,1951
outdoor,2111,1756
simulator,2111,1551
modeled,2102,1969
next,2100,1972
bending,2098,1248
shapes,2097,1667
deployment,2092,1718
people,2089,1439
certain,2084,1952
leveraging,2084,2030
vibration,2080,1096
despite,2078,2036
platforms,2078,1743
pipeline,2075,1539
tip,2073,1269
validation,2071,1946
total,2070,1789
constant,2069,1752
indicate,2065,2014
sufficient,2062,1909
developing,2062,1945
integrates,2062,2020
failure,2056,1399
coupled,2052,1726
structural,2049,1596
unique,2048,1920
levels,2047,1778
integrating,2044,1949
leads,2041,1964
utilized,2037,1950
utilizes,2036,1978
switching,2034,1324
normal,2032,1525
acceleration,2032,1454
maintain,2030,1903
reliability,2028,1686
optimize,2016,1860
samples,2013,1391
traffic,2013,995
computed,2012,1822
limits,2012,1786
original,2012,1745
help,2007,1867
tree,1998,1294
takes,1997,1935
balance,1995,1524
relationship,1992,1720
gap,1992,1631
consistent,1991,1771
mobility,1990,1514
needle,1989,544
coupling,1988,1477
plans,1986,1476
fingers,1984,1218
sensory,1981,1489
analytical,1980,1685
monocular,1978,1381
swarm,1976,893
uncertain,1975,1561
aims,1974,1940
iterative,1973,1621
sample,1969,1537
ensuring,1966,1834
elements,1963,1582
computationally,1963,1825
tissue,1961,1006
layer,1959,1163
arms,1958,1394
learning-based,1958,1622
become,1957,1874
involving,1950,1847
implement,1949,1870
ratio,1947,1486
take,1946,1878
deformable,1945,1204
vision-based,1942,1603
variations,1942,1630
fuzzy,1939,940
minimize,1937,1805
targets,1936,1263
construct,1935,1809
autonomously,1929,1756
differential,1927,1534
formulated,1926,1850
great,1925,1846
servoing,1925,1142
literature,1925,1799
service,1923,1280
transition,1923,1415
increased,1913,1732
clouds,1912,1266
typical,1911,1807
degree,1909,1770
factors,1907,1592
solved,1906,1784
guide,1905,1697
steering,1902,1115
create,1897,1768
wheel,1895,1038
micro,1894,1160
designing,1893,1763
resources,1887,1433
rapid,1884,1641
unstructured,1882,1654
multi-agent,1881,1215
comprehensive,1876,1793
deal,1874,1781
contrast,1871,1797
guidance,1870,1362
guarantee,1869,1734
registration,1868,922
road,1867,1032
risk,1863,1186
minimal,1859,1682
settings,1858,1701
strong,1857,1711
cluttered,1857,1477
enhanced,1856,1734
air,1849,1302
reach,1848,1658
taking,1843,1786
leading,1843,1767
hands,1840,1259
gain,1840,1415
rates,1838,1581
synthetic,1833,1433
adaptability,1833,1548
grasps,1832,1040
cells,1828,973
inherent,1827,1756
reward,1827,1049
transformation,1824,1372
upon,1824,1747
principle,1823,1638
advanced,1822,1682
benefits,1818,1712
coordinate,1813,1482
running,1813,1291
primitives,1813,1142
major,1811,1732
alternative,1809,1726
generalized,1804,1498
high-level,1800,1490
amount,1799,1642
uavs,1796,985
showed,1795,1669
explicitly,1792,1692
aim,1791,1723
leverages,1790,1767
heterogeneous,1788,1247
imaging,1779,1224
collisions,1778,1426
approximation,1775,1400
operate,1774,1695
payload,1773,1091
consisting,1769,1717
mpc,1769,822
decentralized,1759,1222
unlike,1754,1724
facilitate,1751,1697
mathematical,1750,1586
factor,1749,1432
displacement,1748,1218
influence,1747,1550
incorporating,1746,1693
offers,1746,1683
purpose,1743,1667
derive,1743,1652
extract,1742,1598
steps,1740,1570
years,1738,1702
determined,1733,1647
another,1733,1654
directions,1733,1437
particle,1730,1136
mission,1728,1135
operational,1727,1396
convex,1725,1212
vertical,1720,1299
discuss,1716,1616
increases,1715,1617
manual,1712,1431
social,1709,890
offline,1708,1300
extend,1706,1665
navigate,1705,1542
whole,1705,1532
three-dimensional,1697,1524
event,1695,911
capacity,1695,1342
update,1694,1396
water,1694,1008
engineering,1686,1382
commands,1682,1300
mounted,1680,1550
costs,1679,1403
shared,1678,1236
utilize,1676,1626
classical,1676,1456
attitude,1669,989
inside,1666,1399
project,1661,1484
predictions,1661,1296
angles,1659,1338
medical,1657,1207
guarantees,1655,1484
density,1649,1269
idea,1649,1565
focuses,1649,1625
rehabilitation,1649,926
metrics,1648,1282
applicability,1647,1577
improvements,1647,1558
special,1643,1503
extension,1643,1430
motors,1643,1229
delay,1641,1027
foot,1637,930
bayesian,1635,1248
detailed,1634,1537
quickly,1634,1508
reasoning,1631,1196
connected,1629,1455
contribution,1627,1463
considers,1626,1564
data-driven,1625,1233
upper,1624,1244
functional,1624,1268
angular,1624,1224
quadrotor,1623,997
extracted,1622,1482
entire,1618,1513
dexterous,1617,1177
consistency,1616,1273
subjects,1616,1198
alignment,1615,1099
prove,1614,1555
relevant,1613,1505
planners,1612,1124
rather,1611,1552
urban,1607,1184
partial,1605,1321
efficacy,1604,1565
setup,1602,1389
multimodal,1602,1042
array,1598,1089
relies,1594,1557
frames,1594,1243
validity,1592,1550
motivated,1589,1559
extraction,1588,1269
boundary,1586,1100
activities,1582,1192
onboard,1582,1295
tex,1581,343
rotational,1580,1228
enhancing,1579,1484
least,1573,1413
close,1572,1481
final,1568,1429
employs,1568,1534
identified,1568,1434
skill,1568,913
wearable,1567,1005
legs,1566,1072
preliminary,1565,1508
unified,1565,1356
biological,1564,1238
experience,1563,1296
posture,1562,1022
avoiding,1560,1474
approximate,1557,1387
commonly,1554,1513
axis,1551,1140
interactive,1550,1164
collision-free,1550,1242
limit,1550,1297
speeds,1545,1286
procedures,1544,1296
property,1543,1354
schemes,1541,1245
cable,1541,753
nodes,1540,972
gradient,1537,1207
edge,1531,942
modified,1528,1345
predicted,1527,1324
leverage,1527,1475
learns,1526,1389
estimator,1526,1082
machines,1524,1147
slip,1523,696
element,1521,1309
applicable,1520,1485
grid,1520,1003
incorporates,1519,1494
torques,1518,1153
lyapunov,1514,1320
insertion,1514,798
explicit,1512,1357
domains,1511,1227
segments,1510,1071
time-varying,1509,1104
underlying,1505,1396
imitation,1505,924
fabrication,1502,1191
importance,1488,1386
larger,1487,1378
autonomy,1487,1133
contacts,1485,1052
synthesis,1482,1101
minimizing,1477,1388
hard,1472,1294
units,1469,1081
effort,1469,1286
face,1467,1183
end-to-end,1465,1241
aspects,1463,1356
recovery,1462,997
employ,1457,1412
collection,1449,1209
detecting,1448,1284
detected,1447,1318
adopted,1446,1386
low-cost,1443,1261
specified,1442,1324
sequential,1442,1199
head,1442,874
underactuated,1441,1012
long-term,1440,1118
dynamical,1438,1159
technologies,1438,1251
allocation,1438,856
assist,1437,1203
imu,1433,935
spring,1432,886
realized,1432,1341
quadruped,1432,935
logic,1430,984
bounded,1429,1202
gravity,1429,1008
becomes,1428,1381
biped,1428,802
objectives,1427,1099
offer,1426,1389
unseen,1426,1140
compensate,1423,1328
events,1422,997
represented,1420,1342
currently,1417,1392
comparing,1417,1376
practice,1416,1327
paradigm,1416,1256
integrate,1416,1375
introducing,1414,1380
confirm,1414,1383
tuning,1413,1093
heuristic,1410,1024
gaits,1410,832
terrains,1409,968
expensive,1408,1348
sense,1406,1278
named,1406,1338
reported,1404,1323
volume,1401,1044
dimensional,1398,1144
rgb-d,1398,997
selected,1395,1278
quadratic,1395,1242
define,1395,1311
cycle,1384,1017
filtering,1384,1110
description,1383,1225
relatively,1383,1315
involves,1383,1338
focused,1383,1326
program,1382,1112
taken,1380,1328
suggest,1380,1338
reality,1378,1143
subsequently,1378,1354
variation,1377,1120
high-speed,1375,1009
correct,1374,1250
exploit,1374,1333
sources,1374,1045
failures,1374,993
noisy,1373,1186
velocities,1372,1121
spherical,1372,883
lines,1371,924
formulate,1371,1339
regression,1367,1038
comparable,1365,1335
patients,1365,828
markov,1363,1139
rgb,1362,970
demand,1360,1095
participants,1360,970
convolutional,1353,1192
expert,1352,921
deployed,1352,1268
redundancy,1350,1016
easy,1349,1308
measures,1348,1094
height,1346,995
topological,1346,831
rolling,1346,824
generally,1341,1297
tackle,1340,1300
instance,1339,989
transportation,1339,909
color,1338,813
ensures,1336,1278
operators,1332,1021
missions,1332,1086
links,1328,1053
appearance,1326,964
damping,1325,825
follow,1325,1246
closed,1325,1118
difficulty,1325,1213
skin,1323,701
scanning,1323,801
assistive,1323,872
occupancy,1322,734
bandwidth,1321,1016
sensitivity,1318,1039
curvature,1315,908
interact,1314,1233
index,1312,849
combine,1312,1270
public,1312,1207
exploiting,1311,1279
reactive,1311,963
decomposition,1309,1007
radar,1309,434
management,1308,961
continuously,1303,1228
enhances,1299,1253
modalities,1298,989
rapidly,1297,1221
mainly,1294,1257
partially,1292,1132
guaranteed,1292,1185
employing,1290,1247
limb,1289,822
videos,1289,1060
inertia,1288,918
collaboration,1288,978
landmarks,1287,780
perspective,1286,1146
rules,1285,924
popular,1284,1239
simplified,1278,1171
landing,1278,650
patient,1275,810
enough,1274,1197
distributions,1272,985
conduct,1271,1238
augmented,1268,1087
placement,1267,898
bound,1267,979
measuring,1267,1111
muscles,1266,823
electrical,1265,980
select,1265,1181
climbing,1264,664
intuitive,1263,1121
cause,1263,1201
exhibit,1261,1203
temperature,1260,678
magnitude,1258,1135
resource,1258,833
acquired,1257,1154
goals,1254,1023
primary,1251,1079
independently,1250,1194
completion,1249,920
increasingly,1246,1225
smart,1244,825
confirmed,1244,1180
short,1243,1152
greatly,1243,1200
fabricated,1242,1091
safely,1241,1167
assumption,1241,1124
access,1241,1066
sound,1241,555
electric,1240,879
diagnosis,1239,616
central,1236,1096
servo,1236,825
quantitative,1235,1136
coordinates,1234,975
pair,1233,1051
maintenance,1233,836
criteria,1232,997
fluid,1229,825
omnidirectional,1229,799
benefit,1226,1193
baselines,1226,1152
lateral,1225,831
potentially,1223,1186
attacks,1222,389
establish,1222,1187
always,1220,1166
plant,1219,735
zero,1216,1077
represents,1216,1167
incorporate,1215,1171
progress,1215,1138
far,1214,1176
latent,1214,738
industry,1211,1037
transitions,1211,916
attached,1210,1116
low-level,1208,970
narrow,1208,944
rescue,1207,916
translation,1205,946
fail,1205,1157
minimally,1202,1084
wheeled,1201,913
difference,1200,1061
predicting,1200,1081
past,1199,1113
wireless,1199,820
chain,1198,862
decision-making,1195,901
namely,1195,1162
topology,1195,858
structured,1195,1031
product,1193,773
jacobian,1191,811
faults,1190,539
invasive,1189,1058
activity,1188,796
investigates,1188,1165
evaluations,1187,1139
complicated,1186,1115
dual,1183,905
optimizing,1183,1078
core,1183,1095
adjustment,1181,961
ones,1179,1102
wrist,1178,648
determining,1172,1098
generic,1171,1027
captured,1171,1077
wind,1171,560
distinct,1169,1095
hysteresis,1168,582
acquisition,1166,959
characterize,1164,1083
concepts,1163,975
intrinsic,1162,968
contains,1161,1079
characterized,1158,1127
advances,1158,1121
scan,1157,752
spl,1157,549
execute,1155,1089
dimensions,1154,1021
sampling-based,1150,882
classes,1148,854
relationships,1147,929
scalable,1147,1037
term,1145,943
flat,1144,947
actively,1144,1064
requirement,1143,1077
segment,1139,891
delivery,1139,775
researchers,1138,1056
thermal,1136,540
nonholonomic,1135,796
bounds,1134,878
moment,1133,889
labels,1130,765
systematic,1129,1040
cartesian,1127,873
controls,1127,996
report,1126,1065
manipulate,1124,1041
flying,1124,814
limitation,1122,1070
pairs,1121,948
incremental,1120,821
community,1119,1031
proved,1119,1087
trials,1119,967
daily,1119,978
swimming,1117,535
delays,1115,746
life,1115,971
adjust,1112,1041
assumptions,1112,992
digital,1111,817
articulated,1110,815
exact,1110,973
guided,1110,994
association,1110,752
surrounding,1109,989
details,1108,1038
dexterity,1107,847
instances,1106,849
edges,1103,806
hydraulic,1103,546
candidate,1103,896
intelligence,1101,873
criterion,1101,856
run,1100,1017
projection,1100,872
comparative,1098,1074
command,1097,826
affect,1095,1025
powerful,1092,1053
acoustic,1092,546
planned,1092,946
exhibits,1092,1057
firstly,1091,1073
raw,1090,908
modern,1090,1027
maximize,1089,1014
decisions,1089,901
clinical,1086,837
fact,1085,1064
interfaces,1084,802
suffer,1083,1071
produces,1082,1034
net,1082,665
depends,1081,1047
navigating,1081,998
degradation,1078,674
calculated,1077,995
person,1076,694
scalability,1076,968
approximately,1075,994
understand,1074,1020
grippers,1073,712
drift,1073,804
horizon,1072,831
assess,1071,1030
closure,1070,670
ranging,1069,954
cues,1069,792
knee,1069,495
reaction,1067,811
rendering,1067,779
representing,1066,1021
near,1066,969
occlusion,1064,785
high-dimensional,1064,878
positive,1063,832
heavy,1063,912
relying,1059,1021
give,1058,994
coordinated,1057,844
involved,1055,1004
rough,1053,804
gains,1053,868
groups,1052,813
utility,1051,890
wheels,1050,725
drone,1050,576
uri,1050,504
recognize,1048,914
prevent,1048,1005
beam,1048,652
smaller,1048,976
assume,1047,1015
meet,1047,1003
thrust,1047,600
specifications,1044,782
statistical,1043,879
outputs,1042,929
innovative,1042,998
fish,1041,383
equivalent,1040,933
completely,1039,985
consideration,1038,999
principles,1038,906
exploits,1038,1011
implicit,1038,754
gps,1037,710
stages,1036,874
explored,1035,995
bipedal,1035,658
exist,1031,992
precisely,1031,977
identifying,1030,966
sizes,1029,926
poor,1029,990
besides,1029,991
transform,1028,923
consensus,1026,531
piezoelectric,1021,618
robustly,1020,960
strain,1019,642
master,1017,619
incorporated,1016,992
pushing,1016,659
stabilization,1016,729
periodic,1013,714
reaching,1013,858
voltage,1012,608
locally,1011,914
serial,1007,776
equilibrium,1007,693
high-quality,1007,901
version,1005,914
game,1005,595
absolute,1004,844
similarity,1004,777
publicly,1004,980
placed,1002,933
ankle,1002,479
satisfy,1000,939
transport,999,777
assessment,998,764
depending,998,971
rotating,998,738
evaluating,998,943
consequently,996,984
accomplish,996,953
ultrasound,996,445
multi-modal,995,736
side,994,764
truth,993,874
substantial,992,958
maneuvers,992,797
deals,991,975
views,990,736
text,990,464
profile,989,748
optimality,989,823
correlation,987,762
turning,985,684
jointly,985,919
verification,983,829
supervised,983,823
illustrated,982,971
commercial,982,893
synchronization,980,562
probe,977,505
interacting,977,892
cooperation,975,749
residual,975,703
benchmarks,973,892
laboratory,972,870
generalize,972,889
laws,971,775
nominal,969,750
proven,968,939
adversarial,968,594
specification,965,701
architectures,964,803
parametric,964,774
differences,964,868
greater,963,913
characterization,962,794
diameter,962,789
remain,962,934
versatile,960,888
weights,960,787
numerous,959,933
occur,957,924
feedforward,956,702
moves,956,892
yields,956,930
weighted,956,800
containing,956,923
predefined,956,869
sensitive,955,879
detail,954,927
contributions,954,916
growing,953,832
layers,951,751
produced,950,886
created,948,893
regulation,948,704
viewpoint,948,689
onto,947,872
equipment,947,684
physically,946,871
beyond,946,915
separate,944,891
proper,943,884
executed,936,879
situation,936,840
insights,936,899
mitigate,936,899
tracked,934,797
highlight,934,924
channel,930,651
slave,929,517
reliably,928,880
plays,928,922
assignment,928,557
characteristic,927,830
teams,926,661
propulsion,926,590
curve,923,650
scales,922,793
extremely,920,884
regarding,919,884
integral,918,751
behaviour,918,687
little,917,896
fingertip,917,539
priori,915,850
touch,914,557
background,913,700
horizontal,912,758
filters,912,661
competitive,912,846
perturbations,912,685
negative,911,697
rover,911,431
illumination,910,681
assumed,910,845
empirical,910,855
followed,909,885
jumping,908,388
classifier,907,632
effector,907,674
loads,905,691
superiority,905,881
balancing,903,688
functionality,902,818
whole-body,901,616
phases,900,740
tension,899,525
strength,897,726
desirable,896,846
capturing,895,788
creating,890,848
bodies,890,709
invariant,890,695
last,890,857
unsupervised,890,663
adapted,889,851
rich,889,847
connectivity,888,562
barrier,888,692
difficulties,887,847
cables,886,552
intended,885,823
calculation,884,757
storage,882,639
degree-of-freedom,881,843
self-supervised,881,616
formula,880,397
asymptotic,879,761
electromagnetic,879,624
discusses,878,867
ball,878,490
supporting,877,754
analyzing,876,852
open-source,876,811
manipulating,875,789
generator,873,677
carry,873,819
choice,871,810
efforts,869,816
possibility,869,836
match,868,797
encoder,868,652
pendulum,867,635
tube,867,497
relations,865,641
travel,865,716
damage,865,705
sites,864,789
seen,863,821
propagation,861,659
demands,860,793
database,860,619
scaling,860,659
primarily,859,849
turn,859,782
graphs,857,623
hip,857,458
yield,856,745
constructing,855,825
cutting,855,432
usage,855,772
decoupled,854,712
wing,853,333
powered,851,651
belief,851,502
latter,850,830
intensity,850,606
slow,850,763
controllable,850,734
recursive,849,717
proximity,848,636
detector,847,594
manually,847,799
cognitive,846,575
serve,845,817
cope,845,822
exploring,845,790
kind,845,810
facilitates,845,836
node,845,568
induced,845,769
rotor,845,417
play,844,788
on-board,844,737
battery,844,486
texture,843,587
searching,843,719
pitch,843,591
descriptors,842,529
meanwhile,842,808
back,841,740
instrument,840,489
lighting,838,659
globally,838,751
translational,837,697
extends,837,825
simulate,837,764
non-linear,835,696
passivity,834,510
recorded,833,752
prescribed,833,568
extensively,833,826
correspondences,832,600
calculate,830,771
selecting,830,790
system's,830,749
kitti,830,737
intervention,829,670
clustering,829,605
user's,829,587
qualitative,828,737
occlusions,827,680
updated,826,772
composite,826,615
human-like,826,652
scans,825,618
open-loop,824,695
get,824,754
generative,823,623
centralized,822,644
singular,821,570
adaptively,821,767
infer,821,745
rrt,821,438
obtaining,820,793
sonar,820,443
threshold,819,638
visibility,819,577
transformer,819,589
acquire,818,775
limiting,818,799
correspondence,818,599
on-line,817,665
distances,817,719
microrobots,817,343
geometrical,816,722
aircraft,815,525
wall,815,580
diffusion,815,469
implementing,814,794
complementary,814,743
eye,812,506
release,810,668
supply,808,539
swing,808,533
fine,807,651
added,807,769
excellent,807,766
decrease,804,750
mixed,804,648
chosen,803,768
surveillance,803,631
car,800,580
collect,800,743
deviation,800,655
reveal,800,785
enabled,800,772
kinds,799,746
reason,799,753
event-triggered,798,354
start,797,700
top,796,707
adding,796,765
keep,795,767
exoskeletons,795,527
intention,793,496
uniform,792,696
utilization,792,704
catheter,792,252
grasped,791,636
technical,790,732
localize,790,702
fashion,790,761
attack,790,312
initialization,790,555
stroke,790,517
walk,788,616
primitive,787,578
exists,787,740
matrices,786,615
extrinsic,784,479
focusing,783,758
affected,783,739
categories,783,599
comparisons,782,757
newly,782,740
binary,781,599
machining,780,362
recover,779,702
teaching,779,489
naturally,779,760
wave,779,473
bearing,779,512
roadmap,779,410
valuable,778,753
encoding,778,637
products,777,535
home,776,561
updates,776,700
mixture,775,606
evolution,774,673
confidence,773,585
aid,772,719
labeled,771,582
instructions,771,508
considerable,769,756
bias,769,578
model-free,769,598
springs,768,533
polynomial,768,616
period,767,624
singularity,767,489
predicts,767,724
foundation,765,692
whereas,764,750
involve,764,741
aspect,763,691
inner,763,602
relation,763,670
satellite,763,467
image-based,762,632
petri,761,419
captures,761,746
observable,759,607
ways,757,735
ideal,757,695
throughout,756,715
fiber,756,466
examine,755,723
computes,754,714
observability,753,501
agile,753,608
dependent,751,696
likelihood,751,615
manifold,750,489
miniature,750,592
dofs,750,520
reconfigurable,748,549
true,748,664
explores,748,734
deformations,747,584
circuit,746,553
treatment,746,587
perceptual,745,583
helps,745,724
observe,745,711
reconfiguration,744,449
suited,744,728
early,744,648
sharing,742,571
starting,742,704
trees,741,564
cluster,740,414
false,740,549
deterministic,740,618
frequencies,738,583
latency,738,528
decoupling,737,557
exploited,737,721
health,737,501
responses,736,630
mesh,735,433
liquid,735,439
examined,734,704
interesting,734,692
transient,734,547
protocol,734,488
particles,734,443
restricted,733,694
dimension,733,630
covariance,733,507
connection,732,595
promise,732,725
microrobot,732,333
converge,732,684
insight,731,710
forms,730,673
burden,730,663
supervision,729,571
describing,729,699
offering,729,705
physics,729,586
repetitive,728,538
descriptor,728,438
representative,726,686
eliminate,726,695
interference,726,578
struggle,726,715
correction,725,550
resistance,725,534
block,724,551
adjusting,723,687
snake,723,315
services,722,456
instruments,722,501
query,722,500
formal,721,577
picking,721,451
high-precision,720,597
solver,719,557
two-dimensional,718,663
keeping,718,676
theoretically,718,700
thanks,718,690
drl,718,332
monitor,717,630
magnet,717,500
supports,716,671
anthropomorphic,716,560
adapting,716,674
maintains,716,699
cable-driven,716,506
shift,715,556
saturation,715,440
solely,715,696
permanent,715,576
executing,714,677
vectors,713,539
visually,713,604
bilateral,713,495
acting,713,650
routing,713,429
pedestrian,713,369
curved,712,540
axes,711,584
inverted,711,574
hidden,710,579
linearization,710,586
determines,710,685
aiming,710,679
confined,710,604
analyses,709,656
frequently,709,686
advance,708,681
cover,708,597
iteratively,708,686
security,708,469
profiles,707,532
straight,706,600
loading,706,544
embedding,706,587
tendon,704,391
operates,703,688
floor,702,496
leader,702,375
unstable,701,625
speech,701,329
tailored,701,686
unexpected,700,627
circular,698,575
existence,698,634
located,697,656
curves,697,505
auv,697,331
minimizes,696,675
refinement,696,583
genetic,696,571
gestures,696,397
runs,695,665
subsequent,695,674
mechanics,694,598
dedicated,693,646
station,693,483
prosthesis,693,298
route,691,473
roll,691,516
window,691,526
properly,690,664
driver,690,408
minimization,689,593
overhead,689,572
front,687,575
landmark,687,438
ablation,687,585
ultrasonic,684,411
lies,684,675
admittance,684,393
pid,682,477
gas,682,364
valid,680,605
substantially,679,661
stationary,679,577
robot-assisted,679,544
fewer,678,643
definition,677,608
boundaries,677,567
iteration,677,557
uneven,677,522
develops,676,660
thin,675,560
causes,675,630
consistently,675,665
missing,675,515
gear,675,431
manipulated,674,606
morphology,674,427
fused,674,608
dealing,673,653
suction,673,271
tail,673,309
modelling,672,561
reports,671,648
cnn,671,450
drones,671,418
tracks,670,594
dual-arm,670,396
amplitude,669,497
quantify,669,627
share,669,642
mutual,668,532
suggested,668,617
abilities,667,612
initially,667,639
separation,667,487
intermediate,666,549
singularities,666,455
applies,666,651
contribute,666,655
fuse,666,608
square,665,603
bounding,665,483
impacts,664,552
reconstruct,664,600
occurs,663,630
modality,663,538
already,662,643
visual-inertial,662,467
asynchronous,661,454
hypothesis,661,545
enhancement,661,533
behavioral,661,479
ekf,661,429
lane,660,306
two-stage,660,568
ieee,659,400
frameworks,658,575
feet,656,462
aimed,655,646
removal,655,480
momentum,655,452
clear,655,608
radius,654,533
symbolic,653,431
likely,653,617
extreme,653,578
informative,653,516
contain,652,635
severe,652,615
viewpoints,651,479
remaining,651,610
maneuver,650,519
rejection,650,530
reasonable,650,627
planes,650,464
prosthetic,650,350
orientations,649,541
bridge,649,521
infrastructure,649,531
avoids,648,636
extracting,648,618
individuals,648,508
inherently,648,639
recurrent,648,536
differentiable,648,463
well-known,647,635
switch,646,555
investigation,646,606
reachability,646,444
expansion,645,522
emerging,645,620
interval,644,475
broad,644,624
lie,644,492
coefficient,644,513
sma,644,234
occluded,643,482
secondly,643,634
trade-off,643,573
auxiliary,642,491
living,641,544
phantom,641,549
healthy,641,546
ros,641,407
subset,640,553
coefficients,640,515
satisfying,640,599
peak,639,483
tracker,638,424
lengths,637,550
received,637,611
act,637,583
injection,637,332
planetary,637,468
outperform,636,627
augmentation,636,467
science,636,516
transparent,635,387
runtime,635,533
hold,634,598
room,633,466
contour,632,365
proportional,632,533
docking,632,282
preserving,632,607
limbs,631,475
largely,631,616
gesture,631,313
targeted,630,547
outcomes,630,571
weather,630,423
brain,630,381
modulation,629,463
care,628,442
follows,628,616
see,627,522
places,627,517
score,627,485
expression,626,429
versatility,625,576
sea,625,390
tolerance,624,431
monte,624,566
valve,624,324
duration,623,525
engine,623,455
depend,623,616
time-consuming,623,609
maneuverability,623,511
gaze,623,265
quadrupedal,623,438
diversity,622,500
closed-form,621,555
teleoperated,621,504
vibrations,620,447
carlo,620,564
box,620,480
asymmetric,620,439
bidirectional,619,459
satisfactory,619,591
simply,617,606
intersection,617,462
testbed,617,513
site,617,483
producing,616,588
surgeon,615,442
pixel,614,518
wire,614,354
right,613,538
animals,613,507
scanner,612,478
builds,612,600
question,612,531
encountered,611,595
library,611,453
wrench,610,377
yaw,609,446
adopt,609,595
fusing,609,584
kernel,608,416
coarse,608,473
gripping,608,386
availability,607,561
incrementally,607,557
printing,607,356
outliers,607,386
fit,606,551
carrying,606,552
introduction,606,587
separately,605,583
expressions,605,424
preferences,605,356
alone,604,569
cad,603,430
blocks,603,458
guiding,603,529
pedestrians,603,397
absence,602,575
manipulability,602,360
facilitating,602,595
rule,601,452
awareness,601,494
analytically,600,568
geometries,600,509
items,600,349
nonlinearity,600,501
abstract,599,487
high-fidelity,599,530
accomplished,598,583
hypotheses,597,430
implementations,597,553
channels,596,478
combinations,596,520
visible,596,478
stabilize,595,535
high-resolution,595,503
capsule,595,207
solves,594,580
closely,594,579
extending,593,572
optimizes,593,577
phenomenon,593,523
owing,592,568
purposes,591,575
zero-shot,591,482
traveling,590,479
in-hand,590,344
custom,588,553
lift,588,426
transparency,588,392
traversability,588,299
proprioceptive,588,445
sim-to-real,588,428
exponential,587,507
stress,586,403
accordingly,586,581
classify,586,538
longer,586,558
candidates,586,454
modification,585,505
conditional,585,478
call,585,564
electronic,584,485
heuristics,583,467
conservative,583,485
optimization-based,583,517
advancements,582,568
markers,582,399
endoscopic,582,352
compression,581,380
schedule,581,388
survey,580,456
variability,580,478
arise,579,568
wheelchair,579,264
pixels,579,452
batch,579,411
marine,578,398
biomimetic,578,445
adjusted,577,556
push,577,447
quadrotors,577,405
transformed,576,527
systematically,576,559
double,576,482
priors,576,426
flapping,576,263
programs,575,437
assuming,575,563
pick-and-place,575,477
controllability,574,479
suspension,574,301
radial,574,447
shortest,573,426
perceived,573,483
encode,573,549
template,572,378
instability,572,483
serves,572,565
collective,572,352
sufficiently,571,555
suggests,570,561
deflection,569,389
quite,568,560
drives,568,489
embodied,568,409
reachable,568,408
proof,567,523
iii,567,535
comprises,567,559
loops,567,451
quantitatively,567,555
optimally,566,530
origami,566,222
allowed,565,540
growth,565,440
rewards,565,422
localisation,564,328
steady-state,563,466
adhesion,563,297
endoscope,562,288
emg,562,257
pick,561,458
affects,559,538
refine,559,539
directional,558,414
nevertheless,558,554
becoming,557,549
variant,557,510
regular,557,484
intent,557,344
micromanipulation,557,345
simplicity,556,535
dimensionality,556,480
plate,556,345
recognizing,555,506
subsystem,555,353
perturbation,555,413
elastomer,555,404
crawling,555,312
fall,554,411
calibrated,553,510
layout,552,365
correctly,552,518
remarkable,552,539
maximizing,552,519
supported,551,529
repeatability,551,446
updating,550,489
nonlinearities,550,445
ultimately,550,542
printed,549,418
ranges,549,481
outperforming,548,544
cycles,547,424
exchange,547,448
pre-trained,547,454
fitting,546,467
sophisticated,546,532
extra,546,494
defect,545,204
entropy,545,367
activation,545,416
contraction,545,360
specialized,543,508
positional,543,437
purely,543,503
discrete-time,543,389
labeling,543,399
chains,542,369
insufficient,542,519
costly,541,532
surroundings,541,504
simplify,540,530
imposed,540,513
timing,540,395
fidelity,540,469
attractive,539,499
vary,538,523
asymptotically,538,473
realization,537,503
reconstructed,537,467
swarms,537,356
outer,535,441
lifting,534,394
randomly,533,504
high-performance,533,498
graphical,532,440
determination,532,488
heading,532,375
orders,531,468
experiences,531,427
downstream,531,455
perceive,531,488
electronics,530,440
llms,530,278
rotary,529,373
eliminating,529,517
multirobot,529,363
communicate,529,468
inaccurate,529,483
symmetric,528,423
wafer,528,178
label,528,378
stance,528,365
deploy,528,494
terminal,527,353
formed,527,489
divided,527,516
frictional,527,397
evidence,527,480
matches,527,450
heart,527,262
variational,526,417
cleaning,526,278
comfort,526,369
metal,525,365
accelerations,525,430
detects,525,502
choose,524,509
semantics,524,390
stored,523,459
subsystems,523,381
ocean,523,312
outside,522,488
identical,522,486
seconds,522,472
excitation,522,371
gained,522,514
accelerate,522,489
empirically,521,509
homogeneous,520,429
historical,520,408
opening,520,444
expressed,519,495
coil,519,344
notion,519,480
traverse,519,469
referred,518,490
pure,518,453
seamlessly,518,506
irregular,517,440
mostly,517,507
charging,517,171
sampled,516,457
faces,516,461
carefully,516,511
spatiotemporal,516,353
walls,515,414
arrangement,514,438
regardless,514,496
off-the-shelf,514,499
backbone,514,400
motivation,513,491
heavily,513,507
surgeons,513,390
identifies,512,505
object's,512,412
observing,512,476
indicates,512,499
slope,512,352
disaster,512,412
away,511,490
smoothness,511,435
defects,510,253
microscope,510,376
locate,509,467
remotely,509,471
vital,509,487
long-horizon,509,327
anomaly,508,214
phenomena,507,431
internet,507,377
networked,507,356
spatio-temporal,507,374
symmetry,506,315
adaptable,505,485
assigned,505,458
simulators,505,378
abstraction,505,393
readily,504,499
refined,504,487
adapts,504,492
concerns,504,484
multi-objective,504,347
bimanual,504,268
euclidean,503,434
realizing,503,484
numbers,503,471
nearly,503,482
resonance,503,399
priority,503,362
distortion,502,363
believe,502,496
eliminates,502,498
screw,502,330
detectors,502,364
vivo,502,366
mri,502,228
numerically,501,477
attempts,501,478
wires,501,327
margin,501,418
modify,500,485
usefulness,500,487
topic,499,472
mechatronic,499,385
strongly,498,473
moments,498,367
attributes,498,386
covering,498,458
hopping,498,247
alleviate,497,487
ease,496,467
remove,496,453
finite-time,496,244
multi-view,496,333
throughput,495,361
prototypes,495,424
disassembly,495,163
squares,494,426
operated,494,469
bev,494,202
beneficial,493,481
short-term,493,412
hri,493,269
tuned,492,459
sensor-based,492,404
align,492,469
interpretation,491,440
linkage,491,352
tendon-driven,491,380
optimum,490,409
suboptimal,490,449
tight,490,434
rigorous,489,474
interventions,489,404
event-based,489,280
processed,488,470
aerodynamic,488,325
university,487,449
contributes,487,480
former,487,472
queries,486,362
untethered,486,368
holding,485,402
replanning,485,351
installed,485,454
orthogonal,484,422
unfortunately,484,482
retrieval,484,364
meaningful,484,461
principal,484,417
branch,484,312
zmp,484,231
trust,484,213
arising,483,466
methodologies,483,442
revealed,483,469
google,483,478
imagery,482,380
varied,482,457
left,482,430
released,482,464
everyday,482,421
unpredictable,481,451
root,481,406
adequate,480,456
neighborhood,480,391
considerations,480,462
facial,480,193
transformations,479,421
cylindrical,479,391
led,479,448
backward,479,378
jamming,479,207
stabilizing,479,419
visualization,479,384
musculoskeletal,479,297
elasticity,477,374
consecutive,477,438
compatible,477,450
parking,477,179
incomplete,476,393
resolve,476,460
cross,476,380
accessible,476,449
food,476,269
highlighting,475,475
weak,475,404
workpiece,474,272
parameterized,474,420
easier,473,457
instantaneous,473,410
customized,473,427
personal,473,389
fault-tolerant,473,260
attempt,472,465
jump,472,286
algorithmic,472,425
sim,471,309
annotated,471,418
mav,471,268
board,470,385
scientific,470,416
postures,470,338
evolutionary,470,334
tissues,470,363
longitudinal,470,355
gpu,470,379
repeated,469,423
descriptions,469,369
lot,469,379
status,468,373
accommodate,467,457
constructs,467,451
assembled,466,412
offset,466,342
fine-tuning,466,380
straightforward,465,461
polymer,465,368
family,465,388
transferred,465,439
membrane,465,273
auvs,465,267
therapy,465,329
featuring,464,454
patches,463,296
ambiguity,463,374
fine-grained,463,354
intentions,463,344
bio-inspired,462,400
segmented,461,414
manage,461,441
plants,461,338
axial,461,324
simulating,460,437
clutter,460,340
behind,460,444
approximated,460,431
bring,460,448
harmonic,459,270
helical,459,210
excessive,458,432
universal,458,394
composition,458,349
dangerous,458,427
distal,458,334
emergency,458,302
buildings,457,336
projected,456,396
gaps,456,380
pipe,456,240
vio,456,186
ideas,455,441
displacements,455,385
probabilities,455,359
fov,455,233
fingertips,454,310
stream,454,358
nets,454,279
steady,454,368
derivative,454,380
arbitrarily,454,428
annotations,454,375
collecting,453,423
shoulder,453,243
changed,452,433
concurrent,452,363
readings,452,390
satisfaction,452,371
distinguish,452,435
highest,452,434
flexion,452,327
cars,452,348
review,451,366
synchronous,451,368
fly,451,397
deploying,451,432
guaranteeing,450,435
extracts,450,439
vertices,449,336
tightly,449,399
regulate,449,412
fabric,449,205
adverse,449,369
computations,448,410
inexpensive,447,430
stimulation,447,252
emerged,447,443
acceptable,446,413
encoders,446,386
contextual,446,341
programmable,445,370
comprising,445,437
waypoints,445,298
safety-critical,445,368
solvers,445,345
transferring,444,398
degrees-of-freedom,444,424
animal,444,348
amounts,444,413
second-order,444,369
interpolation,444,341
integer,444,380
yielding,444,424
silicone,444,371
comes,444,437
accounts,443,436
synthesized,443,408
dependencies,443,362
manipulations,443,370
algebraic,442,371
analytic,442,384
treated,442,431
aggregation,442,345
international,441,417
polygonal,441,350
otherwise,441,436
quasi-static,441,393
shaping,441,321
merging,441,330
magnets,441,314
assisted,440,392
posterior,440,331
infinite,439,378
traditionally,439,434
width,438,370
handles,438,418
time-optimal,438,279
chemical,438,326
resilient,438,285
affordance,438,193
proposing,437,428
standing,437,316
graph-based,437,378
content,436,342
possibly,436,423
connecting,436,401
defining,435,421
folding,435,255
tensegrity,435,138
assessed,434,424
relaxation,434,339
risks,434,374
electrodes,434,271
usability,434,386
category,433,326
tend,433,426
so-called,432,423
classic,432,401
switched,432,275
inequality,432,358
communications,431,353
selects,431,416
spectrum,431,355
hazardous,431,394
gradients,431,367
spacecraft,430,237
thickness,430,294
workload,430,338
avoided,430,421
synthesize,430,398
welding,430,180
simpler,429,417
grip,429,281
consist,429,425
package,429,344
continuous-time,429,316
holds,429,419
tubes,429,272
creates,428,425
completed,428,405
rotations,428,379
suppression,428,308
derivatives,428,322
adjacent,428,388
reasons,427,418
elevation,427,304
blood,427,239
website,427,425
overview,426,408
conjunction,426,418
persistent,426,342
fuses,426,413
gnss,426,200
significance,425,407
secure,425,300
maintained,424,414
return,424,373
establishing,424,418
rise,423,378
productivity,423,361
derivation,423,391
pass,423,384
harvesting,423,240
satisfied,423,398
losses,422,333
mask,422,298
recognized,422,397
importantly,422,421
hierarchy,421,332
unconstrained,421,365
arrays,421,318
specify,421,394
clearly,421,414
expand,421,406
converges,421,397
fails,421,409
devised,420,398
reveals,420,412
generalizes,420,405
deviations,420,360
indeed,420,413
soil,420,199
neighbors,420,337
creation,419,391
approximations,419,358
rubber,419,293
fatigue,419,256
bundle,419,331
physiological,419,318
setups,418,372
passively,418,387
circ,418,265
handled,417,406
infrared,417,309
permits,417,397
descent,417,360
presenting,417,408
task-specific,417,359
backstepping,417,337
matched,416,363
classified,416,392
frequent,416,397
strict,416,389
stimuli,416,298
discussion,415,399
adoption,415,389
decreases,415,394
workers,415,321
informed,415,341
periods,414,369
closing,414,335
shear,414,265
smoothing,414,317
freely,414,402
live,414,344
multi-scale,414,313
choosing,412,399
experimentation,412,385
viable,412,402
indicating,412,405
majority,412,406
suffers,411,408
conducting,411,394
cyclic,411,313
keypoints,411,246
earlier,410,395
put,410,395
minima,410,340
sum,409,364
developments,409,390
possess,409,395
off-road,409,255
compensator,408,280
clusters,408,299
drug,408,260
minimized,407,385
adjustable,407,355
delayed,407,314
aligned,407,383
valves,407,270
clutch,407,147
encoded,406,389
oscillations,406,313
add,406,385
traction,406,265
volumetric,406,307
formations,406,267
novelty,406,381
keypoint,406,231
fixture,405,196
attracted,405,403
grids,405,292
mimic,405,387
strengths,404,390
iterations,404,364
helicopter,404,228
agricultural,403,271
high-frequency,403,337
checking,402,323
door,402,273
drivers,402,287
connections,402,354
contexts,402,330
afm,402,153
smoothly,401,386
stepping,401,278
fin,401,172
stiff,400,332
pipelines,400,304
localizing,400,365
elderly,400,289
annotation,400,297
mapped,399,381
heat,399,266
neighboring,399,348
variants,399,344
concurrently,399,384
greedy,399,313
preventing,398,388
arises,398,391
kinodynamic,398,270
voxel,398,258
off-line,397,357
cpu,397,331
know,397,374
evaluates,397,383
modifications,397,369
spatially,397,367
spectral,396,257
calculating,395,375
dependence,395,363
intermittent,394,271
members,394,321
validating,394,389
suite,394,350
multi-task,394,263
supervisory,393,272
drilling,393,171
accounting,393,384
entirely,393,382
deliver,393,374
icp,393,242
compensated,392,371
kinematically,392,346
oscillation,392,296
skeleton,392,231
secondary,392,285
movable,392,284
concerned,391,375
payloads,391,293
individually,391,383
history,391,344
follower,391,239
small-scale,391,327
radio,391,294
fps,391,307
solid,390,343
stably,390,373
intensive,390,372
stairs,390,263
considerably,389,379
decomposed,389,365
radiation,389,240
adjusts,389,383
forming,389,333
guides,389,355
noises,389,285
reflection,388,266
decide,388,368
explain,388,372
deadlock,388,194
practicality,388,382
choices,388,350
workflow,388,218
lagrangian,387,319
covered,387,364
minutes,387,361
implications,387,377
formulations,387,333
brings,387,383
appropriately,387,380
demanding,387,377
sota,387,309
emphasis,386,349
repair,386,247
satisfies,386,369
low-dimensional,386,318
overlap,385,283
oriented,385,348
gathered,385,365
unreliable,385,338
shaped,385,350
directed,384,336
equal,384,357
human's,384,302
ratios,383,329
prone,383,380
dos,383,115
quick,382,361
reached,382,361
turns,382,341
date,382,375
cylinder,382,268
isolation,382,258
estimations,382,334
geometrically,381,355
automotive,381,296
fixtures,381,202
cost-effective,381,356
questions,381,310
safer,381,362
physics-based,381,317
energy-efficient,381,315
suppress,380,338
course,380,320
constrain,380,358
weighting,380,310
drawbacks,380,370
intricate,380,358
spine,380,158
steer,380,326
closest,380,348
showcase,380,374
vacuum,379,261
pilot,379,303
traversing,378,344
delicate,377,338
linearized,377,327
near-optimal,377,322
passing,377,320
aforementioned,377,370
mavs,377,223
overcomes,376,371
parameterization,376,324
operator's,376,297
streams,376,294
placing,376,316
multiagent,376,237
preferred,376,331
maximizes,376,366
wings,376,214
feature-based,375,323
words,375,288
augment,375,365
localized,375,331
lidars,375,260
widespread,374,369
seamless,374,359
exposure,374,281
traversal,374,299
bottleneck,374,333
slippage,374,257
teacher,374,238
inefficient,374,366
biomedical,374,313
targeting,374,302
office,373,340
convolution,373,270
impossible,373,364
logistics,373,302
drawing,372,286
coordinating,372,337
sphere,372,262
reproduce,372,326
maneuvering,372,321
pump,372,201
arc,371,239
medium,371,326
ensemble,371,245
factory,371,285
industries,371,340
reaches,371,362
population,371,309
household,371,326
studying,370,358
contrastive,370,239
semiconductor,369,256
overlapping,369,316
boxes,369,287
privacy,369,162
dielectric,368,258
sheet,368,185
processor,368,292
concerning,368,361
realizes,368,349
rod,368,227
observers,368,276
supplementary,368,364
theorem,367,313
climb,367,293
shaft,367,245
magnetically,367,282
glove,367,174
synchronized,366,328
causing,366,358
crowded,366,292
pomdp,366,195
benchmarking,366,308
separated,365,336
unmodeled,365,314
respond,364,343
compatibility,364,299
classifiers,364,267
audio,364,229
nearby,364,332
adopts,364,356
vessels,364,253
fruit,364,155
appear,363,351
tractable,363,348
salient,363,284
shorter,363,337
workspaces,363,314
assisting,363,316
steerable,363,243
multirotor,363,234
encodes,362,356
hours,362,336
adopting,362,359
acquiring,362,344
vehicle's,362,311
portable,362,314
automate,362,339
piecewise,362,317
prostheses,362,231
transmitted,361,322
affecting,361,350
experts,361,292
glass,361,249
combinatorial,360,307
implicitly,360,353
manufactured,360,337
cellular,360,231
detections,360,272
inspiration,360,349
moved,359,341
replace,359,351
infeasible,359,335
routes,359,271
completeness,359,315
predictor,359,259
flows,359,277
electrostatic,359,210
gradient-based,359,301
forecasting,359,190
acts,358,331
lab,358,316
regard,358,354
mechanically,357,337
conclude,357,354
achievable,357,332
chamber,357,250
sequentially,357,342
vessel,357,230
resulted,356,343
inf,356,95
disparity,356,214
highlights,356,352
competition,356,276
nmpc,356,161
destination,355,272
mirror,355,227
eventually,355,345
preference,355,244
experienced,355,339
promote,355,336
decades,355,351
sparsity,355,290
discriminative,355,300
possibilities,354,341
aggressive,354,288
scope,353,320
correctness,353,309
fleet,353,232
kuka,353,322
vpr,353,97
society,352,313
check,352,318
induce,352,337
indices,352,227
author,351,269
sensed,351,313
extent,351,342
additive,351,291
counterparts,351,347
palm,351,215
patch,350,218
terrestrial,350,260
respective,350,339
holonomic,350,286
clearance,350,247
overcoming,350,336
non-convex,349,273
uniformly,349,331
preserve,349,330
elbow,349,247
exactly,348,333
day,348,285
tendons,348,230
gradually,348,331
mars,348,207
reliance,347,338
torso,347,227
exploitation,347,305
laparoscopic,347,234
stations,346,228
revolute,346,296
grinding,346,120
end-effectors,346,292
decreased,346,324
indicated,346,333
expanding,346,333
encounter,346,334
trial,346,310
year,346,190
correspond,345,325
dominant,345,305
held,345,321
impulsive,345,170
calibrate,345,304
actuating,345,283
games,345,239
bionic,345,194
job,344,205
assumes,344,336
exerted,344,312
walker,344,184
racing,344,170
uwb,344,121
lens,343,212
forest,343,259
randomized,343,303
string,343,180
outcome,342,305
flexure,342,191
misalignment,342,236
agility,342,286
substrate,342,257
marker,342,198
generalizability,342,303
covers,341,332
tradeoff,341,306
outlier,341,257
giving,340,330
engineers,340,307
carbon,340,216
treat,339,326
viability,339,320
indirect,339,259
scaled,339,275
bioinspired,339,273
convenient,338,332
polygon,338,235
fed,338,327
agreement,338,321
interpret,338,323
opportunities,338,321
drag,338,240
trunk,338,195
analyzes,337,333
express,337,312
fuel,336,217
maximal,336,305
guidelines,336,301
currents,336,261
degrade,336,328
decoder,336,252
chip,335,219
film,335,219
linearly,335,322
store,335,302
switches,334,295
sometimes,334,327
extensions,334,311
transforms,334,317
unable,334,329
removing,334,325
functionalities,334,301
steel,334,222
render,334,321
web,334,215
contact-rich,334,248
distillation,334,195
tilt,333,245
react,333,317
thoroughly,333,331
converted,333,324
removed,333,319
bone,333,171
fluidic,333,216
prototyping,332,267
later,332,324
reflect,331,321
penetration,331,206
establishes,331,327
norm,331,253
spinal,331,200
photometric,331,245
cup,331,201
rovers,331,239
trend,330,303
projects,330,299
self,330,249
proves,330,325
stack,330,252
resilience,330,260
resonant,329,212
alloy,329,305
rotate,329,312
grounding,329,208
leveraged,329,318
youtu,329,327
defines,328,318
lastly,328,328
tumor,328,159
cpg,328,148
ego-motion,328,221
scores,328,277
voronoi,327,215
sorting,327,207
wider,327,322
come,327,322
cloth,327,125
invariance,327,283
advancement,327,319
exhibited,326,312
hole,326,215
entities,326,255
formalism,326,273
formulating,326,323
diagnostic,326,237
recall,326,276
healthcare,326,234
mems,326,237
tether,326,132
regularization,325,246
simplifies,325,322
causal,325,177
floating,324,250
coils,324,218
actually,324,319
monospace,324,50
neighbor,323,257
compensating,323,307
multi-sensor,323,263
kinetic,323,269
stop,323,260
broader,323,318
anatomical,323,267
cross-modal,323,214
connect,322,310
instruction,322,223
assistant,322,244
hundreds,322,310
normalized,322,289
item,322,156
injury,322,247
unsafe,322,267
lstm,322,223
perspectives,321,296
necessity,321,313
protocols,321,258
hand-eye,321,181
electrode,321,191
budget,321,238
branches,321,249
textures,321,245
rmse,321,245
discontinuous,320,270
gathering,320,260
modifying,320,315
estimators,320,257
mining,320,219
correlations,320,258
intervals,319,271
convert,319,307
published,319,309
warehouse,319,232
pipes,319,182
atomic,319,256
inferred,318,294
restrictions,318,298
entry,317,212
long-range,317,256
waves,317,230
ground-truth,317,282
llm,317,198
crane,316,146
prevents,316,312
thumb,316,170
meters,316,268
hovering,316,241
altitude,316,240
lunar,316,151
facilities,315,261
compares,315,309
subjected,315,299
seek,315,299
influences,315,290
antagonistic,315,229
ugv,315,159
unlabeled,315,226
puma,314,280
severely,314,309
statistics,314,262
roles,314,276
balanced,314,277
exponentially,314,291
successive,314,292
falling,314,259
page,314,300
master-slave,313,231
optimizer,313,247
dramatically,313,308
aquatic,313,213
self-driving,313,253
canonical,312,241
twisting,312,197
concentric,312,211
socially,312,227
ltl,312,132
fulfill,311,296
electromechanical,311,268
land,311,264
commercially,311,305
conflict,311,237
tethered,311,224
decreasing,310,302
approaching,310,254
posed,310,307
task-space,310,219
accumulated,310,289
children,310,139
behaviours,310,230
granular,310,180
triangulation,309,240
versus,309,280
selective,309,256
proof-of-concept,309,307
rigidity,308,242
inserted,308,272
hexapod,308,226
adhesive,308,182
graphics,307,275
unnecessary,307,291
mathematically,307,303
thorough,307,304
mitigating,307,302
cancer,307,208
briefly,306,304
dependency,306,277
explained,306,296
interpretable,306,254
compensates,306,297
zone,306,214
lost,306,285
drastically,306,298
human-machine,306,255
sensorimotor,306,224
microphone,306,175
partition,305,226
imperfect,305,238
attachment,305,218
first-order,305,272
flights,305,252
vast,305,294
lidar-based,305,255
codes,304,257
possesses,304,298
least-squares,304,256
null,304,234
aware,304,281
optimisation,304,217
intersections,303,207
rarely,303,297
situ,303,228
largest,303,283
subtasks,303,211
alongside,303,292
morphing,303,167
fragile,302,257
responsible,302,285
specially,302,296
rest,302,275
discretization,302,247
proximal,302,269
degraded,302,275
synergies,302,142
nuscenes,302,275
nuclear,301,228
alternatives,301,281
concrete,301,240
varies,301,293
lattice,301,164
herein,301,295
fem,301,191
packing,301,113
biopsy,301,168
discovery,300,242
inversion,300,229
polyhedral,300,228
torsional,300,196
peg-in-hole,300,216
implements,300,285
suspended,300,219
microfluidic,300,172
generalizable,300,273
roads,299,242
pointing,299,190
advantageous,299,296
braking,299,187
container,299,170
realtime,299,259
modal,298,187
tune,298,292
state-space,298,255
deg,298,214
hrp,298,203
point-to-point,297,269
arranged,297,287
randomization,297,215
resolved,296,273
facing,296,279
slopes,296,243
trains,296,255
insects,296,226
occurrence,296,264
formally,296,276
mis,296,168
anchor,296,176
personalized,296,204
boost,296,284
volumes,295,211
shell,295,155
devise,295,293
perfect,295,258
crossing,295,221
non-holonomic,295,227
affordances,295,176
interconnected,294,219
nearest,294,257
regarded,294,291
students,294,176
wear,294,206
path-planning,294,206
impulse,294,195
affine,294,215
biomechanical,294,230
crop,294,157
perching,294,104
ambient,293,232
inclusion,293,272
resultant,293,274
rigid-body,293,255
persons,293,230
aligning,293,273
mechatronics,293,180
obtains,292,285
pairwise,292,240
multi-object,292,220
decade,291,287
exhibiting,291,289
high-order,291,198
advancing,291,281
closer,291,282
finder,290,229
illustrates,290,286
calculations,290,269
facility,290,229
timely,290,274
shifts,290,253
pruning,290,202
penalty,290,225
saliency,290,131
flux,290,184
tremor,290,97
impressive,289,285
economic,289,234
locating,288,254
immediate,288,274
conversion,288,232
rms,288,207
supervisor,288,164
publication,288,236
dead,288,223
voice,288,216
impractical,288,285
crowd,288,155
ego,288,186
qualitatively,287,282
tunable,287,218
accelerometer,287,218
kinesthetic,287,206
snake-like,287,185
xref,287,84
assessing,286,277
deriving,286,280
log,286,202
rigorously,286,275
concern,286,281
continuity,286,247
charge,286,205
anomalies,286,164
rfid,286,107
transformer-based,286,254
conductive,285,204
characterizing,285,271
fabricate,285,262
ordinary,285,264
solar,285,158
fixed-wing,285,210
closures,284,199
searches,284,267
market,284,225
admissible,284,213
schedules,284,212
argue,284,281
pulling,284,236
synergy,284,189
brake,284,148
preprocessing,283,247
expanded,283,268
cone,283,203
sudden,283,249
poorly,283,279
evolving,283,261
decompose,282,273
quantity,282,241
fibers,282,179
impose,282,272
maximization,282,250
quantities,281,247
occurring,281,274
concentration,281,184
plastic,281,226
discover,281,264
kpa,281,189
conflicts,280,211
half,280,262
teleoperator,280,164
investigating,280,277
complement,280,271
centers,280,246
faced,280,274
integrity,280,221
innovation,280,264
panoramic,280,190
suit,280,164
huge,280,275
multi,280,233
bold,280,99
para,280,141
reflex,279,144
portion,279,246
regulator,279,234
opportunity,279,267
bed,279,203
subspace,279,206
algebra,279,206
repeatedly,279,269
biologically,279,256
masks,279,209
impaired,279,197
footprint,279,228
humanoids,279,211
meeting,278,241
ambiguous,278,242
consuming,278,274
feed,278,215
generality,278,266
logical,278,208
blur,278,206
morphological,278,220
chambers,278,194
port,277,189
comprised,277,273
multi-fingered,277,214
topologies,277,215
agriculture,277,243
mental,277,183
chattering,276,198
bar,276,197
grounded,276,244
artifacts,276,237
div,276,8
corresponds,275,259
teach,275,234
gravitational,275,232
viewed,275,267
split,275,237
roughness,275,178
undesired,275,246
influenced,275,267
alternating,275,251
discrimination,274,216
simplifying,274,270
exploratory,274,222
c-space,274,135
technological,274,262
unexplored,274,254
mismatch,274,232
wherein,274,261
big,274,250
adjustments,274,256
relevance,274,252
hydrodynamic,274,213
sinusoidal,273,241
flexibly,273,264
ubiquitous,273,240
labor,272,235
conditioned,272,258
serious,272,267
reconstructing,272,255
implies,272,267
compromise,272,270
viscoelastic,272,180
spanning,272,239
validates,272,271
autoencoder,272,230
look,271,259
today,271,262
intuitively,271,263
cylinders,271,208
paired,271,225
waste,271,180
ship,271,150
heating,271,200
splatting,271,189
managing,270,263
capacitive,270,198
latest,270,259
recovering,270,255
rearrangement,270,142
embeddings,270,208
automating,269,247
displays,269,227
opposed,269,262
passages,269,179
gyroscope,269,196
electromyography,269,263
phri,269,142
fourier,268,222
inaccuracies,268,245
cascaded,268,236
assign,267,252
endpoint,267,180
exhaustive,267,259
mimicking,267,263
enforce,267,256
car-like,267,218
packet,267,154
suitability,267,261
student,267,169
viewing,266,218
assembling,266,245
examines,266,261
arrival,266,215
telerobotic,266,184
careful,266,260
oil,266,169
statistically,266,255
blind,266,206
caging,266,96
real-life,266,239
prismatic,265,207
partitioning,265,221
whenever,265,261
miniaturized,265,216
pursuit,265,198
signed,265,226
nerf,265,127
similarly,264,261
smoother,264,230
competing,264,252
consequence,264,264
paradigms,264,244
strictly,264,248
transporting,264,245
subjective,264,226
specifying,263,242
corner,263,188
telepresence,263,167
interested,263,252
network-based,263,236
ras,263,163
handover,263,108
holes,262,200
manifolds,262,171
temporally,262,229
incorporation,262,259
server,262,192
lacking,262,259
cooperatively,262,243
semg,262,121
circuits,261,196
saving,261,224
corridor,261,202
interpretability,261,206
vision-language,261,219
middle,260,229
modelled,260,245
tank,260,216
zones,260,198
multifingered,260,209
compromising,260,258
critic,260,192
mdp,260,150
general-purpose,259,241
slipping,259,190
anatomy,259,215
keeps,259,257
seeks,259,250
inequalities,259,214
bend,259,224
correlated,259,228
patient's,259,212
underground,259,172
education,259,187
imus,259,190
topics,258,206
ensured,258,253
repeatable,258,236
inevitable,258,249
thousands,258,246
soccer,258,166
actor-critic,258,218
showcasing,258,255
lfd,258,146
quadcopter,258,170
uniquely,257,244
worst-case,257,214
nowadays,257,256
deformed,257,211
divergence,257,213
ransac,257,173
sperm,257,47
appears,256,248
essentially,256,256
coherent,256,239
undesirable,256,241
backlash,256,181
nano,256,169
deployments,256,228
suturing,256,133
plus,255,245
ongoing,255,251
investigations,255,242
practically,255,246
commanded,255,230
domestic,255,219
retaining,255,254
differ,255,250
protection,255,183
matlab,255,232
tire,255,118
expressive,255,202
fixed-time,255,105
reflected,254,226
drawn,254,244
answer,254,218
refer,254,240
earth,254,217
microscopic,254,192
auditory,254,174
under-actuated,254,202
antenna,254,128
needles,254,150
dnn,254,125
mathrm,254,114
cubic,253,196
massive,253,235
options,253,207
cooperating,253,225
navigational,253,197
receding,253,227
corners,252,210
belt,252,160
formulates,252,250
distinctive,252,240
message,252,198
starts,252,248
omni-directional,252,186
triggering,252,194
unscented,252,216
feeding,251,171
normally,251,243
abnormal,251,177
gaining,251,251
task-oriented,250,188
tangential,250,190
two-link,250,239
refines,250,245
failed,250,208
selectively,250,240
locking,250,170
media,250,195
marl,250,113
inconsistent,249,239
complexities,249,246
machinery,249,177
slightly,249,244
spot,249,185
relaxed,249,222
spiral,249,166
pressures,249,216
save,249,239
softness,249,188
beams,248,189
faulty,248,182
discovered,248,229
preserves,248,245
intractable,248,246
amplification,248,169
bin,248,140
windows,247,187
shortcomings,247,240
tilting,247,164
np-hard,247,237
bistable,247,124
mixed-integer,247,213
input-output,246,213
assemble,246,224
transducer,246,173
programmed,246,226
linked,246,235
incorrect,246,217
executes,246,240
two-step,246,222
stabilized,246,222
sensation,246,170
notable,246,242
frontier,246,158
prm,246,135
imitate,246,222
sequencing,245,194
returns,245,228
replicate,245,235
rendered,245,227
tunnel,245,184
coding,244,173
emotion,244,111
meaning,244,230
subproblems,244,184
twin,244,156
hospital,244,141
propellers,244,172
curriculum,244,174
outline,243,234
drop,243,208
compressed,243,201
painting,243,119
generators,243,206
opens,243,241
fold,243,215
anisotropic,243,187
biases,243,198
sharp,242,216
quantization,242,160
contrary,242,237
fill,242,231
light-weight,242,226
favorable,242,233
hull,242,175
gel,242,101
delivering,242,233
sliding-mode,242,150
mapf,242,93
cut,241,195
trends,241,219
torsion,241,171
stair,241,146
unavailable,241,224
reuse,241,203
attenuation,241,188
wrenches,241,163
multi-dof,241,170
disease,241,176
human-in-the-loop,241,215
accumulation,240,212
contained,240,227
cascade,240,185
days,240,216
indicator,240,186
opposite,240,219
quantified,240,225
stator,240,137
multiobjective,240,158
self-assembly,240,118
exteroceptive,240,200
semantically,240,215
cnns,240,175
contours,239,187
forearm,239,169
instant,239,210
name,239,190
envelope,239,185
cumulative,239,216
debris,239,143
cavity,239,191
microgripper,239,86
cbf,239,135
mathbf,239,112
ccd,238,200
conceptual,238,211
apparent,238,198
decouple,238,232
fire,238,125
ends,238,221
reverse,238,185
recovered,238,218
model's,238,217
doppler,238,147
manipulator's,237,212
holistic,237,203
completing,237,232
understood,237,229
tensor,237,131
khz,236,200
feel,236,202
expertise,236,209
triangular,236,201
trigger,236,206
harsh,236,221
tiny,236,175
bus,235,138
prevalent,235,232
jerk,235,168
aggregate,235,206
visit,235,209
organs,235,199
rope,235,122
few-shot,235,138
transmit,234,216
joystick,234,174
synthesizing,234,223
rendezvous,234,135
pool,234,154
sagittal,234,191
filtered,234,193
thresholds,234,197
activated,234,213
retrieve,234,213
corrected,233,214
modularity,233,209
ray,233,167
trackers,233,154
escape,233,177
self-reconfigurable,233,164
anticipate,233,223
partner,233,160
dgs,233,111
pre-training,233,152
classifying,232,214
monitored,232,210
adequately,232,227
throwing,232,104
telemanipulation,232,164
delta,232,131
milling,232,103
oscillator,232,150
accelerated,232,215
therapeutic,232,189
proprioception,232,181
vinci,232,176
placements,231,175
compactness,231,216
versions,231,222
alarm,231,88
comfortable,231,204
smc,231,119
damper,231,152
installation,231,191
surpasses,231,230
batteries,231,182
footstep,231,131
inevitably,230,228
progressively,230,224
replacing,230,221
postural,230,140
bulky,230,220
modulate,230,223
engagement,230,156
vulnerable,230,211
dextrous,229,185
multi-stage,229,171
segmenting,229,213
scratch,229,220
insect,229,158
energetic,229,173
transfers,229,210
requests,229,151
deposition,229,168
handheld,229,173
rapidly-exploring,229,223
d-printed,229,194
necessarily,228,228
jobs,228,130
innovations,228,219
designated,228,207
customer,228,130
immediately,228,223
jet,228,144
layered,228,202
multibody,228,186
rooms,228,172
serving,228,212
conditioning,228,194
comprehensively,228,221
forceps,228,79
surrogate,228,160
treadmill,228,160
list,227,189
circle,227,180
viscous,227,185
buffer,227,172
outperformed,227,220
regulating,227,219
densely,227,199
provably,227,210
stride,227,162
uncalibrated,227,182
bridges,227,211
waypoint,227,172
appearance-based,227,175
keyframes,227,159
transforming,226,220
corrections,226,171
susceptible,226,224
calculates,226,221
expectation,226,205
standardized,226,199
inferring,226,208
actuate,226,210
originally,225,222
rule-based,225,180
distant,225,198
cooperate,225,212
translate,225,220
sign,225,153
excavation,225,87
drawback,225,220
reconstructions,225,187
wavelet,225,139
q-learning,225,153
surgeries,225,188
svm,225,161
decoding,225,158
semi-supervised,225,149
black-box,225,172
macro,224,140
equally,224,219
automaton,224,147
peg,224,135
b-spline,224,160
record,224,214
tedious,224,223
bottom,223,193
brief,223,216
eliminated,223,215
organized,223,211
timed,223,161
compound,223,154
prioritized,223,166
exercise,223,137
semi-autonomous,223,188
gather,223,213
verifying,222,213
customers,222,132
attain,222,216
calibrating,222,202
confirms,222,219
grows,222,218
catching,222,122
discrepancy,222,193
inform,222,213
affordable,222,208
lacks,222,220
pretrained,222,189
vicinity,221,208
outstanding,221,215
manufacture,221,200
inventory,221,117
prevention,221,172
accessibility,221,182
intrinsically,221,211
microrobotic,221,163
congestion,221,147
pivotal,221,218
receiver,220,163
ring,220,158
positioned,220,208
devoted,220,216
indispensable,220,219
merits,220,214
robocup,220,154
standards,219,170
nonconvex,219,170
exceeding,219,216
twist,219,142
restrict,219,216
modulated,219,202
interacts,219,217
indicators,219,177
neurons,219,147
visited,219,202
templates,219,157
anytime,219,173
vascular,219,130
inadequate,218,214
focal,218,161
disk,218,164
eye-in-hand,218,198
run-time,218,192
enforcing,218,208
bearings,218,139
ultimate,217,212
tends,217,214
moderate,217,212
in-situ,217,171
band,217,153
assemblies,217,160
negligible,217,214
constitutes,217,214
formulas,217,176
foreground,217,140
hinder,217,217
vitro,217,186
well-suited,217,216
metabolic,217,130
continue,216,211
multilayer,216,197
verifies,216,213
attraction,216,170
muscular,216,176
microscale,216,173
evader,216,78
rcm,216,85
rgbd,216,168
conference,215,156
projections,215,168
getting,215,209
prerequisite,215,212
quaternion,215,153
transmissions,215,172
couple,215,210
treating,215,209
time-delay,215,143
coherence,215,176
exceeds,215,211
coarse-to-fine,215,208
cardiac,215,128
tags,215,126
kinect,215,178
pseudo,214,142
silicon,214,180
induces,214,208
homography,214,154
emotional,214,128
catastrophic,214,182
cyber-physical,214,149
panoptic,214,83
predetermined,213,204
illustrative,213,208
rectangular,213,191
reflective,213,168
expect,213,210
ignore,213,210
city,213,181
ellipsoid,212,140
contouring,212,72
savings,212,175
encourage,212,208
try,212,202
microscopy,212,166
shop,212,133
acceptance,212,176
refers,212,203
approximating,212,207
sacrificing,212,210
approximates,212,208
hinges,212,172
scanners,212,175
high-accuracy,212,186
whilst,212,196
researches,212,200
falls,211,185
position-based,211,180
relate,211,202
clean,211,187
settling,211,167
naive,211,195
cast,211,202
microassembly,211,130
parametrization,211,163
unilateral,211,168
inter-robot,211,169
resolutions,211,187
gmm,211,120
exert,210,197
polishing,210,92
aligns,210,206
emergent,210,177
feed-forward,209,188
fms,209,100
discrepancies,209,179
behave,209,207
recording,209,186
helpful,209,208
remarkably,209,207
playing,209,183
palpation,209,109
constantly,209,203
pre-defined,209,198
chance,209,170
suture,209,77
hrc,209,84
bases,208,162
accelerometers,208,160
avs,208,105
field-of-view,208,192
triggered,208,185
lumped,208,167
boundedness,208,194
mitigates,208,207
plausible,208,192
rotors,208,145
situational,208,170
lower-limb,208,160
usual,207,199
pole,207,153
tolerant,207,144
looking,207,194
generalizing,207,196
forgetting,207,146
retinal,207,101
rad,207,147
lives,207,199
kept,206,203
agvs,206,102
suggesting,206,204
doors,206,155
finite-element,206,192
spinning,206,153
rear,206,160
deployable,206,167
nested,205,153
mappings,205,160
continual,205,132
respecting,205,201
wearing,205,182
collaborate,205,200
principled,205,203
interior,205,179
accidents,205,171
probabilistically,205,197
necessitates,205,203
franka,205,199
analog,204,163
multi-level,204,165
non,204,179
lowest,204,186
pad,204,116
similarities,204,174
predictable,204,192
seeking,204,164
confirming,204,203
electricity,204,120
roadmaps,204,136
tweezers,204,137
dlr,204,172
self-attention,204,158
matter,203,179
brought,203,199
circumstances,203,197
designers,203,181
casting,203,138
leaves,203,158
sensorless,203,151
fundamentally,203,200
potentials,203,181
sides,203,196
neuromorphic,203,97
reject,203,195
gate,203,151
tackles,203,203
dlo,203,64
eeg,203,91
gazebo,203,191
cbfs,203,119
derives,202,200
outlined,202,200
fitted,202,187
diagram,202,160
coming,202,196
option,202,174
retraction,202,110
augmenting,202,198
endurance,202,172
fins,202,114
twisted,202,135
balances,202,200
leader-follower,202,166
hardware-in-the-loop,202,184
propeller,202,141
radiance,202,158
computers,201,184
assigning,201,194
percentage,201,185
trade-offs,201,186
accuracies,201,192
post-processing,201,174
multi-step,201,150
diseases,201,174
cloning,201,156
koopman,201,88
ahead,200,192
cue,200,130
sub-optimal,200,180
agv,200,101
shifting,200,168
complementarity,200,149
resistive,200,169
agent's,200,163
multi-camera,200,141
vertex,199,136
renders,199,195
spread,199,178
degrades,199,199
counterpart,199,196
communicating,199,187
routine,199,180
divide,199,189
euler,199,158
triangle,199,124
retraining,199,180
popularity,199,198
players,199,126
inflatable,199,128
exosuit,199,78
relating,198,193
linkages,198,160
proving,198,195
overshoot,198,147
cooling,198,127
hazards,198,150
behavior-based,198,152
retain,198,195
self-localization,198,149
emergence,198,180
neck,198,110
embodiment,198,152
object-level,198,135
denoising,198,142
uncertainty-aware,198,161
mentioned,197,195
want,197,183
apart,197,195
scalar,197,158
begin,197,190
discretized,197,177
extensible,197,170
embed,197,190
navigates,197,192
deform,197,184
associations,197,155
dmps,197,92
constraining,196,191
adds,196,195
permit,196,195
characterizes,196,185
aerospace,196,183
unforeseen,196,181
method's,196,191
spatial-temporal,196,141
ilc,196,63
cam,195,121
illustrating,195,194
reflecting,195,177
makespan,195,124
architectural,195,156
front-end,195,149
conflicting,195,181
wearer,195,131
guess,195,166
surveys,195,154
quantification,195,159
multi-layer,195,176
rig,195,152
pursuer,195,74
highlighted,194,191
refining,194,187
populated,194,178
residuals,194,148
winding,194,129
flapping-wing,194,119
normals,193,145
top-down,193,162
decomposes,193,186
removes,193,191
intelligently,193,186
gears,193,159
whereby,193,185
quantifying,193,187
non-trivial,193,192
shadow,193,123
binocular,193,148
meshes,193,148
hinders,193,193
paramount,193,193
actor,193,143
back-end,193,142
fpga,193,107
elimination,192,182
configured,192,184
reactions,192,155
differentiation,192,159
buckling,192,127
injuries,192,166
flocking,192,91
ugvs,192,108
fbg,192,91
effectors,191,163
expands,191,190
merge,191,179
non-contact,191,147
six-degree-of-freedom,191,185
appealing,191,189
replay,191,138
prominent,191,189
orbit,191,141
full-body,191,146
cantilever,191,143
stl,191,75
proactive,191,144
resource-constrained,191,177
decouples,190,186
theoretic,190,166
organization,190,157
filled,190,172
sustainable,190,162
clamping,190,112
perpendicular,190,172
fluids,190,155
polar,190,124
delivered,190,171
passivity-based,190,164
restriction,190,175
tens,190,179
delivers,190,188
airflow,190,110
stacked,190,135
spiking,190,114
fisheye,190,90
spite,189,188
corridors,189,161
tips,189,143
accordance,189,184
origin,189,159
reflects,189,187
releasing,189,164
contributing,189,189
oscillators,189,128
species,189,138
densities,189,163
organisms,189,155
visuomotor,189,134
non-rigid,189,144
icub,189,148
differs,188,184
automata,188,138
histogram,188,149
waiting,188,133
isolated,188,175
fluctuations,188,165
carrier,188,130
sem,188,86
learnt,188,161
irl,188,83
vlms,188,122
beginning,187,176
processors,187,146
skeletal,187,133
sweep,187,104
horizons,187,160
neglected,187,180
disadvantages,187,183
relates,187,181
accelerating,187,179
disabled,187,156
bayes,187,143
merely,187,185
multiscale,187,115
proposals,187,136
blade,187,100
miniaturization,187,168
pouring,187,100
gps-denied,187,173
infty,187,88
open-vocabulary,187,112
aided,186,174
receiving,186,177
curvatures,186,154
except,186,186
receive,186,177
enter,186,178
defense,186,145
elementary,186,163
ambiguities,186,157
textured,186,159
encouraging,186,182
ignored,186,185
grow,186,171
markings,186,96
thruster,186,97
stacking,186,145
tasked,186,180
exclusively,186,183
anchoring,186,105
heterogeneity,186,154
hover,186,147
hindered,186,185
malicious,186,112
prescribed-time,186,56
stay,185,170
emulate,185,175
virtually,185,177
pieces,185,165
imposes,185,184
arrangements,185,146
predominantly,185,185
mind,185,167
line-of-sight,185,156
hope,185,183
speedup,185,167
categorization,185,130
sounds,185,110
egocentric,185,126
out-of-distribution,185,162
going,184,175
instrumented,184,171
depths,184,150
worst,184,163
traveled,184,164
reduced-order,184,141
pull,184,141
fastest,184,169
lqr,184,124
thread,184,111
inclination,184,138
path-following,184,125
microinjection,184,57
tangent,183,150
grouping,183,150
isotropic,183,127
converts,183,183
draw,183,165
molecular,183,107
rank,183,151
abstractions,183,143
catheters,183,129
dna,183,85
biology,183,169
displayed,182,164
corrective,182,142
designer,182,167
spline,182,132
governing,182,168
servicing,182,137
mounting,182,149
loaded,182,165
centroidal,182,120
tract,182,119
gpr,182,74
reviewed,181,172
accomplishing,181,178
tolerances,181,147
factories,181,154
masses,181,160
separating,181,170
force-closure,181,100
cheap,181,175
garment,181,78
differently,181,176
nonparametric,181,151
ins,181,101
homes,181,165
relocalization,181,100
formulatype,181,59
relational,180,132
examination,180,149
strategic,180,147
centroid,180,136
vertically,180,163
task-level,180,141
goes,180,171
things,180,162
abrupt,180,157
rail,180,99
pushes,180,151
salesman,180,153
porcine,180,159
trace,179,148
hardness,179,114
oscillating,179,139
voting,179,140
span,179,162
break,179,169
interpreted,179,172
price,179,130
periodically,179,172
inconsistency,179,159
fraction,179,173
eyes,179,142
erroneous,179,170
highway,179,146
synergistic,179,163
levitation,179,96
monolithic,179,156
theories,178,172
analogous,178,173
heights,178,161
mouse,178,128
tamp,178,73
cross-domain,178,106
conveyor,177,118
equivalence,177,143
mit,177,147
priorities,177,147
minor,177,173
stretch,177,131
micromanipulator,177,114
evolve,177,167
marking,177,133
conservation,177,156
regulated,177,169
mixing,177,114
warehouses,177,157
participant,177,148
rul,177,50
independence,176,163
workpieces,176,120
outdoors,176,165
decomposing,176,171
million,176,170
reading,176,117
coulomb,176,154
mimics,176,171
economy,176,141
discontinuities,176,145
constrains,176,172
four-bar,176,124
self-organizing,176,142
intraoperative,176,127
whisker,176,54
endoscopy,176,129
voxels,176,118
kit,176,155
infers,175,169
multisensor,175,135
occupied,175,153
stem,175,126
reductions,175,169
skilled,175,163
hardly,175,173
followers,175,109
grid-based,175,152
riemannian,175,108
mckibben,175,112
tackled,175,173
hospitals,175,120
sfm,175,102
partitioned,174,157
linearity,174,161
polygons,174,130
translating,174,166
replaced,174,171
clustered,174,153
offered,174,171
imposing,174,169
exceptional,174,171
rhythmic,174,121
unicycle,174,134
intuition,174,162
cord,174,137
emotions,174,90
biased,174,158
renewable,174,106
pulse,173,135
cube,173,127
dry,173,141
turbine,173,109
player,173,113
bench,173,143
rational,173,140
ceiling,173,112
three-axis,173,119
leaf,173,108
pzt,173,89
progressive,173,144
achievement,173,166
tomography,173,160
takeoff,173,119
learnable,173,153
engines,173,142
rid,173,111
on-the-fly,173,164
collaboratively,173,170
self-sensing,173,91
stretchable,173,128
panda,173,168
clutches,172,105
algorithm's,172,164
beings,172,155
slippery,172,144
morphologies,172,138
containers,172,120
engage,172,153
imbalance,172,145
catadioptric,172,90
underline,172,73
audience,171,162
simplification,171,152
constitute,171,171
continually,171,164
aids,171,159
ordering,171,134
inserting,171,151
authority,171,127
relied,171,169
in-plane,171,139
articulation,171,114
realism,171,143
in-depth,171,170
mrs,171,63
organ,171,119
underactuation,171,158
dob,171,81
trapped,170,150
deadlocks,170,110
weld,170,61
institute,170,160
factorization,170,132
evolved,170,152
orbital,170,126
replacement,170,146
reciprocal,170,133
receives,170,166
preparation,170,122
collectively,170,166
hand-held,170,134
crawler,170,93
non-uniform,170,142
prompt,170,136
cdpr,170,80
portability,169,152
invariants,169,103
nasa,169,149
screen,169,137
storing,169,156
user-defined,169,164
diameters,169,153
lots,169,124
observer-based,169,134
jumps,169,126
homotopy,169,102
ann,169,94
violations,169,137
cargo,169,104
modulus,169,137
kitchen,169,133
keyframe,169,126
projective,168,121
plates,168,126
knowing,168,167
promoting,168,165
vanishing,168,104
styles,168,116
truly,168,164
time-series,168,128
unobservable,168,130
unsuitable,168,166
hmm,168,105
relax,168,165
fabrics,168,93
guidewire,168,49
national,167,154
contacting,167,148
tries,167,158
linguistic,167,117
statically,167,148
roughly,167,164
bicycle,167,86
two-level,167,150
one-dimensional,167,151
worlds,167,147
mitigation,167,128
micropipette,167,73
steep,167,133
drill,167,84
pathways,167,135
dlos,167,63
validations,167,162
indirectly,166,157
recognizes,166,160
professional,166,144
slide,166,142
registered,166,153
polynomials,166,139
reasonably,166,160
rigidly,166,160
format,166,148
object-oriented,166,134
layouts,166,132
optic,166,122
hot,166,127
proofs,166,155
recursively,166,161
hyper-redundant,166,108
low-power,166,153
pyramid,166,129
inclined,166,128
abdominal,166,117
buoyancy,166,110
disorders,166,151
deas,166,66
camera-based,166,140
sar,166,71
pixel-wise,166,149
outlines,165,164
restoration,165,125
sent,165,156
companies,165,136
epipolar,165,126
inspect,165,141
assists,165,162
knot,165,74
expense,165,163
ergonomic,165,114
carries,165,162
offsets,165,137
alter,165,161
medicine,165,154
bird,165,132
restore,165,159
pareto,165,120
emphasize,164,163
blocking,164,129
accepted,164,157
referring,164,117
critically,164,159
biomechanics,164,148
colon,164,87
leaving,164,157
beacons,164,111
reproducing,164,154
tensile,164,115
stimulus,164,119
puncture,164,68
aging,164,141
multi-contact,164,103
lifetime,164,121
observes,163,158
conclusions,163,156
spheres,163,129
two-degree-of-freedom,163,160
signature,163,101
begins,163,161
x-ray,163,101
nash,163,106
sand,163,128
hinge,163,118
night,163,130
tracing,162,130
examining,162,159
bit,162,135
degenerate,162,120
convergent,162,149
reversible,162,134
stronger,162,159
multivariate,162,127
well-established,162,162
rat,162,58
analyse,162,155
orthosis,162,113
transformers,162,131
transducers,161,128
reproduction,161,141
lagrange,161,146
apparatus,161,136
couples,161,158
cart,161,93
twice,161,160
capacities,161,142
subtask,161,117
millimeter,161,145
motivates,161,161
excavator,161,85
managed,161,156
pain,161,102
simulation-based,161,145
gliding,161,61
propulsive,161,112
impairments,161,142
centered,160,156
workcell,160,107
symmetries,160,113
military,160,151
built-in,160,147
workstation,160,124
summary,160,150
satellites,160,110
bad,160,139
emerge,160,157
sensor's,160,147
attaching,160,154
fluctuation,160,128
panel,160,109
explanations,160,78
discriminate,160,149
accompanying,160,154
trying,160,157
squared,160,154
rare,160,131
paving,160,155
breast,160,60
sift,160,119
endoscopes,160,112
attention-based,160,144
poles,159,115
exciting,159,141
conclusion,159,155
attained,159,156
piece,159,137
seems,159,156
exceed,159,156
force-controlled,159,121
definitions,159,137
fixation,159,106
restricting,159,158
raises,159,157
engineered,159,151
lifelong,159,113
distinguishing,158,155
flatness,158,124
engaged,158,144
rugged,158,132
screws,158,103
executions,158,131
noncontact,158,126
slider,158,91
rnn,158,100
self-calibration,158,115
non-gaussian,158,109
prompts,158,125
usv,158,77
evs,158,45
met,157,148
educational,157,117
paid,157,155
regrasping,157,86
frictionless,157,134
traversable,157,118
modulating,157,146
consumer,157,142
attribute,157,120
microphones,157,120
ipmc,157,45
milp,157,92
plume,157,62
column,156,127
usable,156,151
practices,156,142
sensorized,156,131
concave,156,124
non-stationary,156,116
translated,156,149
direct-drive,156,134
perturbed,156,136
checks,156,132
associate,156,152
sustained,156,145
sole,156,117
encounters,156,139
voluntary,156,116
learner,156,109
swinging,156,131
endovascular,156,94
balloon,156,71
category-level,156,87
mot,156,60
photorealistic,156,131
vlm,156,97
character,155,128
host,155,128
attributed,155,150
allowable,155,137
resolving,155,151
simulates,155,152
arrive,155,150
writing,155,123
formalize,155,151
milliseconds,155,146
reviews,155,149
continues,155,148
governed,155,152
reproducibility,155,137
tubular,155,104
twofold,155,150
exercises,155,124
preoperative,155,106
inspections,155,124
non-parametric,155,135
sessions,155,134
baxter,155,138
time-of-flight,154,141
enhancements,154,143
summarized,154,153
meets,154,154
brightness,154,129
merged,154,137
trade,154,141
psychological,154,122
cognition,154,122
friendly,154,131
neglecting,154,153
lanes,154,113
reconfigure,154,144
metrology,154,80
signs,154,99
nanoscale,154,101
lung,154,75
ice,154,74
person's,153,112
surprisingly,153,152
allocate,153,143
reorientation,153,92
feeling,153,121
consequences,153,147
asked,153,148
rods,153,120
oscillatory,153,132
rock,153,92
chair,153,93
breaking,153,148
convey,153,142
uncontrolled,153,135
worldwide,153,148
fog,153,119
tightly-coupled,153,132
ukf,153,91
point-based,153,118
object-centric,153,119
cosserat,153,109
mathcal,153,77
electrically,152,138
written,152,147
colored,152,118
bottom-up,152,119
maximally,152,134
jaw,152,101
clothing,152,69
helping,152,149
counting,152,86
walks,152,132
incoming,152,139
myoelectric,152,89
foothold,152,96
proxy,152,113
vibrotactile,152,77
able-bodied,152,130
covid,152,88
null-space,151,113
concise,151,134
temporary,151,137
cumbersome,151,147
indoors,151,145
damped,151,127
labor-intensive,151,149
monitors,151,135
trivial,151,147
street,151,108
tumors,151,106
quantifies,151,148
elongation,151,120
ranking,151,110
weakly,151,131
fea,151,97
bridging,151,149
dressing,151,49
explains,150,149
higher-level,150,142
conform,150,142
man-made,150,138
taxonomy,150,108
scanned,150,132
gantry,150,92
frontal,150,123
exposed,150,145
subtle,150,137
furniture,150,102
converting,150,144
sight,150,139
inability,150,143
occurred,150,141
fitness,150,117
manufacturers,150,110
prostate,150,71
verbal,150,103
hydrogel,150,80
cdprs,150,63
encoder-decoder,150,145
subsets,149,122
smallest,149,139
enforces,149,147
stick,149,111
minute,149,139
transmitting,149,132
stems,149,145
transitioning,149,132
losing,149,146
shock,149,109
thrusters,149,105
disabilities,149,136
restricts,149,149
surpassing,149,149
amphibious,149,90
communities,149,136
co-design,149,89
pams,149,58
azimuth,148,116
animation,148,111
leakage,148,118
averaging,148,117
electron,148,118
deflections,148,125
shallow,148,137
colliding,148,140
autoregressive,148,128
word,148,115
novice,148,114
statics,148,129
tremendous,148,146
messages,148,124
nontrivial,148,145
out-of-plane,148,110
reusable,148,128
transformable,148,91
imitating,148,142
perceiving,148,144
nanopositioning,148,87
cyber,148,93
ignoring,147,146
goal-directed,147,124
backgrounds,147,133
motion-planning,147,117
unwanted,147,136
translations,147,132
brakes,147,97
spray,147,80
today's,147,144
sweeping,147,100
facilitated,147,147
accompanied,147,146
compass,147,109
encompassing,147,145
responsiveness,147,137
negotiation,147,102
danger,147,110
dissipation,147,127
distortions,147,120
threat,147,120
patrolling,147,84
vsa,147,62
user-friendly,146,139
perfectly,146,135
upright,146,123
subspaces,146,115
cranes,146,79
pushed,146,136
fairly,146,146
interpreting,146,140
worker,146,101
time-invariant,146,135
beacon,146,84
expectations,146,122
measurable,146,136
lag,146,106
viscosity,146,104
durability,146,122
demonstrator,146,121
initialize,146,137
bi-directional,146,114
foldable,146,88
amputees,146,100
low-frequency,146,120
fine-tuned,146,136
visualize,145,141
interests,145,119
white,145,125
relay,145,91
register,145,107
darpa,145,131
ellipsoids,145,105
tradeoffs,145,135
reckoning,145,119
self-contained,145,134
undergo,145,141
stands,145,144
stand,145,128
actuator's,145,126
bringing,145,143
campus,145,123
gaussians,145,104
platoon,145,57
barriers,145,135
odor,145,45
one-shot,145,113
ref-type,145,84
simplest,144,138
multifunctional,144,124
concentrate,144,138
force-torque,144,116
division,144,116
treats,144,143
probing,144,86
identity,144,128
take-off,144,116
clarify,144,141
reconstructs,144,141
propagate,144,140
obvious,144,143
slower,144,141
seas,144,80
languages,143,116
newton-euler,143,131
gets,143,139
responsive,143,129
motivate,143,142
inconsistencies,143,116
executable,143,126
packaging,143,107
locomotive,143,112
neglect,143,139
crack,143,53
airborne,143,123
unavoidable,143,142
yielded,143,138
microsurgery,143,103
textual,143,116
slender,143,118
task-relevant,143,121
peristaltic,143,85
zebrafish,143,54
music,143,71
dea,143,68
meta-learning,143,93
interconnection,142,117
arcs,142,114
joint-space,142,109
suppressing,142,139
discrete-event,142,118
thirdly,142,139
reflections,142,117
forests,142,118
sized,142,134
phantoms,142,125
chassis,142,111
audition,142,87
beating,142,95
upper-limb,142,106
needing,142,139
dmp,142,74
scarcity,142,140
ood,142,61
polyhedra,141,102
gauge,141,106
weaknesses,141,135
hough,141,107
distribute,141,138
unsolved,141,141
overlooked,141,140
free-space,141,108
multipliers,141,127
projecting,141,137
emission,141,91
assignments,141,124
stopping,141,125
suffering,141,139
comply,141,139
harvester,141,74
fes,141,60
cog,141,68
crowds,141,114
real-robot,141,133
search-based,141,117
root-mean-square,141,138
mppi,141,62
predefined-time,141,45
capacitance,140,97
peripheral,140,110
mating,140,93
fits,140,137
union,140,135
explanation,140,109
unactuated,140,106
imprecise,140,134
ideally,140,140
cups,140,85
pneumatically,140,134
oct,140,53
tensions,140,112
induction,140,105
snakes,140,95
free-form,140,100
dance,140,62
desktop,140,127
adults,140,98
partners,140,114
stuck,140,127
gyro,140,98
tabletop,140,115
fdi,140,57
deforming,140,119
nanomanipulation,140,82
unclear,140,139
magnetization,140,92
data-efficient,140,125
passage,139,104
explosion,139,120
pickup,139,87
japan,139,130
event-driven,139,99
probes,139,107
pinch,139,114
dubins,139,91
weighs,139,137
packages,139,110
motorized,139,119
ergodic,139,51
posing,139,138
leave,139,133
anchors,139,80
multi-uav,139,83
aggregated,139,131
nvidia,139,132
emika,139,136
lidar-inertial,139,100
vine,139,43
portions,138,119
ordered,138,123
unifies,138,137
ergonomics,138,90
multidimensional,138,116
databases,138,112
map-based,138,117
stewart,138,107
hitting,138,93
optimizations,138,131
fractional,138,74
nonetheless,138,138
infin,138,84
companion,138,111
differentiate,138,135
tour,138,96
wet,138,92
warping,138,111
encompasses,138,138
fiducial,138,104
immersive,138,117
vtol,138,88
dnns,138,74
hierarchically,137,132
touching,137,117
locked,137,112
preservation,137,125
european,137,121
spacing,137,109
time-dependent,137,109
slowly,137,130
footholds,137,95
vegetation,137,99
proportion,137,123
structurally,137,134
macroscopic,137,107
monte-carlo,137,129
violation,137,121
decides,137,133
multi-resolution,137,111
re-planning,137,108
iron,137,95
discomfort,137,115
truncated,137,120
liver,137,83
waist,137,94
streaming,137,104
open-sourced,137,134
mas,137,61
inaccuracy,136,125
symbols,136,85
inductive,136,117
attempted,136,134
stores,136,127
repulsive,136,123
green,136,102
favorably,136,134
dead-reckoning,136,101
self-reconfiguration,136,89
stabilizes,136,132
expressing,136,131
margins,136,119
enclosed,136,118
attach,136,122
trapping,136,75
crawl,136,101
reconnaissance,136,122
endowed,136,134
dipole,136,82
pomdps,136,87
ascent,136,95
rl-based,136,111
los,136,60
fruits,136,87
octopus,136,70
pms,135,50
functioning,135,128
boards,135,110
pixel-level,135,119
black,135,117
repositioning,135,93
idle,135,104
retains,135,132
contemporary,135,133
sewing,135,39
magnitudes,135,121
self-motion,135,92
damaged,135,126
restoring,135,120
leaders,135,85
partitions,135,121
corrupted,135,118
unidirectional,135,112
torque-controlled,135,125
voltages,135,113
inaccessible,135,129
unbounded,135,115
libraries,135,108
richer,135,134
recordings,135,117
bipartite,135,56
fracture,135,64
loop-closure,135,93
overly,135,128
wild,135,121
low-light,135,72
cross-attention,135,116
dialogue,134,83
dispatch,134,71
balls,134,100
stringent,134,134
truss,134,71
rays,134,92
soon,134,132
acquires,134,131
steered,134,124
lyapunov-based,134,125
full-scale,134,126
ionic,134,105
toolbox,134,90
goods,134,95
prioritize,134,131
participation,134,104
tumbling,134,74
paint,134,62
image-guided,134,113
amplitudes,134,119
ftc,134,54
pam,134,55
specular,133,95
endow,133,133
passes,133,122
translates,133,127
embeds,133,127
dispatching,133,78
mimo,133,86
analysed,133,125
supplied,133,127
researched,133,126
adaption,133,117
in-pipe,133,70
substrates,133,105
succeeded,133,123
incipient,133,66
repeat,133,105
hand-crafted,133,116
strokes,133,82
protect,133,131
screening,133,81
tennis,133,73
cop,133,58
month,133,90
positives,133,104
suitably,132,126
correcting,132,125
insensitive,132,127
regional,132,102
request,132,110
six-axis,132,102
obstacle-free,132,119
maximized,132,128
coaxial,132,88
sheets,132,106
mild,132,127
seed,132,89
regime,132,113
backdrivability,132,95
anomalous,132,96
remained,132,132
ripple,132,68
equilibria,132,97
grating,132,117
inflation,132,101
risky,132,107
vocal,132,47
practicability,132,130
low-resolution,132,103
durations,131,109
octree,131,84
defective,131,79
externally,131,123
alternate,131,120
swept,131,85
empty,131,111
cnc,131,75
membership,131,97
subgoals,131,90
deciding,131,128
member,131,113
colors,131,107
transverse,131,103
connects,131,131
roller,131,76
free-floating,131,100
private,131,89
lessons,131,119
sensations,131,93
strip,131,86
domain-specific,131,115
emerges,131,126
interventional,131,107
foundational,131,123
vins,131,60
fractional-order,131,50
physics-informed,131,101
finders,130,112
altering,130,125
hour,130,117
saturated,130,104
vibrating,130,108
developers,130,105
initialized,130,127
ferromagnetic,130,96
toy,130,121
nanoparticles,130,82
lesions,130,92
amputee,130,95
human-centered,130,117
mainstream,130,126
inclusive,130,76
swimmers,130,67
model-predictive,130,117
imperative,129,124
camera's,129,107
cones,129,94
free-flying,129,111
propagated,129,118
two-layer,129,112
pulley,129,90
older,129,76
gimbal,129,80
undulatory,129,78
folded,129,108
pso,129,76
ndt,129,60
quadcopters,129,84
basically,128,126
promotes,128,127
restrictive,128,120
collects,128,125
meter,128,110
isolate,128,124
connectors,128,92
forecast,128,114
beliefs,128,103
human-human,128,99
multi-target,128,97
waymo,128,119
percent,127,103
totally,127,125
reprojection,127,117
withstand,127,119
thought,127,123
lying,127,110
neuromuscular,127,96
pressing,127,117
integrator,127,107
nozzle,127,64
months,127,126
inefficiency,127,125
electromagnets,127,96
pinching,127,74
droplet,127,59
gastrointestinal,127,113
usvs,127,65
ontology,127,71
swimmer,127,72
two-fingered,126,110
computer-aided,126,112
state-dependent,126,102
traces,126,106
succeed,126,121
assessments,126,117
promises,126,124
equality,126,106
differing,126,124
scientists,126,112
couplings,126,101
insert,126,111
pivot,126,96
mutually,126,124
problematic,126,126
discontinuity,126,98
interplay,126,121
multi-axis,126,87
emissions,126,82
filter-based,126,112
perceptions,126,101
pivoting,126,79
lesion,126,73
non-prehensile,126,103
affective,126,56
bragg,126,119
boosting,126,108
traits,126,88
dealt,125,123
strategically,125,123
modifies,125,121
graphic,125,103
amongst,125,121
took,125,123
preserved,125,123
three-degree-of-freedom,125,118
wafers,125,71
elaborate,125,124
allocated,125,122
toe,125,84
converter,125,87
offshore,125,64
enormous,125,124
drops,125,107
state-action,125,105
asymmetry,125,104
multi-vehicle,125,95
plug-and-play,125,108
auction,125,62
bacteria,125,65
orienting,124,98
uniqueness,124,117
star,124,90
conversely,124,123
truck,124,75
pile,124,66
synchronize,124,117
in-vivo,124,103
hollow,124,114
retrieved,124,117
bottlenecks,124,117
violated,124,122
rotated,124,113
full-state,124,88
haptics,124,102
belong,124,119
recovers,124,120
foraging,124,67
skins,124,76
surgeon's,124,101
unprecedented,124,124
hoc,124,105
overlook,124,124
middleware,124,88
ibvs,124,65
load-bearing,124,91
necessitating,124,124
lwr,124,115
chooses,123,117
pathway,123,105
composing,123,116
scheduled,123,110
entering,123,117
scheduler,123,94
vision-guided,123,105
multi-joint,123,97
norms,123,90
severity,123,89
stops,123,111
destinations,123,96
wrong,123,113
forced,123,109
ropes,123,80
profit,123,79
containment,123,49
bellows,123,72
nervous,123,102
inducing,123,120
gyroscopes,123,96
lever,123,84
microstructures,123,68
musical,123,50
compromised,123,117
risk-aware,123,95
carla,123,117
iou,123,96
calls,122,119
fixturing,122,64
spring-loaded,122,108
emphasizes,122,117
harness,122,110
interactively,122,112
well-defined,122,115
conveniently,122,121
broken,122,116
fourth,122,119
blocked,122,107
par,122,114
pan,122,91
pads,122,88
merges,122,120
compose,122,115
absorption,122,103
git,122,119
regimes,122,107
temperatures,122,94
count,122,102
single-view,122,98
diffusion-based,122,106
handcrafted,122,103
mcts,122,65
orb-slam,122,90
gross,121,103
ellipse,121,74
author's,121,78
company,121,97
revealing,121,119
anticipated,121,116
tokens,121,79
stretching,121,97
inchworm,121,75
iterated,121,108
egomotion,121,75
retrieving,121,110
creep,121,69
loose,121,107
round,121,107
trailer,121,68
blending,121,101
maze,121,97
piston,121,60
indexes,121,96
customization,121,108
low-latency,121,108
countries,121,97
incision,121,83
percutaneous,121,101
artery,121,86
trap,121,82
prolonged,121,117
subterranean,121,91
transferability,121,107
hindering,121,121
parallelism,120,108
resist,120,111
traversed,120,113
preview,120,73
mini,120,89
multimode,120,65
abstracted,120,111
amenable,120,119
symmetrical,120,106
closed-chain,120,78
optima,120,106
deterioration,120,103
wmr,120,55
servers,120,73
neuron,120,95
long-distance,120,97
inter-agent,120,97
assigns,120,107
deviate,120,120
missed,120,98
traverses,120,115
tackling,120,120
race,120,83
pca,120,89
bts,120,45
reflectance,119,76
ad-hoc,119,112
recommendations,119,102
force-feedback,119,93
regulates,119,116
deduced,119,117
sun,119,88
normalization,119,94
transported,119,110
conservatism,119,97
concentrated,119,116
china,119,99
adhesives,119,71
weed,119,45
protein,119,67
snow,119,103
unobserved,119,107
pumps,119,89
on-demand,119,103
non-invasive,119,108
echo,118,81
displaying,118,112
precedence,118,91
supposed,118,116
complicates,118,118
happens,118,116
collide,118,116
sam,118,65
brushless,118,108
unfamiliar,118,106
sector,118,97
deeper,118,112
pressurized,118,104
aliasing,118,98
dispersion,118,86
victims,118,82
indentation,118,64
physicians,118,91
paves,118,118
shelf,118,81
spas,118,45
workflows,118,66
hyperparameters,118,88
rows,117,74
concluded,117,116
trotting,117,88
classifies,117,117
onset,117,94
multistage,117,82
contents,117,91
theta,117,55
economical,117,110
bulk,117,98
system-level,117,96
tunnels,117,99
rotates,117,114
disc,117,71
information-theoretic,117,103
laborious,117,116
extractor,117,101
rain,117,84
birds,117,95
textureless,117,92
avatar,117,61
rotorcraft,117,89
gated,117,109
speaker,117,69
ddp,117,55
loco-manipulation,117,65
jetson,117,103
miou,117,96
deception,117,39
projector,116,83
chained,116,76
loosely,116,109
comparatively,116,116
shadows,116,84
appeared,116,116
joining,116,96
marked,116,104
two-finger,116,91
seriously,116,114
connector,116,77
user-specified,116,107
exogenous,116,102
necessitate,116,116
resolves,116,116
accelerates,116,116
walkers,116,88
alarms,116,79
undergoing,116,113
splitting,116,89
consumed,116,104
reconfigurability,116,104
weighing,116,99
self-adaptive,116,76
clothes,116,66
geodesic,116,81
grasper,116,61
pelvis,116,78
signal-to-noise,116,113
combustion,116,68
logs,116,64
neurological,116,105
gpus,116,100
printer,116,95
agnostic,116,110
pretraining,116,89
twelve,115,111
preload,115,71
termination,115,99
senses,115,102
conformal,115,84
age,115,102
hall,115,85
academic,115,111
energy-based,115,103
urgent,115,114
scattering,115,87
registering,115,105
belonging,115,113
pursuit-evasion,115,90
spindle,115,56
passenger,115,81
abundant,115,114
embryo,115,50
nanorobotic,115,77
overfitting,115,107
roi,115,71
context-aware,115,100
benefiting,115,114
zier,115,73
point-wise,115,99
ppo,115,80
bin-picking,114,71
spent,114,104
searched,114,109
separates,114,113
reproducible,114,98
beforehand,114,112
divides,114,113
decay,114,94
higher-order,114,96
underscore,114,113
centre,114,102
chaotic,114,63
spurious,114,98
semidefinite,114,96
convenience,114,110
receptive,114,89
con,114,105
iss,114,62
submap,114,65
lumen,114,84
bci,114,47
zeno,114,97
proactively,114,107
taught,113,100
fabricating,113,105
spin,113,64
approached,113,110
annealing,113,95
emulating,113,105
elastomeric,113,100
partly,113,106
geared,113,98
deceleration,113,91
regularized,113,95
worn,113,104
requested,113,105
configurable,113,92
regrasp,113,57
appearances,113,97
landscape,113,100
entertainment,113,102
multi-body,113,95
locomotor,113,85
sheath,113,60
robotic-assisted,113,105
clip,113,83
ultra-wideband,113,106
dictionary,113,62
practitioners-this,113,113
dark,112,99
cage,112,69
end-point,112,92
desire,112,108
warning,112,71
pseudoinverse,112,81
greatest,112,107
constraint-based,112,100
business,112,79
asv,112,65
sort,112,101
shooting,112,84
uniformity,112,83
manages,112,111
synthesizes,112,110
toolkit,112,88
alternatively,112,112
contract,112,90
disjoint,112,91
conventionally,112,112
demo,112,103
gauges,112,89
finish,112,107
vocabulary,112,86
propelled,112,104
physician,112,63
microsoft,112,109
locomote,112,102
scoring,112,90
stomach,112,67
instance-level,112,90
goal-conditioned,112,88
semantickitti,112,105
sought,111,108
minimum-time,111,86
slight,111,108
duty,111,86
pre-processing,111,100
sub-tasks,111,80
alleviates,111,111
prioritization,111,79
stick-slip,111,80
diagnose,111,100
prohibitive,111,111
qualities,111,101
networking,111,102
quantized,111,66
session,111,89
fan,111,59
agency,111,100
intentional,111,88
nerve,111,68
visits,111,98
retargeting,111,62
transferable,111,97
bag,111,82
spa,111,53
equivariant,111,55
denial-of-service,111,92
unifying,110,108
ineffective,110,108
tilted,110,94
raised,110,107
on-orbit,110,90
emphasizing,110,109
replicating,110,108
scara,110,92
virtue,110,110
successively,110,108
downward,110,96
microcontroller,110,103
collapse,110,93
neutral,110,90
launch,110,90
super,110,79
surveying,110,97
metallic,110,80
staff,110,83
colonoscopy,110,66
prototyped,110,105
crops,110,78
engaging,110,105
roboticists,110,102
submaps,110,69
assets,110,89
maritime,110,65
sdf,110,59
checked,109,106
newton,109,92
excess,109,102
returned,109,104
multirate,109,48
mismatches,109,89
immobilization,109,54
lose,109,106
strike,109,92
familiar,109,100
sports,109,82
micro-objects,109,62
noninvasive,109,94
adaptations,109,99
farm,109,75
neuroscience,109,102
disturbed,109,104
pursuers,109,46
magnetorheological,109,92
recharging,109,60
extremity,109,92
evacuation,109,39
benchmarked,109,106
logistic,109,85
adversary,109,71
specifies,108,104
centrifugal,108,83
quaternions,108,83
vibrational,108,76
descriptive,108,92
entails,108,106
compressive,108,76
hazard,108,87
converging,108,108
multi-link,108,93
said,108,104
polytopes,108,65
signatures,108,79
counteract,108,105
teleoperating,108,98
jacobians,108,97
token,108,61
electrohydraulic,108,74
bladder,108,53
bifurcation,108,72
stiffening,108,70
rising,108,105
colony,108,67
excel,108,106
garments,108,65
fully-actuated,108,81
two-wheeled,108,91
prohibitively,108,106
progression,108,94
thigh,108,69
srl,108,31
shopping,108,78
augments,108,106
cable-suspended,108,77
competitions,108,75
culture,108,69
tof,108,61
sample-efficient,108,104
multi-rotor,108,71
prospects,108,105
resorting,107,106
conceived,107,104
routines,107,103
hypothesize,107,106
sub-problems,107,86
attempting,107,105
marks,107,83
accommodates,107,107
premise,107,101
crucially,107,107
labelled,107,89
asynchronously,107,97
waveform,107,78
distinguished,107,106
damaging,107,101
intensities,107,96
guideline,107,94
lights,107,77
enlarge,107,103
freeform,107,67
aerodynamics,107,94
invalid,107,95
regressor,107,81
nonprehensile,107,79
child,107,69
moon,107,86
photo-realistic,107,97
search-and-rescue,107,100
recommendation,107,51
clinically,107,94
negatively,107,107
liquids,107,64
vslam,107,54
soft-bodied,107,69
snn,107,52
gan,107,80
homing,106,52
snr,106,70
redesign,106,83
chips,106,91
exterior,106,94
manipulates,106,106
localizes,106,104
discovering,106,100
distributional,106,84
on-site,106,88
discussions,106,102
catch,106,91
multilevel,106,79
gearbox,106,74
multitude,106,105
force-based,106,87
subsurface,106,70
deteriorate,106,105
quadrupeds,106,98
parasitic,106,69
mpa,106,75
people's,106,88
nao,106,95
pooling,106,87
tsa,106,42
explainable,106,83
pseudo-labels,106,62
buffers,105,79
hundred,105,101
negotiate,105,100
interception,105,65
unbalanced,105,77
straight-line,105,92
counter,105,89
contributed,105,104
parallelization,105,91
invisible,105,79
altered,105,97
marginal,105,92
deformability,105,91
dcm,105,51
uncontrollable,105,87
lazy,105,68
accounted,105,104
privileged,105,77
apf,105,53
soc,105,40
point-cloud,105,81
peeling,105,56
state-of-art,105,99
next-generation,105,101
mirrors,104,80
stiffnesses,104,94
unloading,104,83
patterned,104,86
passed,104,101
degeneracy,104,68
splines,104,86
orient,104,95
dividing,104,101
linking,104,103
dampers,104,76
instrumentation,104,98
constructive,104,101
violating,104,100
waseda,104,81
concludes,104,103
lighter,104,100
textile,104,70
intruder,104,56
tcp,104,62
strengthen,104,102
perceptron,104,100
two-phase,104,87
mps,104,44
lifted,104,91
differential-drive,104,91
serpentine,104,68
maneuverable,104,93
ant,104,68
young,104,86
customizable,104,97
encourages,104,104
nonstationary,104,65
non-expert,104,93
nighttime,104,56
subject's,104,84
impairment,104,86
wifi,104,52
nbv,104,48
self-collected,104,97
innovatively,104,101
cnn-based,104,93
pandemic,104,75
files,103,89
frontiers,103,89
circles,103,85
opposing,103,89
frame-based,103,79
accessed,103,100
filling,103,87
attains,103,101
categorized,103,103
spots,103,83
infinity,103,91
visiting,103,83
behaves,103,100
multi-dimensional,103,95
panels,103,83
provable,103,97
deficiencies,103,92
ramp,103,76
forcing,103,91
robotically,103,91
red,103,92
circumvent,103,102
bent,103,87
pay,103,102
survival,103,90
reinforced,103,92
populations,103,95
radars,103,73
dual-stage,103,55
assistants,103,93
revisit,103,85
vein,103,54
coalition,103,41
federated,103,47
mip,103,55
iot,103,68
uncrewed,103,90
summarize,102,101
multisensory,102,71
played,102,100
elliptical,102,76
high-gain,102,89
sensory-motor,102,83
position-controlled,102,81
three-link,102,90
pointed,102,91
hit,102,87
reflexes,102,79
singularity-free,102,84
irrelevant,102,94
tanks,102,75
client,102,66
interfere,102,98
records,102,97
raise,102,98
reformulate,102,101
hysteretic,102,76
manhattan,102,64
caudal,102,64
compelling,102,101
exchanged,102,90
propel,102,97
afterwards,102,101
pnp,102,68
bernoulli,102,68
rss,102,46
handovers,102,58
noted,101,101
one-step,101,93
illustration,101,95
responding,101,100
demanded,101,98
blades,101,71
controller's,101,97
involvement,101,96
turned,101,100
slack,101,81
amplify,101,94
relocation,101,60
violate,101,99
clock,101,66
ground-based,101,91
abduction,101,68
gentle,101,92
cities,101,95
powder,101,53
treatments,101,96
piezoresistive,101,75
amplifier,101,75
non-smooth,101,80
bubble,101,51
solenoid,101,81
colour,101,79
flipping,101,73
resection,101,52
embryos,101,52
predictors,101,75
droplets,101,46
respiratory,101,57
tsp,101,57
scp,101,40
fine-tune,101,95
parsing,100,69
corrects,100,99
prosthetics,100,91
single-arm,100,78
disciplines,100,87
kernels,100,79
broadly,100,100
worse,100,93
bonding,100,60
equip,100,98
attractor,100,79
posteriori,100,95
microgravity,100,67
accessing,100,94
untrained,100,88
impulses,100,66
migration,100,63
simulink,100,90
wheelchairs,100,80
entrainment,100,51
threats,100,80
tion,100,86
oxford,100,91
pmsm,100,40
glider,100,50
single-agent,100,89
showcases,100,100
lio,100,53
gnn,100,68
argoverse,100,87
ready,99,96
polymers,99,76
hamiltonian,99,73
completes,99,97
accommodating,99,99
distributing,99,94
roots,99,79
firing,99,73
participate,99,96
low-pass,99,88
tendency,99,95
complicate,99,98
implant,99,67
trot,99,70
bones,99,78
differentially,99,89
game-theoretic,99,68
lays,99,99
preset,99,91
slot,99,72
happen,99,97
amplified,99,88
intestine,99,64
tall,99,94
motivating,99,97
meta,99,59
excels,99,99
elastomers,99,83
mujoco,99,91
please,99,98
siamese,99,66
mark,98,61
robotized,98,88
justify,98,97
cubes,98,63
fair,98,86
superposition,98,83
films,98,78
vice,98,96
three-fingered,98,88
comprise,98,96
parameterize,98,94
mold,98,64
shares,98,96
nonuniform,98,80
navigated,98,89
molecules,98,64
multipath,98,66
claim,98,90
scooping,98,47
center-of-mass,98,72
seal,98,59
atmospheric,98,82
clinicians,98,87
oocyte,98,39
cooking,98,59
hand-object,98,68
iiwa,98,95
underexplored,98,98
microgrids,98,45
branching,97,73
reformulated,97,94
procedural,97,86
ladder,97,51
test-bed,97,90
distorted,97,87
worm,97,54
precomputed,97,88
high-density,97,82
misalignments,97,78
dust,97,85
agree,97,97
travelling,97,89
expenditure,97,86
denoted,97,91
masked,97,73
episodes,97,81
vortex,97,72
trial-and-error,97,92
sitting,97,81
geometry-based,97,84
conducts,97,94
multiview,97,62
started,97,94
oxygen,97,60
drastic,97,92
pioneer,97,96
head-mounted,97,89
seafloor,97,56
rubble,97,53
anticipation,97,69
boosts,97,97
microparticles,97,54
embodiments,97,67
off-policy,97,80
uda,97,37
united,96,87
coordinator,96,65
mount,96,91
knowledge-based,96,82
forth,96,95
pave,96,95
serially,96,90
laboratories,96,82
on-chip,96,68
confusion,96,70
telerobotics,96,79
replaces,96,94
a-priori,96,90
adaptivity,96,82
dissipative,96,71
stabilizer,96,57
establishment,96,94
opened,96,92
rocks,96,81
injected,96,91
transactions,96,77
suppressed,96,92
setpoint,96,68
grams,96,78
trainable,96,87
sleeve,96,60
harmful,96,88
spike,96,44
pilots,96,69
regulations,96,84
cascading,96,59
print,96,71
therapist,96,58
challenged,96,95
scarce,96,93
uas,96,38
ethical,96,52
deep-learning,96,77
stemming,95,92
inspected,95,82
breaks,95,90
stepper,95,59
crank,95,62
degrading,95,93
flexural,95,68
levitated,95,64
preferable,95,94
convolutions,95,83
japanese,95,84
failing,95,91
noticeable,95,94
merit,95,88
accident,95,70
mines,95,78
irrespective,95,94
allocating,95,94
strings,95,63
elevator,95,53
histograms,95,74
sway,95,49
blimp,95,43
mcl,95,40
lip,95,46
teachers,95,57
biohybrid,95,46
adp,95,49
pin,94,62
initiate,94,88
lookup,94,85
inspecting,94,92
vehicular,94,70
diagonal,94,90
reconfigured,94,91
long-standing,94,94
repeating,94,90
finishing,94,57
worth,94,90
cycling,94,45
aiding,94,91
picked,94,86
reactivity,94,81
tapping,94,56
redundantly,94,73
viscoelasticity,94,58
backpropagation,94,87
teeth,94,62
fisher,94,83
mature,94,94
immune,94,75
sparsely,94,91
kinetostatic,94,72
teammates,94,73
goal-oriented,94,82
helicopters,94,69
masking,94,75
hil,94,59
drifting,94,66
inspire,94,90
relaxing,94,90
millions,94,91
conversation,94,60
ing,94,86
repository,94,86
upper-body,94,67
fleets,94,71
concretely,94,92
mlp,94,73
realworld,94,93
digit,94,63
scannet,94,82
sketch,93,63
summarizes,93,93
perimeter,93,64
believed,93,93
intersecting,93,82
grade,93,70
adhere,93,89
eigenvalue,93,74
diagrams,93,79
overload,93,68
rigid-link,93,76
versa,93,92
dsp,93,62
decided,93,88
encountering,93,91
crystal,93,70
zoom,93,68
tower,93,49
knots,93,53
receivers,93,72
reynolds,93,78
supervise,93,90
lock,93,74
shortage,93,85
piezo,93,59
aggregates,93,82
providers,93,59
pectoral,93,51
wire-driven,93,68
fab,93,46
smoke,93,71
snns,93,39
dropout,93,57
dvrk,93,65
cityscapes,93,80
ddpg,93,55
attacker,93,54
discriminator,93,68
protective,92,71
entity,92,76
enforced,92,89
strains,92,77
grouped,92,90
reactor,92,55
locus,92,64
instabilities,92,83
names,92,77
personnel,92,85
supplies,92,89
enveloping,92,65
influencing,92,92
rejecting,92,85
pumping,92,52
incident,92,74
expressiveness,92,84
sectors,92,79
lowering,92,85
multiplicative,92,67
coating,92,63
evolves,92,92
single-robot,92,82
standalone,92,85
railway,92,47
dramatic,92,91
bank,92,75
sampler,92,68
dubbed,92,89
swim,92,76
doctors,92,66
hanging,92,63
nursing,92,55
shorten,92,88
pkm,92,38
atlas,92,73
regenerative,92,53
multi-modality,92,66
custom-built,92,90
pelvic,92,40
alleviating,92,91
human-centric,92,79
rollouts,92,68
preintegration,92,53
sac,92,59
editorial,92,90
solid-state,91,69
foundations,91,89
schema,91,76
situated,91,85
proportional-derivative,91,90
philosophy,91,84
forbidden,91,67
subgoal,91,60
seem,91,88
excited,91,82
elegant,91,90
workshop,91,58
department,91,73
force-sensing,91,71
proportional-integral,91,87
modest,91,90
mitigated,91,89
assure,91,88
corroborate,91,91
developmental,91,79
ask,91,82
multi-legged,91,72
low-speed,91,72
cap,91,61
seat,91,45
massage,91,25
shot,91,76
transit,91,66
cruise,91,62
pea,91,37
regularly,91,90
mae,91,59
wiring,90,76
adjacency,90,69
deficiency,90,79
multivariable,90,74
instantaneously,90,83
amidst,90,85
impedances,90,74
laser-based,90,82
euler-lagrange,90,72
time-variant,90,65
harmonics,90,64
juggling,90,43
time-domain,90,78
disruptions,90,59
deadline,90,55
exit,90,71
reproduced,90,85
querying,90,82
associating,90,88
plusmn,90,53
enterprises,90,79
absorb,90,85
refraction,90,57
pig,90,62
upcoming,90,79
reservoir,90,53
averaged,90,80
mismatched,90,59
sdp,90,45
compositional,90,75
ex-vivo,90,81
submodular,90,57
afterward,90,90
gelsight,90,54
ports,89,74
radii,89,80
mix,89,83
multi-degree-of-freedom,89,87
comprehension,89,79
man-machine,89,74
spoken,89,61
lay,89,87
wait,89,76
served,89,84
clarified,89,82
undertaken,89,86
cancellation,89,74
appearing,89,80
prepared,89,87
aggregating,89,85
descending,89,73
bends,89,76
saves,89,87
replan,89,74
floors,89,79
rollers,89,58
sustain,89,82
mouth,89,56
icra,89,71
wall-climbing,89,58
des,89,53
complications,89,85
cancel,89,87
consume,89,87
accumulate,89,88
ecological,89,75
iso,89,70
slice,89,67
envisioned,89,87
contact-based,89,74
boom,89,54
foster,89,86
semi-markov,89,56
undulation,89,65
attracting,89,81
t-s,89,49
realm,89,88
proficiency,89,73
backbones,89,71
gram,89,76
title,89,47
transfemoral,89,64
self-healing,89,49
insect-scale,89,59
garnered,89,89
larvae,89,32
cavs,89,32
abbreviation,89,47
nns,88,62
discussing,88,86
school,88,77
responds,88,85
duality,88,69
era,88,80
aperture,88,63
solvable,88,80
definite,88,75
thresholding,88,81
polytope,88,64
grammar,88,54
high-bandwidth,88,79
default,88,73
installing,88,86
collocation,88,66
deforms,88,87
subproblem,88,67
undergoes,88,85
consumes,88,86
tractor,88,56
grown,88,86
aperiodic,88,54
deeply,88,87
tele-operation,88,77
thermoplastic,88,82
sampled-data,88,54
adhering,88,85
regards,88,87
attackers,88,56
gloves,88,65
infrastructures,88,81
high-throughput,88,70
book,88,52
multi-channel,88,71
wirelessly,88,77
thereafter,88,88
hvac,88,30
trauma,88,79
complemented,88,88
magnetometer,88,57
bottle,88,67
cross-view,88,53
unitree,88,84
firm,87,65
accomplishes,87,86
continued,87,86
hypothesized,87,86
compositions,87,73
liveness,87,60
bilinear,87,56
alpha,87,52
recommended,87,84
graspable,87,64
slots,87,50
scattered,87,79
isotropy,87,54
topologically,87,77
evident,87,87
scout,87,53
temporarily,87,82
gamma,87,55
prevailing,87,86
distinguishes,87,86
three-phase,87,63
probable,87,81
spaced,87,81
contaminated,87,76
reluctance,87,62
intrusion,87,47
correlate,87,85
hmms,87,54
extendable,87,81
harvest,87,64
ride,87,60
late,87,78
upstream,87,64
pitching,87,65
cpgs,87,57
kilometers,87,83
rated,87,72
non-cooperative,87,66
dissection,87,52
rollover,87,39
rom,87,50
mrf,87,44
sci,87,45
epistemic,87,60
euroc,87,83
yolov,87,64
row,86,73
interfacing,86,79
holder,86,65
realizable,86,77
pace,86,71
clamp,86,46
man,86,68
boolean,86,62
oral,86,55
substitute,86,84
families,86,73
quasistatic,86,65
feeder,86,57
pursue,86,83
actors,86,61
insertions,86,73
unconventional,86,80
frequency-domain,86,72
impacting,86,84
bucket,86,44
curse,86,79
spm,86,38
five-axis,86,34
touchdown,86,71
unintended,86,81
publications,86,78
fulfilling,86,83
operability,86,67
capillary,86,51
nonverbal,86,61
gripper's,86,75
tails,86,61
modulates,86,83
evenly,86,81
volunteers,86,80
sample-based,86,78
micro-scale,86,70
audio-visual,86,51
fetch,86,80
lpv,86,34
high-risk,86,82
sustainability,86,75
wheel-legged,86,51
commodity,86,75
adl,86,49
wiping,86,56
orienteering,86,52
microgrid,86,46
open-world,86,64
tsas,86,31
lfc,86,26
interestingly,85,85
participating,85,76
hand's,85,71
circuitry,85,72
notions,85,83
set-up,85,81
automobile,85,77
stated,85,84
prehensile,85,73
attaining,85,80
characters,85,67
read,85,74
manipulative,85,64
draws,85,85
attenuate,85,76
synchronously,85,82
ascending,85,72
polarization,85,35
microelectromechanical,85,84
gradual,85,80
rov,85,63
hilbert,85,70
complements,85,84
pan-tilt,85,73
millimeters,85,72
formalized,85,82
obstructed,85,75
ignores,85,84
target's,85,70
heads,85,68
thick,85,80
socket,85,59
submerged,85,70
cps,85,47
drifts,85,78
compress,85,81
survivors,85,72
drivable,85,53
arena,85,72
shafts,85,63
eversion,85,46
expectation-maximization,85,81
farming,85,60
python,85,76
cheetah,85,61
pose-graph,85,68
smartphone,85,58
pouch,85,36
multirotors,85,64
struggles,85,83
cpss,85,32
eso,85,41
synchronizing,84,75
conductivity,84,73
cross-section,84,71
artificially,84,79
analogy,84,78
linearizing,84,76
queue,84,58
organizing,84,75
force-reflecting,84,66
exchanging,84,82
single-stage,84,71
german,84,80
prepare,84,81
experimented,84,84
enclosing,84,59
remedy,84,78
tripod,84,66
flywheel,84,48
opponent,84,50
folds,84,70
personality,84,29
gates,84,42
trucks,84,63
nonsmooth,84,67
patrol,84,58
reader,84,66
perceptive,84,61
fish-like,84,56
wrapped,84,72
beat,84,43
trocar,84,56
fluorescent,84,47
therapies,84,74
pathological,84,74
habitat,84,63
commonsense,84,52
bowden,84,51
energy-saving,84,58
multicopter,84,42
multitask,84,65
tsdf,84,46
probably,83,79
stereoscopic,83,66
apple,83,44
constants,83,76
non-zero,83,76
eddy,83,54
tolerate,83,80
propagating,83,82
inappropriate,83,76
detrimental,83,78
error-prone,83,80
batches,83,71
govern,83,83
markovian,83,61
bypass,83,77
unrealistic,83,82
resembles,83,83
dominated,83,81
interpolated,83,75
rate-dependent,83,40
deliberative,83,66
driver's,83,55
well-studied,83,82
multi-finger,83,63
human-friendly,83,73
spraying,83,51
threads,83,61
antennas,83,60
stones,83,62
small-sized,83,71
human-computer,83,79
hmi,83,40
structure-from-motion,83,78
bearing-only,83,55
envision,83,83
attitudes,83,60
frontier-based,83,67
professionals,83,80
dummy,83,56
ssl,83,31
inflated,83,65
mapless,83,57
parametrized,82,75
speed-up,82,75
tandem,82,69
unify,82,81
revolution,82,69
fix,82,74
wrists,82,61
object-based,82,65
funnel,82,40
organize,82,77
experiencing,82,78
respects,82,81
wearer's,82,56
granularity,82,69
substitution,82,60
aluminum,82,70
triangles,82,61
self-organization,82,56
z-axis,82,65
disadvantage,82,81
multi-layered,82,77
damages,82,75
voxel-based,82,59
passengers,82,57
horizontally,82,81
unfolding,82,54
microrobotics,82,70
tying,82,49
rrts,82,58
tortuous,82,66
grass,82,77
appendages,82,60
flippers,82,35
visuotactile,82,39
bibr,82,36
stanford,81,79
leds,81,61
park,81,65
redundancies,81,69
worked,81,81
managers,81,62
dropped,81,75
coping,81,80
multi-output,81,72
custom-designed,81,80
magnification,81,61
neighborhoods,81,68
employment,81,80
lcd,81,43
sigma,81,53
lrf,81,43
exerting,81,78
send,81,76
three-finger,81,63
deadlines,81,44
knees,81,65
visualized,81,77
unlimited,81,75
combat,81,56
join,81,71
belongs,81,78
claims,81,81
look-ahead,81,60
prioritizing,81,78
sinkage,81,40
dirichlet,81,73
vibratory,81,64
laptop,81,72
swing-up,81,61
micrometers,81,70
time-efficient,81,74
covariances,81,68
gold,81,71
peers,81,65
nanorobots,81,47
qos,81,35
barrett,81,75
patient-specific,81,68
therapists,81,57
predictability,81,67
inlier,81,64
seasonal,81,68
next-best-view,81,68
lidar-camera,81,52
prioritizes,81,80
open-set,81,53
smoothed,80,62
consisted,80,79
rangefinder,80,68
polyhedron,80,57
conceptually,80,79
courses,80,60
queueing,80,44
transmits,80,77
resemble,80,78
write,80,69
multi-arm,80,54
intercept,80,63
wam,80,68
parallelogram,80,66
looks,80,76
certainty,80,65
backdrivable,80,61
cross-sectional,80,68
skull,80,49
hemispherical,80,69
form-closure,80,39
bands,80,66
teleoperate,80,77
pins,80,57
contracting,80,62
laparoscope,80,33
leak,80,39
cobot,80,45
originating,80,78
triggers,80,72
input-to-state,80,73
pdms,80,53
explosive,80,63
stitching,80,45
elaborated,80,80
multi-frame,80,55
tum,80,72
enrich,80,79
stone,80,49
adrc,80,36
imbalanced,80,55
interfaced,79,76
manager,79,59
simplifications,79,77
answers,79,71
unmeasurable,79,60
berkeley,79,69
bootstrap,79,73
calculus,79,61
preceding,79,69
threefold,79,79
arm's,79,73
eccentric,79,54
idealized,79,70
heavy-duty,79,67
essence,79,79
perhaps,79,78
possessing,79,76
pollution,79,68
pulleys,79,59
anywhere,79,76
diagnostics,79,76
shed,79,77
prototypical,79,70
brachiation,79,30
manoeuvres,79,61
sky,79,53
puts,79,79
tightening,79,51
hydrostatic,79,62
hydraulically,79,71
chinese,79,57
boat,79,48
powers,79,61
hessian,79,60
causality,79,50
dvs,79,35
biggest,79,78
beads,79,58
super-resolution,79,44
benchtop,79,74
orchard,79,47
swap,79,57
cave,79,45
framework's,79,78
prompting,79,72
turbines,79,45
anymal,79,74
rings,78,56
arguments,78,77
communicates,78,76
activate,78,76
document,78,77
responsibility,78,53
suggestions,78,71
nonredundant,78,73
steadily,78,77
touches,78,73
low-order,78,62
comparably,78,77
editing,78,65
competence,78,61
bolt,78,44
diagnosability,78,22
riccati,78,68
conservativeness,78,63
discovers,78,78
orthopedic,78,63
pronounced,78,78
rbf,78,57
orifice,78,63
usa,78,71
trail,78,47
ships,78,59
competitiveness,78,62
stochastically,78,71
categorical,78,55
basin,78,71
staircase,78,46
cvt,78,25
cane,78,31
crash,78,62
cobots,78,48
uvms,78,27
bird's,78,76
pre-specified,78,72
flexure-based,78,61
trajectory-tracking,78,66
colonoscope,78,35
harder,78,76
rats,78,35
sideslip,78,49
mum,78,48
vanilla,78,71
offloading,78,38
harm,78,76
human-driven,78,59
super-twisting,78,56
pde,78,48
admm,78,55
sit-to-stand,78,50
high-definition,78,76
soft-rigid,78,59
instants,77,67
prevented,77,76
achievements,77,74
formidable,77,77
multi-input,77,72
listed,77,76
entries,77,71
tape,77,47
robot-environment,77,65
suboptimality,77,66
encompass,77,77
dominance,77,54
something,77,71
autopilot,77,59
neurosurgery,77,66
elucidate,77,76
telescopic,77,49
converged,77,69
wish,77,75
recycling,77,61
shaking,77,52
it's,77,72
advent,77,77
nanometer,77,64
disasters,77,71
microscopes,77,60
quantum,77,31
answering,77,65
encapsulated,77,75
deteriorates,77,77
retina,77,57
relaxes,77,75
weeks,77,77
detachment,77,62
pss,77,30
microbeads,77,43
campaign,77,64
nlp,77,51
resampling,77,64
geographic,77,72
cloud-based,77,65
origami-inspired,77,65
sts,77,23
committee,77,66
bilevel,77,50
multilink,76,60
parallel-jaw,76,72
substantiate,76,75
finished,76,69
deburring,76,45
wide-angle,76,59
richness,76,71
implantation,76,45
unbiased,76,73
numeric,76,68
contamination,76,65
judge,76,72
travels,76,75
manufacturer,76,53
reformulation,76,73
two-axis,76,63
set-point,76,61
post,76,65
microactuator,76,55
centimeter,76,73
steers,76,73
returning,76,71
non-redundant,76,71
imply,76,75
creatures,76,64
squeeze,76,51
fls,76,42
incurring,76,76
adherence,76,68
enterprise,76,66
composites,76,61
backup,76,48
membranes,76,64
collaborating,76,76
sloped,76,58
in-flight,76,56
prices,76,48
clues,76,67
favor,76,75
appliances,76,55
tongue,76,41
apex,76,53
lower-dimensional,76,72
rao-blackwellized,76,66
brace,76,43
fulfillment,76,58
low-rank,76,48
asset,76,53
cannula,76,29
overground,76,52
crazyflie,76,65
disinfection,76,23
data-based,76,61
boldsymbol,76,46
house,75,68
in-house,75,73
intel,75,72
sizing,75,56
two-arm,75,56
arithmetic,75,69
relief,75,63
interdisciplinary,75,71
lower-level,75,63
anticipatory,75,51
relaxations,75,58
spectra,75,52
upward,75,70
persistence,75,55
interferences,75,63
teleoperators,75,64
felt,75,72
labelling,75,55
canopy,75,55
meant,75,73
swiftly,75,72
picks,75,68
buried,75,56
conic,75,56
discriminant,75,61
whiskers,75,35
marching,75,55
stochasticity,75,66
framed,75,69
trading,75,54
prune,75,68
martian,75,57
contingency,75,38
tiles,75,44
filament,75,52
multidirectional,75,49
microchannel,75,49
rimless,75,47
seabed,75,54
specimen,75,45
academia,75,74
grf,75,39
pack,75,62
refractive,75,37
intact,75,62
multi-class,75,59
pioneering,75,73
self-folding,75,39
surpass,75,74
phenotyping,75,46
gcn,75,39
vln,75,31
gpt,75,53
workstations,74,56
polynomial-time,74,66
single-link,74,67
functionally,74,70
coded,74,64
pwm,74,56
force-position,74,54
accommodation,74,49
third-order,74,54
explorations,74,71
albeit,74,73
hub,74,44
topography,74,57
short-range,74,67
predicates,74,50
prey,74,45
determinant,74,61
radioactive,74,57
cerebral,74,54
trailers,74,39
drift-free,74,64
diver,74,35
vulnerability,74,60
assesses,74,73
high-power,74,65
unreachable,74,62
sub-millimeter,74,70
abb,74,69
mosaic,74,40
coral,74,54
intra-operative,74,63
inherits,74,73
anterior,74,63
control-based,74,64
impacted,74,67
aortic,74,39
affinity,74,47
ema,74,25
dual-mode,74,53
anticipating,74,71
harnessing,74,70
quad-rotor,74,41
post-stroke,74,44
cutting-edge,74,73
prefer,74,60
supernumerary,74,54
r-cnn,74,53
gym,74,63
regret,74,52
engineer,73,69
concentrates,73,72
interpolating,73,70
structuring,73,72
tagged,73,47
proceeds,73,73
pursuing,73,70
multiaxis,73,51
seam,73,48
calibrations,73,65
think,73,70
pertinent,73,72
activations,73,60
hierarchies,73,62
servomotor,73,55
lake,73,60
packets,73,51
reacting,73,73
deemed,73,72
resting,73,59
furnace,73,34
sacrifice,73,71
blue,73,66
irregularly,73,67
resort,73,73
odometric,73,64
lowers,73,70
generations,73,67
discharge,73,52
reset,73,55
copper,73,54
hyperbolic,73,53
replication,73,63
impede,73,73
tree-based,73,64
multi-head,73,60
flex,73,59
lego,73,50
easy-to-use,73,70
arbitration,73,41
orbits,73,53
self-collision,73,48
dirt,73,50
multi-segment,73,56
explainability,73,57
chronic,73,53
amputation,73,60
bead,73,46
participated,73,73
equipping,73,73
vae,73,47
finetuning,73,63
picture,72,57
somewhat,72,72
reporting,72,68
time-critical,72,63
excite,72,68
raising,72,65
internally,72,65
sentences,72,38
nonsingular,72,62
compliantly,72,64
cmos,72,56
bond,72,55
inner-loop,72,52
nullspace,72,52
positively,72,69
exchanges,72,60
refueling,72,32
queried,72,69
river,72,46
imitates,72,71
supplement,72,72
parallelized,72,62
anisotropy,72,63
centimeters,72,67
three-stage,72,65
succeeds,72,69
throw,72,47
self-learning,72,54
fixing,72,69
pulses,72,63
lander,72,43
leg-wheel,72,44
packed,72,68
visualizations,72,67
bow,72,41
energetically,72,63
league,72,56
hammering,72,31
vision-only,72,63
surge,72,61
distance-based,72,62
magnetometers,72,49
projection-based,72,56
incur,72,70
turbulent,72,55
receding-horizon,72,64
bag-of-words,72,66
microstructure,72,51
point-to-plane,72,59
cores,72,61
mmt,72,21
android,72,40
crf,72,45
follow-the-leader,72,44
cot,72,44
regress,72,71
deep-sea,72,41
vla,72,33
repertoire,71,60
self-tuning,71,59
ics,71,26
cracks,71,53
laplacian,71,64
extrapolation,71,63
provision,71,63
expose,71,70
hopper,71,54
commanding,71,63
servomotors,71,61
successes,71,69
echoes,71,45
detectability,71,37
branch-and-bound,71,64
rectangle,71,50
exemplary,71,70
tooling,71,46
configure,71,69
dental,71,31
airplane,71,51
modularized,71,62
pen,71,43
permutation,71,53
fulfilled,71,69
tooth,71,29
penalties,71,59
hyper,71,54
pcs,71,46
navigable,71,51
pipette,71,34
cross-correlation,71,60
multidisciplinary,71,63
inferior,71,71
nanotubes,71,52
cnt,71,19
chatter,71,22
lipschitz,71,47
backend,71,57
prognostics,71,37
asr,71,32
human-exoskeleton,71,48
marginalization,71,53
perch,71,48
multi-material,71,55
wce,71,22
debugging,70,56
permitting,70,69
beneath,70,66
peaks,70,59
taylor,70,66
vlsi,70,51
really,70,66
dropping,70,66
inferences,70,66
regularity,70,53
single-axis,70,63
telerobot,70,48
spontaneous,70,62
gyroscopic,70,49
initiated,70,70
one-to-one,70,62
depict,70,68
adept,70,70
devising,70,70
heel,70,62
six-legged,70,66
discriminating,70,62
screwing,70,43
lenses,70,57
feels,70,62
cavities,70,59
disruption,70,59
cutaneous,70,37
tactical,70,53
teaming,70,52
pre,70,57
psychophysical,70,59
intentionally,70,69
watch,70,66
lmi,70,59
medial,70,38
unmatched,70,58
sewer,70,26
reproduces,70,64
bathymetric,70,37
swings,70,52
immense,70,70
constant-force,70,27
asvs,70,45
divergent,70,69
exacerbated,70,70
elegans,70,24
prognostic,70,33
device's,69,63
pick-up,69,57
sending,69,64
utilities,69,60
separable,69,63
mixtures,69,58
speeding,69,66
full-size,69,65
disparities,69,60
imperfections,69,62
foam,69,53
pertaining,69,67
adversely,69,68
intruders,69,37
enters,69,67
massively,69,65
two-point,69,52
task-based,69,53
ensembles,69,55
convexity,69,55
spreading,69,58
collision-avoidance,69,60
cuts,69,62
fiber-reinforced,69,60
stand-alone,69,67
interfering,69,64
molding,69,67
absent,69,69
instrumental,69,62
fluorescence,69,38
pre-computed,69,58
communicated,69,64
stimulate,69,68
judged,69,67
explorer,69,50
ink,69,42
brachytherapy,69,49
vasculature,69,55
compensatory,69,56
backpack,69,47
responders,69,48
dvl,69,31
cost-to-go,69,49
millimeter-scale,69,60
seasons,69,63
k-means,69,60
turtlebot,69,65
manuscript,69,57
self-triggered,69,30
ycb,69,62
u-net,69,52
mmwave,69,38
overlay,68,46
space-time,68,50
non-overlapping,68,56
quadric,68,39
infinitely,68,59
servos,68,59
propagates,68,67
optimise,68,64
clearing,68,57
reflexive,68,46
initiative,68,63
emphasized,68,68
dialog,68,38
elevated,68,65
polyurethane,68,67
workloads,68,48
manifest,68,65
dwell,68,49
parallax,68,47
stacks,68,56
paddle,68,36
plasticity,68,62
path-tracking,68,47
directs,68,65
enforcement,68,49
categorize,68,67
continuation,68,66
subtraction,68,55
dissimilar,68,60
unimodal,68,56
seldom,68,68
rescheduling,68,27
forestry,68,45
sideways,68,50
high-dof,68,55
resembling,68,68
wound,68,47
hands-on,68,56
api,68,55
dose,68,47
hyperelastic,68,52
submillimeter,68,60
plug,68,44
monotonic,68,55
belts,68,48
pbd,68,36
gui,68,46
electromagnet,68,52
pricing,68,32
pervasive,68,64
civil,68,60
assurance,68,58
gliders,68,40
forecasts,68,55
nlos,68,32
patterning,68,50
uav's,68,56
chance-constrained,68,50
extrinsics,68,49
naturalistic,68,56
drl-based,68,54
llm-based,68,52
underscoring,68,68
strips,67,48
associates,67,63
logarithmic,67,56
tied,67,65
geographical,67,61
interpretations,67,63
became,67,65
implementable,67,66
hexagonal,67,46
distributes,67,67
five-bar,67,62
excluding,67,66
susceptibility,67,57
quadratically,67,66
reusability,67,60
technically,67,66
high-efficiency,67,66
reflectivity,67,42
obey,67,65
undulating,67,53
featureless,67,61
wmrs,67,39
immersion,67,56
featured,67,67
riding,67,42
asymmetrical,67,62
footsteps,67,57
pvdf,67,43
bigger,67,63
streamlined,67,64
ambulation,67,49
brittle,67,62
bowl,67,39
phone,67,58
endowing,67,67
micro-robots,67,43
feedbacks,67,57
first-person,67,52
optimizers,67,59
avenue,67,66
hammer,67,45
collapsed,67,60
locality,67,56
on-road,67,53
shutter,67,40
women,67,40
biocompatible,67,53
actionable,67,59
inject,67,65
push-off,67,39
retail,67,59
adduction,67,56
microswimmers,67,31
bimodal,67,42
intents,67,48
opacity,67,18
pgo,67,24
self-training,67,42
youtube,67,64
congested,66,59
prime,66,59
variances,66,60
symbol,66,43
diagnosing,66,62
distinction,66,64
deadlock-free,66,51
ellipses,66,52
ratings,66,50
network's,66,59
offices,66,64
bipeds,66,56
nitinol,66,56
flexible-joint,66,44
ranked,66,59
nonzero,66,61
proceed,66,65
constituent,66,62
ballistic,66,54
utilising,66,63
compactly,66,66
stays,66,63
two-fold,66,66
edge-based,66,49
sure,66,64
psychology,66,62
bat,66,29
opaque,66,59
striking,66,51
contractile,66,40
vis,66,33
altitudes,66,53
tele-operated,66,58
dog,66,44
cheaper,66,64
manoeuvre,66,50
finer,66,64
intuitiveness,66,62
relieve,66,63
repairing,66,58
reused,66,64
learners,66,44
dozens,66,65
cfd,66,51
harvested,66,43
semi-dense,66,38
shelves,66,48
variable-stiffness,66,49
deep-learning-based,66,61
task-agnostic,66,60
self-supervision,66,58
webpage,66,64
event-triggering,66,53
incidence,65,58
elliptic,65,47
replica,65,62
expresses,65,65
occurrences,65,57
harnesses,65,57
multiplier,65,58
disparate,65,59
disturbing,65,60
cutter,65,47
indexing,65,52
conjecture,65,52
fast-moving,65,59
coplanar,65,53
nondeterministic,65,48
step-by-step,65,62
dynamics-based,65,54
conical,65,54
coiled,65,51
hydrogen,65,33
extensibility,65,60
lemma,65,45
blurring,65,53
slicing,65,38
binding,65,43
expedite,65,65
helix,65,43
body's,65,59
broadcast,65,61
rocky,65,56
confronted,65,65
metamorphic,65,42
emulation,65,50
shifted,65,61
anchored,65,61
shoe,65,38
hop,65,51
coexistence,65,63
departments,65,59
generalisation,65,58
preisach,65,37
annotate,65,64
electromyogram,65,65
stopped,65,62
isometric,65,47
fts,65,20
supervisors,65,51
widely-used,65,65
spring-damper,65,51
scale-invariant,65,55
proteins,65,39
breakdown,65,51
incurs,65,64
coalitions,65,34
pages,65,56
gating,65,58
winning,65,57
episodic,65,50
cross-validation,65,61
amazon,65,57
kidney,65,36
unlocking,65,59
polyp,65,15
overtaking,65,44
hyperparameter,65,56
fusion-based,65,47
swift,65,60
coriolis,64,52
fingered,64,60
bear,64,55
accomplishment,64,62
slices,64,48
b-splines,64,53
operative,64,58
accept,64,60
exertion,64,55
timings,64,55
bouncing,64,47
mistakes,64,53
loses,64,61
abnormalities,64,53
tractability,64,63
explaining,64,62
six-dof,64,49
reconfiguring,64,61
spines,64,44
male,64,55
transmitter,64,54
contractions,64,42
stresses,64,53
activating,64,62
guard,64,41
ethernet,64,53
powering,64,51
reactively,64,63
skidding,64,37
lmis,64,50
extensor,64,48
intestinal,64,39
extremities,64,53
leap,64,51
button,64,41
vastly,64,63
rationality,64,60
unpredictability,64,52
handful,64,64
specimens,64,54
texture-less,64,56
markedly,64,63
eit,64,25
fmcw,64,40
low-quality,64,59
robotcar,64,61
rollout,64,47
language-conditioned,64,47
cyber-attacks,64,29
time-based,63,54
saved,63,51
substantiated,63,63
arriving,63,60
peculiar,63,62
feeders,63,42
replicates,63,62
deduce,63,62
tried,63,62
backtracking,63,45
ellipsoidal,63,47
satisfactorily,63,63
clients,63,37
opportunistic,63,49
astronauts,63,43
subsea,63,43
k-nearest,63,62
unsteady,63,50
constitutive,63,54
wrapping,63,45
attentional,63,45
releases,63,58
avenues,63,63
resistant,63,58
climate,63,57
micropositioning,63,45
putting,63,62
attract,63,61
wavelength,63,56
headings,63,61
thousand,63,61
randomness,63,56
install,63,60
elongated,63,55
ear,63,43
maglev,63,28
flexor,63,49
rooted,63,61
evaders,63,30
fingerprint,63,32
shared-control,63,41
respiration,63,48
scaffold,63,29
implanted,63,54
disorder,63,51
incline,63,50
grounds,63,59
custom-made,63,62
caves,63,53
fragments,63,45
fnn,63,25
underscores,63,62
drugs,63,49
certificates,63,44
millirobot,63,38
retention,63,55
inpainting,63,42
weeds,63,38
cross-modality,63,48
teacher-student,63,58
pathfinding,63,50
overlooking,63,63
imputation,63,18
prognosis,63,30
gray,62,46
documentation,62,55
progresses,62,62
raster,62,38
keys,62,57
thinking,62,57
interchangeable,62,57
shuttle,62,45
transients,62,56
iris,62,30
heuristically,62,61
disrupt,62,60
sub-task,62,51
exemplified,62,61
humanlike,62,55
wrap,62,50
ppc,62,29
console,62,50
disambiguate,62,61
application-specific,62,60
kinetics,62,55
incapable,62,62
finite-state,62,58
plots,62,46
cuboid,62,45
time-delayed,62,47
monotone,62,40
pcb,62,41
decline,62,56
ranks,62,56
securely,62,60
crosstalk,62,36
multiresolution,62,51
conflict-based,62,43
divers,62,42
penetrating,62,58
electromyographic,62,62
intensively,62,62
cost-effectiveness,62,58
investment,62,49
oceanographic,62,52
decentralised,62,43
annotating,62,61
reusing,62,59
laterally,62,57
interacted,62,59
binaural,62,40
odometer,62,46
enriched,62,60
pedal,62,37
minimalistic,62,59
disconnected,62,53
fastslam,62,35
phalanges,62,48
platform's,62,52
nanowires,62,33
revisiting,62,51
non-planar,62,50
isam,62,36
intraocular,62,39
grand,62,59
airway,62,28
mid-level,62,44
floating-base,62,51
pre-built,62,55
stent,62,17
kinova,62,61
dqn,62,38
uam,62,17
spoofing,62,22
solder,61,25
lends,61,61
organizations,61,42
eigenvalues,61,54
reorient,61,53
optics,61,56
pns,61,33
state-feedback,61,52
adsorption,61,28
infinite-dimensional,61,56
full-order,61,48
multichannel,61,37
retained,61,59
associative,61,47
card,61,40
parameterizations,61,55
interpolate,61,59
laying,61,59
departure,61,49
formalization,61,52
identifier,61,43
carriers,61,46
axle,61,46
dilemma,61,54
allocates,61,60
allocations,61,44
endows,61,61
acid,61,48
hjb,61,38
terminals,61,47
analysing,61,59
irregularities,61,56
downtime,61,52
one-way,61,54
decoded,61,56
protecting,61,61
microsurgical,61,42
launched,61,59
hearing,61,46
optimised,61,57
increment,61,51
incisions,61,54
inductance,61,44
seeds,61,48
periodical,61,60
non-verbal,61,45
amss,61,23
diversified,61,59
well-designed,61,59
evasion,61,36
questionnaire,61,52
adherent,61,26
iec,61,30
markerless,61,46
dropouts,61,30
frame-to-frame,61,52
fading,61,37
plantar,61,37
endoluminal,61,44
human-aware,61,47
realistically,61,60
mri-guided,61,46
contactless,61,52
self-balancing,61,42
test-time,61,44
presently,60,58
synergistically,60,60
attainable,60,58
differentiated,60,51
disks,60,45
mock-up,60,57
file,60,50
suppresses,60,60
collections,60,54
ridge,60,45
justified,60,60
manned,60,50
journal,60,54
rectification,60,46
touched,60,55
uncover,60,55
locates,60,59
on-off,60,42
acute,60,46
waveguide,60,29
ill-conditioned,60,50
heavier,60,58
threaded,60,32
sca,60,23
oracle,60,43
unaffected,60,59
bundles,60,45
homotopic,60,36
native,60,56
curvilinear,60,51
micrometer,60,58
parabolic,60,48
weaker,60,55
obstructions,60,59
radially,60,49
compete,60,60
hampered,60,60
control-oriented,60,56
towing,60,41
lithography,60,58
sub-goals,60,40
non-negligible,60,56
fresh,60,57
piece-wise,60,51
semi-structured,60,43
contingencies,60,39
drawer,60,49
fir,60,20
efficiencies,60,55
inefficiencies,60,57
residential,60,45
landmark-based,60,46
affords,60,57
foreign,60,37
usar,60,41
perceives,60,57
inter,60,57
ecosystem,60,48
regolith,60,39
brain-computer,60,56
millirobots,60,27
sliding-window,60,55
anything,60,58
bi-manual,60,48
steerability,60,36
wake,60,38
empowers,60,60
bmi,60,24
budgets,60,52
multimaterial,60,41
upsampling,60,36
mathbb,60,32
perception-aware,60,38
cdot,60,40
mbrl,60,29
cbs,60,29
obstruction,59,53
occluding,59,49
multiprocessor,59,49
bubbles,59,39
poisson,59,57
reposition,59,54
endpoints,59,51
letting,59,57
hostile,59,55
unbalance,59,31
finite-dimensional,59,53
sake,59,59
svd,59,41
concentrations,59,44
press,59,42
alloys,59,54
superimposed,59,57
cornell,59,54
prospect,59,58
outer-loop,59,45
spans,59,57
likelihoods,59,39
nonrigid,59,39
sidewinding,59,29
gauss-newton,59,54
jaws,59,41
region-based,59,50
analytics,59,40
hydrodynamics,59,55
trails,59,38
traps,59,41
pairing,59,51
opinion,59,39
attentive,59,51
meshing,59,37
pareto-optimal,59,40
function-based,59,56
credit,59,45
permissive,59,45
web-based,59,45
empower,59,58
state-of-the,59,58
pre-operative,59,47
arrives,59,55
winch,59,42
victim,59,37
pro,59,59
biologically-inspired,59,57
machine-learning,59,49
artifact,59,46
stretched,59,50
high-end,59,56
soaring,59,23
pepper,59,47
curb,59,23
capsules,59,41
exosuits,59,38
multicontact,59,37
camera-lidar,59,42
bi-level,59,48
resnet,59,55
nerfs,59,36
stackelberg,59,27
scr,59,17
sins,59,15
firmly,58,57
proposition,58,42
six-dimensional,58,54
jpl,58,52
statements,58,41
counts,58,43
rejected,58,55
landings,58,42
sensitivities,58,50
pallet,58,32
summer,58,52
emulates,58,57
memory-based,58,46
microactuators,58,38
coal,58,38
indication,58,55
comprehend,58,57
recursion,58,50
pinhole,58,51
multilayered,58,48
breakthrough,58,55
founded,58,58
regulatory,58,46
perceptually,58,53
x-y,58,46
slim,58,42
information-based,58,52
state-based,58,48
sonars,58,48
securing,58,49
problem-specific,58,44
reversal,58,48
encapsulate,58,58
regain,58,56
fragment,58,45
sciences,58,53
conflict-free,58,39
acrylic,58,52
observational,58,48
fills,58,58
up-to-date,58,55
rating,58,52
collocated,58,38
trolley,58,34
enlarged,58,56
unchanged,58,58
houses,58,54
single-step,58,49
trainee,58,35
digging,58,36
defenders,58,28
nail,58,34
pointer,58,44
coastal,58,47
diving,58,41
multi-hypothesis,58,50
showcased,58,58
cnts,58,25
sms,58,20
rhythm,58,42
tdoa,58,34
self-righting,58,31
in-vitro,58,51
recharge,58,52
iros,58,45
low-complexity,58,49
poincar,58,44
suddenly,58,56
unlikely,58,57
replicated,58,57
intra-class,58,44
waters,58,50
ocp,58,32
human-level,58,54
akin,58,56
winds,58,52
approx,58,43
hands-free,58,42
ctr,58,26
certificate,58,35
mos,58,23
mod,58,28
visual-tactile,58,36
radar-based,58,47
one-degree-of-freedom,57,55
flexibilities,57,43
enumeration,57,49
intersect,57,56
silhouette,57,43
craft,57,49
tray,57,38
infinitesimal,57,52
expandable,57,47
pursued,57,57
tutorial,57,45
humidity,57,40
negotiating,57,49
revised,57,53
lattices,57,36
transpose,57,41
preplanned,57,51
bang-bang,57,48
labs,57,54
snap,57,46
rectilinear,57,47
least-square,57,53
reducer,57,34
unity,57,54
flies,57,47
judgment,57,50
femur,57,42
manageable,57,54
admit,57,52
ophthalmic,57,39
slips,57,53
above-mentioned,57,57
discard,57,56
advice,57,34
selector,57,45
travelled,57,52
lumbar,57,32
gracefully,57,54
triple,57,49
grab,57,44
customize,57,57
expansive,57,51
hmd,57,33
neurosurgical,57,43
internet-based,57,42
eye-to-hand,57,52
single-query,57,42
ingredients,57,52
ion,57,46
exoskeletal,57,38
bins,57,45
jitter,57,49
blurred,57,48
switchable,57,46
multi-goal,57,38
segway,57,42
self-propelled,57,52
biocompatibility,57,50
sparsification,57,38
resonator,57,34
glasses,57,44
adult,57,49
sucker,57,18
thermally,57,51
notes,57,38
multi-source,57,46
eth,57,55
arranging,57,53
dmpc,57,23
boston,57,54
subject-specific,57,45
vectoring,57,37
intrinsics,57,43
multi-directional,57,43
triplet,57,46
gen,57,45
aleatoric,57,42
vit,57,37
vulnerabilities,57,41
collabratec,57,19
overlaps,56,52
spirit,56,55
positioner,56,35
cmu,56,51
laid,56,55
task-related,56,53
say,56,56
standpoint,56,54
instantiation,56,52
accepts,56,56
sealed,56,47
centerline,56,46
realizations,56,45
linearize,56,55
hertz,56,50
cross-coupling,56,42
cebot,56,27
vol,56,54
subassemblies,56,31
backwards,56,51
plc,56,32
planner's,56,53
hamilton-jacobi-bellman,56,54
absorber,56,28
continuing,56,55
mechanism's,56,50
mutation,56,48
prospective,56,55
identifiable,56,51
differentiability,56,53
duct,56,26
infeasibility,56,41
coated,56,50
shells,56,45
deliberate,56,53
knows,56,50
accumulating,56,55
proprietary,56,50
twenty,56,53
injured,56,48
biasing,56,45
reinforce,56,54
java,56,35
ego-vehicle,56,40
visitors,56,45
brush,56,32
magnetized,56,40
joule,56,53
aibo,56,43
robot-aided,56,48
cruising,56,44
field-based,56,54
piles,56,44
cultural,56,43
alert,56,40
distinguishable,56,51
flexures,56,44
consumer-grade,56,50
series-elastic,56,45
aan,56,22
self-organized,56,54
cardiovascular,56,46
plethora,56,56
aerobatic,56,34
homology,56,36
electro-hydraulic,56,38
pointcloud,56,43
confocal,56,43
multi-session,56,42
mvs,56,25
re-identification,56,32
elaborately,56,53
q-network,56,45
witnessed,56,56
encryption,56,25
semiactive,56,36
multisource,55,32
discarding,55,54
orientational,55,40
rehabilitative,55,46
hypothetical,55,50
identities,55,47
equivalently,55,55
concurrency,55,43
competent,55,51
classifications,55,50
instantiate,55,53
letters,55,48
pantograph,55,34
optional,55,52
guards,55,24
seven-degree-of-freedom,55,54
instantly,55,49
obstacle-avoidance,55,49
nearest-neighbor,55,47
underneath,55,53
antagonistically,55,53
setpoints,55,39
tentacle,55,37
dimensionless,55,37
trainer,55,44
bars,55,41
admits,55,54
evidential,55,33
prevalence,55,55
notch,55,36
fractal,55,28
cold,55,44
analogue,55,50
wants,55,51
seemingly,55,53
download,55,45
leaks,55,42
extraterrestrial,55,50
plain,55,46
demining,55,35
pheromone,55,24
talking,55,45
rhex,55,40
curbs,55,36
adams,55,51
earthquake,55,41
emitter,55,45
cortex,55,48
maximise,55,50
volunteer,55,46
mcp,55,29
bore,55,42
multi-mode,55,43
intense,55,52
electroactive,55,48
ankle-foot,55,43
rnns,55,43
toolpath,55,23
plantarflexion,55,36
self-assembling,55,42
port-hamiltonian,55,43
decode,55,53
drawers,55,45
teammate,55,36
human-inspired,55,49
snap-through,55,36
denser,55,47
non-destructive,55,51
catheterization,55,39
printable,55,44
re-localization,55,36
billion,55,50
bandit,55,44
cassie,55,47
distributionally,55,35
obstacle-rich,55,45
twins,55,46
advertisement,55,55
initiation,54,42
repetition,54,44
correspondingly,54,54
everywhere,54,52
exceeded,54,54
emulator,54,34
microprocessor,54,51
speaking,54,50
clearances,54,41
unmodelled,54,50
generalised,54,49
pictures,54,47
broaden,54,54
obviously,54,54
pillar,54,32
discretize,54,53
triaxial,54,42
wavefront,54,40
frictions,54,44
abundance,54,40
three-dof,54,37
one-legged,54,44
phi,54,30
injecting,54,54
beta,54,34
siso,54,44
open-ended,54,45
omega,54,33
reshaping,54,43
pulled,54,51
survive,54,49
minimise,54,52
shortening,54,52
persistently,54,49
simplistic,54,53
omni,54,46
dogs,54,32
inlet,54,33
detectable,54,53
agent-based,54,44
ams,54,29
intend,54,53
vantage,54,47
exhibition,54,39
bounce,54,34
impressions,54,39
rectify,54,52
illusion,54,29
tactile-based,54,46
yard,54,29
conveyed,54,45
caregiver,54,39
conforming,54,54
frozen,54,46
saw,54,38
non-experts,54,46
shielding,54,44
prism,54,31
flip,54,41
shank,54,40
revolutionize,54,54
creative,54,40
trip,54,36
centimeter-level,54,50
rheological,54,32
spend,54,53
tighter,54,53
clips,54,47
som,54,24
range-only,54,45
specificity,54,49
mdps,54,42
human-sized,54,51
neuronal,54,36
lifespan,54,44
polydimethylsiloxane,54,53
footage,54,51
accidental,54,51
financial,54,43
grayscale,54,46
segmentations,54,49
gecko-inspired,54,42
swarming,54,46
gpu-based,54,48
orca,54,29
smp,54,23
error-state,54,44
costmap,54,44
impedes,54,54
conversational,54,35
bits,54,38
eha,54,17
melt,54,24
synthetically,54,52
microswarm,54,13
changeable,53,43
sensorial,53,38
unknowns,53,40
stripe,53,32
strides,53,51
warp,53,40
disability,53,50
assures,53,52
cpp,53,27
inch,53,48
surrounded,53,52
cosine,53,48
fence,53,32
theorems,53,46
unsatisfactory,53,52
representational,53,51
unusual,53,50
constituted,53,53
hulls,53,45
dominate,53,52
sticking,53,50
interconnections,53,48
nut,53,32
plausibility,53,51
corruption,53,42
cbr,53,17
abstracts,53,53
dock,53,41
directing,53,50
tractor-trailer,53,36
struts,53,32
uuv,53,26
chart,53,36
localise,53,48
tipping,53,38
four-wheel,53,47
visuo-tactile,53,36
textiles,53,33
utilises,53,53
aviation,53,40
der,53,44
fsm,53,30
organic,53,44
differentiating,53,51
guesses,53,49
novelties,53,52
geological,53,41
gough-stewart,53,40
crs,53,31
elusive,53,53
wip,53,25
south,53,46
fingernail,53,23
photo,53,40
compressor,53,40
reefs,53,43
periodicity,53,46
nanotube,53,41
acyclic,53,44
caregivers,53,42
conveying,53,50
revenue,53,39
sqp,53,42
revisits,53,44
asks,53,49
dorsal,53,29
pdf,53,32
ecosystems,53,46
sinus,53,23
ekf-based,53,49
assist-as-needed,53,48
forward-looking,53,48
groundwork,53,53
ambulatory,53,46
myopic,53,48
biarticular,53,30
utterances,53,39
fwmav,53,25
velodyne,53,47
sct,53,20
fluoroscopy,53,40
ssc,53,20
downsampling,53,42
infection,53,39
gastric,53,32
farms,53,44
domain-invariant,53,44
kirigami,53,22
overlapped,52,45
centroids,52,38
sine,52,48
whatever,52,51
talk,52,34
fulfills,52,52
skillful,52,45
promoted,52,50
interleaved,52,45
permissible,52,46
compensators,52,39
rationale,52,49
denotes,52,45
subassembly,52,31
whole-arm,52,44
stall,52,29
charged,52,46
suffered,52,52
altogether,52,52
actuations,52,45
brownian,52,37
kernel-based,52,45
diffuse,52,43
tendon-sheath,52,33
airframe,52,39
organizational,52,44
vectorized,52,36
near-field,52,37
point-mass,52,40
diminishing,52,51
crossover,52,42
interprets,52,51
giant,52,42
occasionally,52,49
experience-based,52,39
decompositions,52,42
rider,52,29
nerves,52,43
certify,52,49
retract,52,42
exerts,52,51
tethers,52,36
tms,52,30
profiling,52,45
spanned,52,45
decommissioning,52,44
amp,52,24
cornerstone,52,52
end-users,52,44
environmentally,52,49
airship,52,30
self-reconfiguring,52,43
north,52,44
infants,52,31
buttons,52,36
physiology,52,46
mesoscale,52,35
eating,52,31
canal,52,26
lap,52,38
asking,52,48
lms,52,27
rmp,52,26
ventilation,52,43
coexist,52,52
soft-tissue,52,41
destructive,52,43
arts,52,48
multispectral,52,30
mechanics-based,52,46
flow-based,52,45
jellyfish,52,22
cmp,52,18
lyapunov-krasovskii,52,49
minimally-invasive,52,47
adls,52,34
visual-based,52,47
autism,52,27
corpus,52,49
swallowing,52,17
breathing,52,35
tail-sitter,52,23
denied,52,49
reciprocating,52,46
single-frame,52,37
appendage,52,27
printers,52,40
lbr,52,51
rearranging,52,49
disentangled,52,41
personalization,52,39
nuanced,52,51
isaac,52,46
columns,51,41
multi-sensory,51,41
recalibration,51,42
surveyed,51,46
checkerboard,51,29
imaged,51,50
amplifiers,51,39
n-link,51,44
impart,51,50
longest,51,44
mathematics,51,49
formulae,51,44
kinematical,51,44
stereovision,51,44
open-chain,51,43
housing,51,50
daytime,51,40
fixed-base,51,49
varieties,51,45
helped,51,50
plug-in,51,40
escaping,51,45
visualizing,51,48
muscle-like,51,48
hand-arm,51,40
highways,51,46
sigmoid,51,34
macro-micro,51,38
multimedia,51,41
tailor,51,50
monotonicity,51,35
antipodal,51,34
consequent,51,51
large-area,51,38
irradiation,51,40
dragging,51,40
four-legged,51,49
knife,51,26
lorentz,51,39
other's,51,49
saturations,51,39
invaluable,51,51
deliberately,51,51
uninterrupted,51,47
week,51,46
image-to-image,51,40
noncooperative,51,35
linux,51,42
robot-based,51,43
trunks,51,42
compressing,51,48
high-torque,51,43
restrained,51,30
fdm,51,32
bypassing,51,48
kicking,51,32
weakness,51,49
boosted,51,50
propelling,51,44
bevel,51,39
actuates,51,48
fluctuating,51,47
motor-driven,51,40
pedicle,51,16
doa,51,26
clf,51,31
rssi,51,20
centimeter-scale,51,40
cdm,51,20
wobbling,51,24
holographic,51,34
robot-specific,51,47
smartphones,51,40
adas,51,36
thor,51,47
trustworthy,51,42
in-the-wild,51,43
preference-based,51,35
language-guided,51,42
dual-branch,51,42
srm,51,17
t-ase,51,36
supplemented,50,49
exclusion,50,47
emitting,50,48
navigator,50,35
machined,50,47
cpm,50,15
sketches,50,31
fixed-point,50,35
tangible,50,40
loci,50,33
redesigned,50,48
meanings,50,45
theme,50,47
instantiated,50,47
discretizing,50,49
thin-walled,50,37
prespecified,50,46
subgraphs,50,33
preprogrammed,50,46
all-terrain,50,49
tweezer,50,29
incurred,50,49
stiffer,50,48
derivations,50,50
scripts,50,44
characterizations,50,46
bimorph,50,35
testbeds,50,37
squeezing,50,44
pseudo-inverse,50,46
emulated,50,47
unmapped,50,39
involuntary,50,42
microns,50,36
reflector,50,27
reactionless,50,22
permitted,50,47
psd,50,25
ill-posed,50,47
rolls,50,41
logic-based,50,46
set-based,50,34
elastically,50,43
gyros,50,37
miss,50,45
intends,50,50
supplemental,50,48
receptors,50,35
antagonist,50,44
walked,50,46
self-locking,50,36
rpm,50,45
ago,50,50
wood,50,43
sony,50,49
qualified,50,43
hereby,50,50
transmissibility,50,27
institutions,50,50
ctrs,50,21
concatenation,50,49
high-rise,50,37
regeneration,50,36
hashing,50,40
milestone,50,49
pet,50,25
undirected,50,42
non-ideal,50,43
dual-armed,50,31
single-point,50,42
resetting,50,38
alternately,50,50
feelings,50,38
mice,50,33
abdomen,50,38
opt,50,31
symptoms,50,35
piezo-actuated,50,34
bacterial,50,40
ipc,50,29
injections,50,37
vcm,50,22
converters,50,36
imm,50,26
ilp,50,27
gusts,50,44
non-convexity,50,44
high-voltage,50,41
persist,50,49
resisting,50,44
shearing,50,42
intracellular,50,28
busy,50,43
ballbot,50,24
inliers,50,39
user-specific,50,42
vsas,50,32
greenhouse,50,35
acc,50,22
biopsies,50,43
throttle,50,41
orchards,50,37
msckf,50,32
sequence-based,50,39
clique,50,32
time-frequency,50,41
srls,50,17
distilled,50,47
pdes,50,30
hzd,50,27
cross-entropy,50,47
strive,50,50
tcas,50,16
tactip,50,34
demos,50,47
distill,50,46
cvar,50,28
cav,50,23
archival,50,50
transduction,49,46
die,49,37
ingredient,49,49
cat,49,34
buses,49,36
arrivals,49,36
lengthy,49,49
solids,49,38
fmss,49,29
economically,49,48
argument,49,47
factored,49,40
therein,49,49
inversely,49,46
xyz,49,28
readers,49,44
regulators,49,42
egg,49,41
prompted,49,49
destabilizing,49,42
indistinguishable,49,43
micron,49,43
fault-tolerance,49,33
ridges,49,33
wall-following,49,40
implants,49,39
handicapped,49,42
imprecision,49,43
desert,49,42
surprising,49,48
instructed,49,48
polymeric,49,41
bendable,49,31
clinician,49,42
signaling,49,40
asd,49,16
smt,49,28
aside,49,47
notoriously,49,49
micromachining,49,37
void,49,35
ending,49,48
revisited,49,46
micro-robot,49,30
visibility-based,49,45
basket,49,13
dem,49,24
behavioural,49,40
utilise,49,49
fuselage,49,38
doesn't,49,48
nanostructures,49,34
twists,49,41
optoelectronic,49,32
micromanipulators,49,37
junction,49,37
subgroups,49,35
ptz,49,21
biochemical,49,34
takagi-sugeno,49,48
lasers,49,42
coarsely,49,49
organism,49,39
gender,49,32
electro-mechanical,49,40
commented,49,49
two-way,49,44
microtool,49,18
durable,49,46
under-actuation,49,42
babbling,49,19
speakers,49,38
vms,49,18
evidenced,49,48
brick,49,33
maturity,49,47
oocytes,49,31
alignments,49,47
pre-existing,49,49
mover,49,31
consensus-based,49,46
d-to,49,28
geometry-aware,49,43
privacy-preserving,49,32
amodal,49,19
etm,49,24
graphically,48,47
proliferation,48,48
programmer,48,43
ascertain,48,48
van,48,43
streamline,48,48
eventual,48,48
mhz,48,40
undergone,48,47
methodological,48,46
correlates,48,47
border,48,42
dis,48,42
delaunay,48,41
multistep,48,39
detach,48,44
joined,48,46
extrusion,48,23
computable,48,46
suckers,48,29
blend,48,48
amr,48,24
entrance,48,35
parent,48,35
intermittently,48,46
dependability,48,31
recognise,48,46
thereof,48,48
cpus,48,45
lifts,48,45
accumulates,48,47
advocate,48,48
arrange,48,46
low-friction,48,41
levenberg-marquardt,48,48
fragility,48,45
assuring,48,47
hash,48,37
afforded,48,47
braided,48,36
sawyer,48,40
staying,48,47
existed,48,47
germany,48,46
chemicals,48,46
bezier,48,38
semi-global,48,42
shortcoming,48,48
coast,48,37
mammals,48,44
mid,48,38
cohesive,48,40
steam,48,29
predominant,48,47
rose,48,15
gene,48,31
caster,48,40
dome,48,26
nose,48,32
deploys,48,47
opponents,48,33
zero-sum,48,41
prms,48,35
inexperienced,48,45
suppliers,48,28
rectified,48,43
yeast,48,34
aps,48,26
auto,48,41
inter-frame,48,45
elicit,48,46
regularities,48,36
questionnaires,48,42
robonaut,48,30
foliage,48,37
foods,48,33
fmri,48,22
noting,48,48
tablet,48,37
multi-rate,48,29
cogging,48,25
incentive,48,29
tapered,48,30
porous,48,34
naturalness,48,37
market-based,48,37
permanent-magnet,48,46
quaternion-based,48,40
dilated,48,39
aspiration,48,30
suspensions,48,36
laminar,48,28
claws,48,28
cart-pole,48,42
recruited,48,48
gaming,48,41
marker-based,48,42
legible,48,32
irrigation,48,24
individualized,48,38
enabler,48,48
burdens,48,44
counterfactual,48,34
multiphysics,48,36
captioning,48,27
millimeter-wave,48,42
ade,48,26
generalist,48,39
editor,47,30
revision,47,35
thicknesses,47,43
obtainable,47,46
non-deterministic,47,37
subclass,47,42
assured,47,47
preshaping,47,32
issued,47,45
preclude,47,47
unmodified,47,44
dexterously,47,47
exception,47,43
recommend,47,44
undetected,47,44
one-link,47,39
video-based,47,41
damp,47,44
integrals,47,45
disturb,47,46
confirmation,47,42
penetrate,47,42
n-dimensional,47,39
finely,47,47
discs,47,36
unexpectedly,47,45
broadband,47,40
quasi,47,37
incompletely,47,27
memories,47,43
model-driven,47,44
energy-optimal,47,32
inflexible,47,47
titan,47,30
nomad,47,42
aqueous,47,44
attacked,47,37
penalizing,47,46
inhomogeneous,47,41
monotonically,47,41
airport,47,36
bags,47,35
laparoscopy,47,32
component-based,47,37
characterisation,47,35
linear-quadratic,47,42
excavators,47,33
semi-automatic,47,41
unloaded,47,44
doctor,47,30
pre-programmed,47,44
speedups,47,45
thrown,47,42
preliminarily,47,45
waveforms,47,34
statistic,47,42
approximator,47,36
micro-assembly,47,36
absorbing,47,43
malfunction,47,42
shield,47,38
ankles,47,38
near-infrared,47,42
microparts,47,25
poly,47,39
airports,47,44
paralysis,47,33
civilian,47,45
hard-to-reach,47,45
in-field,47,37
paralyzed,47,39
mts,47,21
eol,47,13
skid,47,33
biaxial,47,35
interruptions,47,35
deviates,47,46
skid-steered,47,31
crashes,47,40
alleviated,47,45
spectroscopy,47,37
herding,47,24
protected,47,39
incidents,47,37
somatosensory,47,32
stealthy,47,26
provider,47,29
fdd,47,17
ioc,47,22
artistic,47,35
peas,47,23
best-performing,47,45
timestep,47,40
raven,47,36
task-driven,47,35
harvesters,47,31
self-developed,47,47
blf,47,28
motility,47,27
per-pixel,47,40
metaheuristic,47,37
hydrogels,47,33
wheeled-legged,47,35
wasserstein,47,33
wi-fi,47,28
mfl,47,8
discarded,46,46
additions,46,40
facets,46,39
contrasts,46,46
energies,46,42
nasa's,46,42
occupational,46,40
single-output,46,41
tardiness,46,31
integrators,46,43
compliances,46,31
five-fingered,46,42
photovoltaic,46,36
maximum-likelihood,46,41
fastening,46,33
laplace,46,39
flexible-link,46,37
bandwidths,46,44
afford,46,45
obeying,46,46
output-feedback,46,31
two-port,46,32
anns,46,33
microgrippers,46,27
clothoid,46,25
bifurcations,46,38
negatives,46,38
higher-dimensional,46,44
two-dof,46,39
poe,46,26
innate,46,42
transitional,46,37
summation,46,45
fulfil,46,46
sponge,46,25
tires,46,39
unavailability,46,45
sealing,46,38
multi-state,46,45
dispensing,46,25
joint-level,46,42
disruptive,46,44
splits,46,42
mle,46,35
activates,46,45
incorrectly,46,45
ordinal,46,30
finger's,46,38
notice,46,45
self-collisions,46,43
neuro-fuzzy,46,34
geographically,46,41
closes,46,46
sawing,46,17
spring-mass,46,36
biofeedback,46,21
small-size,46,43
emitted,46,42
korea,46,37
collaborations,46,44
chemistry,46,39
minimalist,46,45
differentiator,46,37
refresh,46,25
suits,46,40
cache,46,20
reef,46,27
wooden,46,37
deposited,46,40
skid-steer,46,26
kullback-leibler,46,46
turbulence,46,38
flock,46,29
welfare,46,39
homographies,46,31
semi,46,42
influential,46,33
legal,46,33
air-ground,46,29
anthropomorphism,46,28
ode,46,37
pressurization,46,41
rbpf,46,32
cadaver,46,41
reliant,46,46
localizability,46,28
vision-aided,46,39
cages,46,31
crafted,46,46
approach's,46,46
complicating,46,46
peer,46,39
darkness,46,38
epm,46,18
metadata,46,31
transformative,46,41
beetle,46,26
snapping,46,27
recipe,46,34
flower,46,21
fabric-based,46,32
wbc,46,23
lidar-only,46,37
bee,46,26
mde,46,16
tcn,46,25
mode-dependent,46,33
pts,46,16
mrow,46,9
amb,46,20
wastewater,46,23
capacitor,45,38
moderately,45,44
routinely,45,45
referenced,45,43
problem-solving,45,37
junctions,45,34
rounds,45,31
overconstrained,45,34
computed-torque,45,35
single-input,45,41
hurdle,45,44
mass-spring,45,37
lqg,45,33
chamfer,45,36
lyapunov's,45,45
attachments,45,39
neural-network,45,41
configuration-space,45,40
pavement,45,30
esm,45,14
openings,45,38
mean-square,45,38
depicted,45,44
subsumption,45,41
chaos,45,31
originality,45,45
faithfully,45,44
seeing,45,45
loader,45,32
subdivision,45,40
detachable,45,38
environment's,45,42
objectively,45,42
perception-action,45,37
stimulated,45,42
acrobot,45,29
compounded,45,45
pre-grasp,45,31
heuristic-based,45,43
generalise,45,40
restores,45,43
selections,45,44
ceilings,45,38
niti,45,25
four-wheeled,45,44
informs,45,43
adheres,45,41
bumps,45,37
museum,45,34
computer-assisted,45,43
grading,45,17
suites,45,41
ghz,45,41
wheel-terrain,45,39
neural-network-based,45,41
visco-elastic,45,29
skating,45,18
bug,45,26
squatting,45,36
biotechnology,45,43
over-actuated,45,32
shortened,45,42
resin,45,36
remanufacturing,45,24
restored,45,41
leader-following,45,38
locomoting,45,43
residency,45,28
historically,45,44
microobjects,45,29
non-flat,45,34
originated,45,44
undergraduate,45,33
galloping,45,31
unlabelled,45,36
confident,45,43
panorama,45,27
adversaries,45,38
dorsiflexion,45,33
cohesion,45,36
encouraged,45,45
arch,45,23
mri-compatible,45,31
electroadhesion,45,25
high-dynamic,45,38
surprise,45,27
communicative,45,37
trans,45,33
societal,45,41
dep,45,18
quadrocopter,45,27
bot,45,30
hdr,45,23
high-rate,45,39
wearability,45,39
avm,45,17
headset,45,36
surfel,45,25
mid-air,45,33
compounding,45,40
curiosity,45,32
dcnn,45,20
auto-encoder,45,37
in-context,45,36
practitioners-the,45,45
constituting,44,43
stock,44,29
diminish,44,43
astronaut,44,26
multitasking,44,34
flowing,44,37
payoff,44,29
europe,44,41
productive,44,42
facts,44,44
begun,44,43
bump,44,33
discretely,44,37
asymptotical,44,43
coordinate-free,44,41
sixteen,44,40
n-dof,44,28
ram,44,37
ultra,44,42
rack,44,32
unresolved,44,43
taxels,44,28
mitsubishi,44,37
gently,44,43
correlating,44,44
hamilton-jacobi,44,44
spc,44,19
caterpillar,44,32
bootstrapping,44,40
duplicate,44,34
societies,44,35
human-scale,44,38
dictated,44,43
evasive,44,34
excessively,44,43
position-dependent,44,35
sensible,44,43
dissipated,44,38
bldc,44,22
rubbing,44,27
unfavorable,44,43
encapsulates,44,44
outdated,44,36
multiclass,44,34
multi-functional,44,41
gesture-based,44,35
crawlers,44,30
min-max,44,33
annular,44,30
beside,44,43
occupation,44,36
lossless,44,33
human-to-robot,44,38
icpf,44,22
drum,44,27
range-based,44,34
chairs,44,37
pressed,44,41
hand-over,44,20
acceptability,44,40
diaphragm,44,31
california,44,43
mahalanobis,44,37
playback,44,30
dispersed,44,39
nanorobot,44,20
alternates,44,44
tours,44,30
chest,44,38
kaist,44,39
markets,44,34
optimising,44,43
telesurgery,44,33
legacy,44,34
micropump,44,12
soils,44,32
thorax,44,33
infant,44,24
view-based,44,29
invasiveness,44,37
sub-optimality,44,40
non-linearity,44,42
young's,44,38
momentum-based,44,40
preconditions,44,35
disposable,44,38
arteries,44,33
fluent,44,40
latching,44,28
ghost,44,24
off-board,44,42
orthotic,44,34
motion-capture,44,44
occupy,44,44
peer-to-peer,44,40
msr,44,23
bluetooth,44,34
competitors,44,42
via-points,44,25
nylon,44,43
inextensible,44,42
compromises,44,43
flagella,44,23
unnatural,44,44
mrta,44,20
boats,44,33
collaborators,44,40
hog,44,32
esd,44,15
ttc,44,17
cater,44,44
gpu-accelerated,44,41
empowering,44,44
ica,44,20
usbl,44,18
afd,44,6
state-of-the-arts,44,43
autoencoders,44,40
rrt-connect,44,30
training-free,44,35
legibility,44,25
rebalancing,44,20
ferrofluid,44,19
encodings,44,32
graspnet,44,40
rgb-based,44,36
hallucination,44,25
nerf-based,44,34
meticulously,44,44
ots,44,11
minimising,43,42
pallets,43,26
argued,43,41
denote,43,41
computer-controlled,43,43
tile,43,30
naively,43,43
bracing,43,26
routed,43,38
rcc,43,21
pulsed,43,34
breakage,43,30
optically,43,41
enjoys,43,43
non-adaptive,43,40
rearrange,43,41
clarifies,43,43
promptly,43,43
load-carrying,43,37
characterise,43,39
supplying,43,41
nonplanar,43,38
evoked,43,34
hits,43,39
map-building,43,38
planet,43,37
embody,43,42
tessellation,43,34
reversibility,43,36
eps,43,18
unification,43,38
verifications,43,43
malfunctions,43,36
tap,43,32
pinpoint,43,40
opposition,43,31
endeavor,43,43
planets,43,43
mac,43,16
freedoms,43,38
snapshot,43,34
post-impact,43,25
ran,43,38
tsm,43,18
intervene,43,41
tentacles,43,32
long-duration,43,43
slides,43,42
inclines,43,35
preventive,43,40
centering,43,32
cockroach,43,25
force-displacement,43,35
profound,43,43
won,43,41
wasted,43,38
abstracting,43,42
breakthroughs,43,43
unfeasible,43,41
melting,43,40
particle-based,43,36
world's,43,43
overactuated,43,29
staircases,43,33
eyeball,43,27
governs,43,42
lean,43,34
retractable,43,34
rtk,43,40
leaping,43,29
standardization,43,40
strengthening,43,40
watching,43,40
sends,43,39
mere,43,43
superelastic,43,37
spikes,43,30
circumvents,43,43
life-sized,43,35
handwriting,43,31
nondestructive,43,40
mud,43,25
braille,43,22
originates,43,43
airspeed,43,31
reacts,43,43
self-occlusion,43,38
clinics,43,27
exclude,43,41
pvc,43,21
ultraviolet,43,40
proficient,43,41
high-cost,43,38
hyq,43,33
non-repetitive,43,32
complementing,43,43
risk-sensitive,43,30
superpixels,43,27
coman,43,35
steelmaking,43,19
halbach,43,31
app,43,32
fragmented,43,36
episode,43,35
welcome,43,42
aerial-aquatic,43,25
beamforming,43,28
object-specific,43,39
unpaired,43,31
hindsight,43,30
instance-aware,43,30
morph,43,35
fostering,43,43
tpu,43,30
dom,43,20
fogros,43,6
ems,43,16
cal,43,26
byzantine,43,11
topographic,42,29
servoed,42,37
sink,42,31
shops,42,33
elsewhere,42,41
gripped,42,38
oblique,42,35
conformity,42,31
isolating,42,41
closeness,42,36
electrorheological,42,32
np-complete,42,41
stepwise,42,38
graceful,42,32
mandatory,42,42
power-to-weight,42,41
orin,42,38
vehicle-manipulator,42,36
buffering,42,27
breakdowns,42,33
pcr,42,23
automates,42,42
asc,42,13
trapezoidal,42,34
enumerate,42,39
accepting,42,38
drivetrain,42,27
female,42,38
tpn,42,12
restitution,42,32
microcontrollers,42,40
consumers,42,35
certification,42,30
bellman,42,40
textural,42,36
hose,42,22
inc,42,39
morse,42,25
heated,42,35
incompatible,42,42
centrally,42,40
five-link,42,37
haptically,42,37
extremum,42,25
dissimilarity,42,37
tough,42,41
energetics,42,35
death,42,41
deliveries,42,30
implantable,42,31
discern,42,41
shocks,42,40
manners,42,40
permanently,42,40
charts,42,33
motion-based,42,39
rural,42,37
composable,42,33
velocity-based,42,36
sdr,42,19
roadside,42,24
italy,42,39
rainy,42,28
robot-robot,42,35
self-powered,42,34
performant,42,41
deficits,42,37
mpm,42,18
traversals,42,39
hemisphere,42,27
sloshing,42,19
orthoses,42,32
surf,42,32
redistribution,42,39
wsn,42,25
well-being,42,39
vicon,42,42
prandtl-ishlinskii,42,39
diminished,42,39
powertrain,42,28
convoy,42,17
primal-dual,42,37
occupants,42,25
unlock,42,41
gelatin,42,35
contradiction,42,41
micro-aerial,42,41
compressors,42,24
mocap,42,22
sentence,42,28
counterbalance,42,19
colorectal,42,34
blurry,42,30
hexarotor,42,29
iit,42,34
softhand,42,29
imagine,42,37
energy-aware,42,35
groundtruth,42,39
denial,42,36
non-differentiable,42,40
weeding,42,20
metric-semantic,42,24
single-task,42,30
long-tail,42,27
rigid-soft,42,28
mamba,42,27
cyberattacks,42,26
pagination,42,42
recognizer,41,27
memorized,41,28
alters,41,41
symbolically,41,41
dominates,41,41
widths,41,39
pointwise,41,34
concatenated,41,40
fifth,41,40
executive,41,32
latencies,41,37
inter-vehicle,41,36
implying,41,39
graph-theoretic,41,34
indeterminate,41,34
documented,41,41
angled,41,30
orthogonally,41,40
simplicial,41,26
feeds,41,40
jacobi,41,38
crude,41,27
interlocking,41,30
non-line-of-sight,41,40
torque-based,41,33
ceramic,41,35
invoking,41,41
sustaining,41,37
quicker,41,40
invertible,41,38
mms,41,21
imager,41,28
end-user,41,38
soundness,41,37
clarity,41,39
sandy,41,34
contacted,41,38
sharpness,41,34
adapter,41,31
line-based,41,35
shrink,41,40
bonded,41,36
dot,41,30
reconfigurations,41,36
copies,41,36
washing,41,28
single-image,41,33
improper,41,40
emergencies,41,32
shoes,41,27
motor's,41,38
alterations,41,40
lubrication,41,25
utmost,41,41
shipping,41,34
documents,41,39
stereo-vision,41,38
coaching,41,20
pupil,41,18
exemplify,41,40
benthic,41,34
stereo-based,41,37
impedance-based,41,39
ants,41,36
rails,41,30
footpads,41,22
time-sensitive,41,38
admission,41,19
bowel,41,23
standing-up,41,16
semi-definite,41,36
bite,41,22
acquisitions,41,32
ejection,41,28
fabs,41,27
mer,41,21
accumulative,41,37
hexapedal,41,38
heater,41,24
flutist,41,16
rls,41,31
usb,41,32
telemetry,41,35
rrt-based,41,35
inverter,41,29
motile,41,28
two-segment,41,38
ipm,41,25
asimo,41,35
multi-user,41,29
digestive,41,31
multimodality,41,38
mse,41,38
distractors,41,34
hyperspectral,41,20
gmr,41,26
low-texture,41,34
cannulation,41,29
feedback-based,41,38
heteroscedastic,41,36
co-occurrence,41,38
chose,41,40
ids,41,30
csp,41,24
parameter-varying,41,36
shannon,41,26
parse,41,36
microchannels,41,30
streets,41,37
multi-floor,41,25
cadence,41,21
reception,41,34
conversations,41,35
keyframe-based,41,35
claw,41,22
mock,41,38
crowdsourcing,41,30
gnns,41,29
gmms,41,29
allegro,41,39
sos,41,26
sweet,41,23
risk-averse,41,28
seq,41,19
multicopters,41,29
sanding,41,13
bistability,41,29
guidewires,41,33
deblurring,41,18
aoa,41,16
formats,40,38
relocating,40,39
deteriorating,40,38
luminance,40,26
serial-link,40,36
traced,40,38
computerized,40,36
workcells,40,35
examinations,40,36
dolphin,40,17
unrelated,40,36
hill,40,32
certified,40,35
one-dof,40,35
workplace,40,36
requisite,40,40
denavit-hartenberg,40,40
resides,40,40
ribbon,40,19
odd,40,25
crew,40,29
predicate,40,29
diode,40,40
gearing,40,31
unambiguous,40,39
tetrahedral,40,33
orthogonality,40,33
collinear,40,28
extremal,40,25
euler-bernoulli,40,34
concert,40,40
propositions,40,33
kinematics-based,40,33
metrical,40,29
complying,40,39
understandable,40,39
grabbing,40,34
hints,40,38
six-degrees-of-freedom,40,39
time-scale,40,33
surround,40,34
rtx,40,37
ecology,40,26
excitations,40,34
tool-use,40,22
ntu,40,26
variable-length,40,30
parcel,40,19
piping,40,19
ripples,40,25
phalanx,40,32
armature,40,18
freezing,40,32
bats,40,27
augmentations,40,32
covert,40,19
disposal,40,38
non-static,40,29
gauss,40,34
asteroid,40,21
zeroing,40,34
carotid,40,27
softer,40,36
nurses,40,24
microtools,40,24
jets,40,35
toys,40,32
medium-sized,40,38
bvp,40,19
zero-moment,40,40
pillars,40,35
garage,40,35
coffee,40,31
resource-limited,40,39
noteworthy,40,38
platooning,40,27
penalize,40,38
neighbouring,40,34
irreversible,40,35
multibeam,40,31
wearers,40,27
eccentricity,40,25
justin,40,32
robot-to-robot,40,33
mrr,40,14
fbgs,40,26
co-optimization,40,27
lithium-ion,40,27
part-based,40,25
paretic,40,25
scissor,40,27
close-range,40,34
shunt,40,19
bronchoscope,40,20
timestamps,40,35
ablations,40,39
memory-efficient,40,38
curated,40,36
flipper,40,16
introductory,40,38
promps,40,18
dart,40,20
electroadhesive,40,23
mecanum,40,21
frees,40,23
frontend,40,34
interaction-aware,40,32
yolo,40,35
cpt,40,12
bioprinting,40,12
multi-area,40,18
crossings,39,31
readout,39,33
terminate,39,36
unanticipated,39,37
contrasting,39,39
thrusts,39,36
floating-point,39,34
increments,39,35
cms,39,23
nonlinearly,39,36
clamps,39,32
imaginary,39,28
unrestricted,39,37
stiction,39,27
disassembling,39,35
gratings,39,38
framing,39,36
calibrates,39,37
pegs,39,33
plural,39,30
high-stiffness,39,33
shrinking,39,39
four-degree-of-freedom,39,39
spontaneously,39,37
nice,39,39
compiled,39,39
faithful,39,39
contingent,39,33
referential,39,24
tunneling,39,23
dependable,39,36
registers,39,38
exhaustively,39,39
mediated,39,36
gathers,39,39
decision-makers,39,37
equalization,39,14
two-degrees-of-freedom,39,38
identifiability,39,26
pusher,39,23
semi-automated,39,35
corrosion,39,31
borders,39,30
contention,39,25
destroy,39,38
drs,39,16
spool,39,23
plenty,39,39
circumventing,39,39
trait,39,32
maker,39,36
non-linearities,39,33
scm,39,26
likewise,39,39
joysticks,39,37
tempo,39,20
microfabrication,39,39
enriches,39,39
dead-zone,39,20
dice,39,32
pathologies,39,33
use-case,39,38
transcription,39,33
immersed,39,37
interactivity,39,33
june,39,37
instruct,39,38
wide-range,39,31
dgps,39,24
synchronizes,39,39
irregularity,39,31
shape-changing,39,31
exclusive,39,39
lowered,39,38
low-bandwidth,39,39
helper,39,22
scan-matching,39,32
quotient,39,24
mosaics,39,30
commit,39,25
cots,39,21
graft,39,22
algorithmically,39,38
bsp,39,18
convincing,39,35
mood,39,16
peristalsis,39,30
career,39,38
low-profile,39,36
atmosphere,39,35
biologists,39,36
revolutionized,39,39
single-shot,39,35
loop-closing,39,30
fetal,39,13
bidding,39,25
tions,39,39
breeding,39,20
ecg,39,19
classroom,39,29
nmms,39,8
energy-efficiency,39,33
pharmaceutical,39,38
off-axis,39,29
quasi-passive,39,30
electrothermal,39,24
veins,39,25
roa,39,15
manta,39,15
axially,39,38
winter,39,35
submission,39,39
incompleteness,39,36
sourced,39,37
alike,39,39
syringe,39,34
sclera,39,19
soh,39,11
authentication,39,17
squat,39,22
initializations,39,31
u-shaped,39,30
timesteps,39,33
degeneration,39,37
quadrotor's,39,30
exemplar,39,34
initializing,39,39
non-local,39,28
transtibial,39,25
rethink,39,39
decoders,39,32
table-top,39,37
corruptions,39,22
multi-domain,39,32
metamaterials,39,27
auxetic,39,20
keypoint-based,39,35
on-policy,39,32
firefighting,39,31
interviews,39,34
nsga-ii,39,27
pointnet,39,30
tdpa,39,15
informing,39,38
vision-and-language,39,32
stein,39,25
vic,39,15
certifiably,39,25
vrp,39,23
cplex,39,22
wwtp,39,9
invoked,38,38
parameterizing,38,38
semiautonomous,38,36
reviewing,38,38
conception,38,37
reflectors,38,22
programming-based,38,37
lists,38,33
microseconds,38,36
rotation-invariant,38,28
homogeneity,38,36
certainly,38,38
eleven,38,38
in-parallel,38,30
constructions,38,32
sunlight,38,34
installations,38,37
interdependence,38,32
rovs,38,27
mass-spring-damper,38,37
semi-active,38,29
batching,38,20
end-effector's,38,35
blends,38,35
dual-robot,38,26
plot,38,34
disappear,38,36
tau,38,16
exceptionally,38,38
retrieves,38,38
nodal,38,35
reserve,38,35
embodies,38,38
satisfiability,38,37
hypergraph,38,17
floorplan,38,14
utilised,38,38
blindly,38,37
uncoupled,38,35
copes,38,36
recreate,38,35
shortages,38,38
dish,38,33
suffice,38,37
trades,38,37
charges,38,34
handing,38,31
synaptic,38,27
impression,38,33
bespoke,38,36
esc,38,20
benefited,38,37
biodiversity,38,26
microsystems,38,32
magnetostrictive,38,20
comfortably,38,38
hook,38,29
lugre,38,29
projectile,38,27
radios,38,27
gearboxes,38,33
quasi-steady,38,31
stakeholders,38,34
stair-climbing,38,22
pronking,38,25
two-part,38,38
skeletons,38,37
dive,38,35
lite,38,30
attractors,38,32
scaffolds,38,25
microorganisms,38,22
hall-effect,38,32
originate,38,37
brain-machine,38,33
health-care,38,24
everything,38,37
exposing,38,38
spotting,38,20
human-guided,38,23
wheel-soil,38,23
hand-designed,38,38
adaboost,38,32
worms,38,23
listening,38,31
rft,38,18
birth,38,23
extractors,38,33
hemiplegic,38,28
chances,38,37
single-cell,38,26
trainees,38,31
searcher,38,18
wheel-leg,38,25
mpc-based,38,35
thoracic,38,29
bodily,38,25
dtw,38,27
mannequin,38,29
lda,38,23
competitively,38,38
bees,38,29
mfc,38,18
demonstrators,38,33
compresses,38,38
distraction,38,21
fork,38,26
task-aware,38,25
favored,38,36
myriad,38,37
pddl,38,29
electroencephalogram,38,38
microparticle,38,21
mhe,38,15
set-membership,38,21
clearpath,38,38
raspberry,38,34
in-person,38,28
gans,38,33
contact-implicit,38,30
ilqr,38,29
e-commerce,38,30
endeavors,38,38
resiliency,38,36
multiobject,38,25
sailing,38,17
pseudo-label,38,27
e-skin,38,13
pdt,38,16
nussbaum,38,25
aero-engine,38,16
impeded,37,35
useless,37,37
task's,37,36
wrist-mounted,37,34
time-delays,37,27
multi-degree,37,29
computer-based,37,35
conforms,37,36
task-dependent,37,34
conjugate,37,33
comments,37,32
fundamentals,37,37
government,37,36
non-optimal,37,32
sub-pixel,37,33
ai-based,37,29
freespace,37,19
naval,37,30
look-up,37,32
keyboard,37,34
tunes,37,36
multijoint,37,34
repairs,37,33
magic,37,22
mammalian,37,35
paying,37,35
inserts,37,34
inactive,37,32
maxima,37,30
zeros,37,23
resets,37,26
joint's,37,33
animated,37,35
appeal,37,37
ore,37,23
resonances,37,27
stimulating,37,33
crisp,37,23
parallelizable,37,36
stratified,37,30
fft,37,31
accelerator,37,27
crossed,37,33
spider,37,22
cords,37,30
feature-level,37,33
control-theoretic,37,36
schools,37,31
tremendously,37,36
lifecycle,37,33
rigid-flexible,37,31
configuring,37,37
inherited,37,37
vineyard,37,21
kick,37,29
forceful,37,29
tolerable,37,32
inclinations,37,36
tls,37,21
intravascular,37,28
forklift,37,22
tool-tip,37,27
enjoy,37,37
enlarges,37,37
immobilizing,37,28
gun,37,24
wedge,37,21
microfabricated,37,36
deck,37,24
well-trained,37,35
misaligned,37,35
ladar,37,24
stainless,37,31
inapplicable,37,37
envelopes,37,26
coronary,37,33
low-energy,37,34
jacobian-based,37,35
micromachined,37,33
polystyrene,37,30
high-pressure,37,34
micromotor,37,21
template-based,37,31
unintentional,37,32
clinic,37,32
bathymetry,37,27
add-on,37,30
vertebrae,37,27
noise-free,37,34
aged,37,31
interoperability,37,31
golf,37,23
hampers,37,37
marionette,37,12
posit,37,37
skillfully,37,35
island,37,34
bird's-eye,37,36
extraordinary,37,37
replenishment,37,26
free-flight,37,31
anatomically,37,37
robot-human,37,34
fishes,37,31
iekf,37,26
whegs,37,17
initiatives,37,31
handshake,37,19
collectives,37,23
attentions,37,34
colregs,37,18
prediction-based,37,27
ducted,37,23
teamwork,37,28
ssm,37,25
maximising,37,35
mcs,37,15
meantime,37,37
anxiety,37,17
lakes,37,30
circulation,37,33
pisa,37,33
exoskeleton's,37,34
tip-over,37,22
acrobatic,37,31
rmis,37,20
vibrator,37,18
expressivity,37,27
mitral,37,16
co-manipulation,37,29
filming,37,17
superpixel,37,21
swapping,37,30
entanglement,37,27
bls,37,16
recruitment,37,22
two-player,37,36
defender,37,20
plugged,37,34
ligaments,37,31
depth-based,37,36
human-object,37,28
language-driven,37,25
in-place,37,32
footpad,37,17
yumi,37,34
regression-based,37,34
fluency,37,29
esdf,37,24
double-layer,37,31
targetless,37,30
fallback,37,30
cvae,37,23
gnc,37,22
sod,37,11
gnss-denied,37,31
reach-avoid,37,18
occlusion-aware,37,30
lce,37,12
dss,37,15
quality-related,37,12
islanded,37,21
unacceptable,36,36
reinforcing,36,35
inverting,36,35
primal,36,30
preassigned,36,25
grips,36,25
histories,36,32
queuing,36,29
cabin,36,22
lan,36,30
defocus,36,22
statement,36,34
schemas,36,20
two-machine,36,21
multilegged,36,27
sdfs,36,27
servomechanism,36,25
maneuvered,36,35
re-grasping,36,28
uncovered,36,35
specialization,36,34
state-estimation,36,30
lagrange's,36,32
origins,36,33
valued,36,32
expansions,36,32
york,36,33
singulation,36,24
vapor,36,31
plasma,36,20
redefined,36,34
resistors,36,32
occasional,36,36
deflected,36,29
enclosure,36,29
attenuated,36,34
preprocessed,36,36
parametrically,36,36
cor,36,15
snapshots,36,34
enlarging,36,36
convention,36,32
surplus,36,26
relocate,36,32
preloading,36,21
tca,36,18
postprocessing,36,29
imminent,36,35
repetitions,36,33
adjoint,36,24
truncation,36,29
throat,36,24
synergetic,36,30
motivations,36,34
longstanding,36,36
diverge,36,36
von,36,29
thin-film,36,29
skip,36,33
formalizes,36,36
conquer,36,34
digitization,36,26
encapsulating,36,36
fsms,36,13
specialised,36,33
beds,36,31
dragon,36,24
farther,36,34
insufficiently,36,35
fallen,36,30
calligraphy,36,15
symbiotic,36,28
spare,36,19
float,36,29
geodesics,36,23
limbless,36,18
leaning,36,32
micro-positioning,36,22
century,36,32
midair,36,29
humanitarian,36,32
condensation,36,21
imagination,36,27
footprints,36,29
recipes,36,25
elicited,36,31
voids,36,26
hausdorff,36,33
language-based,36,33
robot-centric,36,30
harbor,36,33
conservatively,36,35
exposes,36,36
phones,36,34
ego-centric,36,32
hair,36,21
complies,36,36
books,36,30
wingspan,36,35
cortical,36,29
bevel-tip,36,28
fires,36,24
multi-hop,36,27
extrapolated,36,33
dancing,36,27
omitted,36,36
kidnapped,36,35
fixed-lag,36,25
hunting,36,24
self-excited,36,22
bicycles,36,29
conduit,36,24
finite-horizon,36,31
overconfident,36,34
non-euclidean,36,33
terramechanics,36,31
bottles,36,30
anonymous,36,29
flattening,36,23
silent,36,31
radio-frequency,36,35
flap,36,24
topometric,36,19
nanoparticle,36,26
workforce,36,29
ads,36,16
human-populated,36,34
magneto-rheological,36,30
orb,36,32
isp,36,9
nanowire,36,20
riser,36,12
offload,36,30
excluded,36,35
downwash,36,22
elevate,36,36
reversibly,36,35
husky,36,30
regularize,36,36
dagger,36,23
jigsaws,36,30
reformulating,36,36
rgb-t,36,15
densification,36,28
preintegrated,36,24
vins-mono,36,24
strawberries,36,18
goal-reaching,36,33
subretinal,36,15
har,36,16
equivariance,36,26
multi-fidelity,36,17
radar-inertial,36,28
last-mile,36,29
texts,36,21
cross-scale,36,26
mllms,36,18
encrypted,36,16
robotpsilas,36,30
mapd,36,8
bumpless,36,9
optionally,35,35
fourth-order,35,32
polyvinylidene,35,35
fluoride,35,35
decisional,35,30
one's,35,32
byproduct,35,33
purposely,35,35
oxide,35,30
queues,35,20
lumped-parameter,35,33
broadening,35,35
corporation,35,35
magazine,35,25
battery-powered,35,31
flaws,35,31
palletizing,35,19
acoustical,35,21
series-parallel,35,24
hinged,35,28
grey,35,24
annual,35,32
three-level,35,30
remote-controlled,35,34
force-guided,35,28
pfc,35,13
well-behaved,35,30
inherit,35,35
shape-memory,35,28
generalizations,35,32
discounted,35,31
valley,35,27
strikes,35,35
alteration,35,33
rover's,35,26
unpowered,35,33
poincare,35,28
impair,35,34
impeding,35,35
obscured,35,35
multiple-input,35,34
cmm,35,24
identically,35,35
neglects,35,35
san,35,30
quantifiable,35,34
aggressively,35,34
reversed,35,31
single-layer,35,31
elephant,35,31
ameliorate,35,35
unsuccessful,35,35
sub-systems,35,30
deficient,35,30
volatile,35,23
micro-object,35,23
pod,35,19
interrelated,35,29
warm,35,31
bay,35,28
rrr,35,29
conveyance,35,20
perception-based,35,31
trajectory-based,35,35
diamond,35,22
spring-like,35,28
summarizing,35,33
start-up,35,30
deictic,35,22
sit,35,27
reversing,35,32
undertake,35,35
cilia,35,13
blast,35,21
cerebellar,35,26
non-visual,35,27
sleep,35,17
macroscale,35,33
habitats,35,29
fibre,35,23
dwa,35,20
honda,35,35
penalizes,35,34
don't,35,34
till,35,35
resistor,35,32
tubing,35,23
disconnection,35,29
launching,35,32
third-person,35,26
diffraction,35,24
micromechanical,35,33
stewart-gough,35,32
confront,35,34
canceling,35,31
gravel,35,32
compressibility,35,29
team's,35,34
triangulated,35,35
schedulability,35,16
single-objective,35,31
biceps,35,33
bws,35,11
apples,35,18
knotting,35,14
follow-up,35,35
mountain,35,24
time-independent,35,31
foil,35,23
season,35,32
curricula,35,24
vehicle-to-vehicle,35,30
registrations,35,28
blockage,35,30
strengthens,35,35
gust,35,24
corn,35,22
disentangle,35,34
decent,35,35
codebook,35,24
disengagement,35,18
verifiable,35,31
geo-localization,35,19
nanorobotics,35,23
premature,35,33
interleaving,35,34
coarse-grained,35,33
simulant,35,26
atlanta,35,15
gases,35,28
side-by-side,35,27
self-alignment,35,23
unordered,35,29
supportive,35,24
phd,35,24
liposome,35,10
tde,35,17
mnps,35,9
c-slam,35,15
multi-lidar,35,19
octomap,35,21
scene-level,35,30
flaps,35,22
silver,35,29
suas,35,13
rbfnn,35,22
vitrification,35,5
modelnet,35,29
astrobee,35,20
jacquard,35,26
terrain-aware,35,31
psnr,35,28
uav-based,35,30
tomato,35,19
vision-language-action,35,33
adeptly,35,35
appointment,35,11
strict-feedback,35,25
msss,35,3
programmers,34,32
quadtree,34,25
aesthetic,34,24
utah,34,28
multiarm,34,26
commonplace,34,34
piloting,34,29
accomplishments,34,34
multiplication,34,29
decentralization,34,29
joint-angle,34,25
claimed,34,34
occupies,34,34
ample,34,33
three-layer,34,31
etching,34,32
srs,34,17
silhouettes,34,23
triplets,34,24
implied,34,32
pragmatic,34,32
modulo,34,32
inexact,34,32
uncomfortable,34,34
multiple-output,34,32
lyapunov-like,34,32
sculptured,34,19
fairness,34,19
exponentials,34,30
hallway,34,27
autofocusing,34,20
fictitious,34,29
telescoping,34,26
circumferential,34,32
rfs,34,18
step-size,34,21
fixes,34,31
accommodated,34,33
extrapolate,34,34
refinements,34,33
canadian,34,32
odour,34,14
unnecessarily,34,34
rim,34,23
flc,34,18
edit,34,30
gvg,34,12
tightness,34,25
logics,34,29
manufacturability,34,30
dual-loop,34,24
pathology,34,21
prs,34,17
detaching,34,28
dielectrophoretic,34,25
fetching,34,28
lookahead,34,28
outlet,34,25
aboard,34,32
retracting,34,31
stylus,34,20
robot-object,34,31
icps,34,8
dess,34,21
absorbs,34,33
asphalt,34,30
jammed,34,27
quiet,34,29
rigs,34,32
mission-critical,34,32
time-stepping,34,20
conducive,34,34
three-step,34,33
sick,34,31
reallocation,34,28
tem,34,23
meso-scale,34,25
catalytic,34,26
long-time,34,32
shortest-path,34,32
ramps,34,26
freehand,34,23
palsy,34,29
no-slip,34,27
microchip,34,19
universally,34,34
artefacts,34,28
blended,34,27
socp,34,18
winches,34,23
ncs,34,13
frs,34,12
full-sized,34,34
weaken,34,32
beats,34,21
packs,34,25
muscle-tendon,34,23
one-time,34,33
insertable,34,18
unmeasured,34,29
rudder,34,21
flagellar,34,14
multi-core,34,30
spoke,34,15
waterproof,34,26
leader's,34,28
pretension,34,28
hemiplegia,34,20
lava,34,21
inclusions,34,25
needle-tissue,34,24
hrl,34,22
willow,34,31
bots,34,11
frame-work,34,34
metering,34,19
high-force,34,30
chasing,34,21
photogrammetry,34,24
pcle,34,10
license,34,32
soft-robotic,34,26
moisture,34,25
under-explored,34,34
low-fidelity,34,23
bathing,34,15
gru,34,28
loam,34,22
correntropy,34,17
anti-disturbance,34,25
heatmap,34,26
encirclement,34,16
bi-copter,34,11
fdias,34,9
cybathlon,34,24
on-going,33,33
ibm,33,28
subgraph,33,29
clay,33,24
acknowledged,33,33
warehousing,33,30
mowing,33,24
unplanned,33,29
minimax,33,23
ccr,33,7
appropriateness,33,27
three-degrees-of-freedom,33,33
tensors,33,26
disambiguation,33,27
bench-top,33,32
blob,33,26
rapidity,33,31
curling,33,18
axisymmetric,33,28
exceptions,33,25
two-view,33,28
machine's,33,24
vfh,33,12
inhibit,33,33
pruned,33,32
hallways,33,31
doorways,33,31
feedrate,33,14
digits,33,25
underway,33,30
range-finder,33,29
analyzer,33,27
gibbs,33,30
rejects,33,31
initiates,33,33
localizer,33,28
washington,33,32
femoral,33,22
sequenced,33,31
vergence,33,20
worker's,33,20
zurich,33,32
simplex,33,24
neighbourhood,33,31
co-contraction,33,24
saccadic,33,21
scissors,33,22
unpredictably,33,32
runner,33,21
ets-vii,33,19
in-air,33,24
sheds,33,33
multi-point,33,25
ves,33,15
transports,33,31
interruption,33,32
mono,33,28
imitated,33,31
reorienting,33,29
commercialization,33,30
subgroup,33,26
quest,33,32
straightforwardly,33,33
scored,33,29
backhoe,33,11
set-valued,33,25
uuvs,33,22
balloons,33,21
unimorph,33,23
australia,33,32
insightful,33,33
rangefinders,33,32
polytopic,33,26
hind,33,26
shaper,33,13
cas,33,18
dough,33,16
reshape,33,32
cantilevers,33,29
revise,33,31
sweeps,33,29
fatal,33,33
circumference,33,29
electrochemical,33,26
hand-drawn,33,20
drinking,33,25
auction-based,33,32
rebound,33,25
oht,33,7
delicately,33,33
auctions,33,18
context-dependent,33,29
congruent,33,23
submarine,33,22
crc,33,11
saddle,33,27
intra,33,33
preparing,33,31
college,33,33
arterial,33,25
peduncle,33,14
endodontic,33,6
biomaterials,33,17
semicircular,33,22
mpcc,33,16
cons,33,32
fault-free,33,21
unpredicted,33,30
multisection,33,18
commercialized,33,33
inkjet,33,25
sorted,33,30
single-leg,33,31
eda,33,9
epc,33,10
trifocal,33,22
vehicle-mounted,33,32
heel-strike,33,24
intriguing,33,33
nanomaterials,33,18
mineral,33,29
pla,33,26
unassisted,33,30
pronation,33,26
georeferenced,33,25
biodegradable,33,22
utterance,33,23
multi-person,33,23
weigh,33,33
icr,33,19
insulation,33,26
rotary-wing,33,29
cross-coupled,33,22
flips,33,25
concentric-tube,33,24
tremors,33,18
pointclouds,33,27
subway,33,17
higher-quality,33,33
in-wheel,33,28
grocery,33,24
regresses,33,32
vitreoretinal,33,28
hyper-parameters,33,26
uhf,33,18
endomicroscopy,33,19
crease,33,24
asp,33,13
sojourn,33,17
control-affine,33,28
depots,33,21
affordability,33,30
capturability,33,20
normalizing,33,27
shape-shifting,33,23
jaco,33,28
complex-shaped,33,27
high-altitude,33,27
sgd,33,14
filtering-based,33,28
ontologies,33,23
easy-to-implement,33,30
turn-taking,33,14
pre-collected,33,31
oversight,33,32
approximators,33,30
shape-morphing,33,24
iov,33,6
broadens,33,33
det,33,13
cross-embodiment,33,21
cmfg,33,7
aavs,33,19
individual's,32,31
clipping,32,23
readiness,32,31
jointed,32,22
suppose,32,31
roadway,32,28
phased,32,28
painted,32,28
concentrating,32,32
sidewalks,32,28
apriori,32,31
paved,32,31
obstacle-crossing,32,23
hal,32,17
drawings,32,30
relieving,32,31
bypasses,32,32
network-induced,32,23
millisecond,32,31
interpreter,32,25
extender,32,19
trinocular,32,22
multicamera,32,21
ssa,32,15
fore,32,28
minkowski,32,23
interdependencies,32,31
photolithography,32,29
monopod,32,26
flown,32,32
invented,32,30
meal,32,17
trays,32,15
fma,32,10
creeping,32,15
uniaxial,32,31
apo,32,13
divide-and-conquer,32,32
momenta,32,23
configuration-dependent,32,23
back-drivability,32,31
transporter,32,18
case-based,32,24
ball's,32,23
pre-planned,32,30
canyons,32,29
msec,32,24
climbs,32,31
locators,32,20
conserve,32,32
doorway,32,24
ears,32,22
convection,32,24
snakeboard,32,16
characterised,32,32
precursor,32,29
clamped,32,28
gcs,32,16
anyone,32,32
mother,32,20
prescribe,32,30
pcc,32,19
carriage,32,22
sport,32,30
indicative,32,31
checker,32,28
realised,32,31
rearranged,32,30
pmp,32,16
re-plan,32,30
bedridden,32,22
mic,32,11
self-stabilizing,32,21
non-singular,32,28
confine,32,28
august,32,31
tread,32,25
multisegment,32,26
uml,32,20
displace,32,30
dangers,32,30
lips,32,23
tendon-actuated,32,29
capitalize,32,31
idc,32,12
siphons,32,21
parked,32,27
archaeological,32,20
diagnosed,32,28
avatars,32,24
fortunately,32,32
thing,32,28
misleading,32,32
zigzag,32,30
hips,32,26
willingness,32,21
ring-shaped,32,28
ses,32,12
entangled,32,27
cell-based,32,21
non-learning,32,25
renderings,32,30
toroidal,32,20
literatures,32,32
distractions,32,26
poking,32,19
entropy-based,32,30
bare,32,28
arguably,32,32
gecko,32,25
cockroaches,32,28
volcanic,32,22
harvard,32,32
pros,32,32
vpp,32,12
nanomanufacturing,32,18
towed,32,19
displaced,32,31
elegantly,32,31
micro-nano,32,20
cadaveric,32,21
uncooperative,32,21
multi-model,32,25
endeffector,32,26
star-shaped,32,19
click,32,25
motorcycle,32,17
hotspots,32,22
scaffolding,32,20
spring-based,32,30
toe-off,32,25
branched,32,22
coiling,32,24
microspheres,32,23
disregarding,32,32
reagent,32,11
workplaces,32,28
sub-maps,32,19
unintuitive,32,31
outage,32,19
dual-motor,32,17
mtb,32,10
robot-to-human,32,28
pdw,32,9
pair-wise,32,29
re-training,32,30
tracking-by-detection,32,29
airspace,32,22
neurorehabilitation,32,26
predecessor,32,30
epidemic,32,15
tear,32,31
knee-ankle,32,26
point-clouds,32,24
ipp,32,16
use-cases,32,30
hungarian,32,26
multi-armed,32,30
hexacopter,32,29
chicken,32,27
bleeding,32,22
dual-layer,32,28
pediatric,32,22
headway,32,16
dsc,32,21
wrinkles,32,19
caregiving,32,13
elongate,32,28
dnn-based,32,28
regressing,32,31
resource-intensive,32,32
lstm-based,32,31
tinyurl,32,32
perspective-n-point,32,32
surround-view,32,24
s-eye,32,30
swab,32,12
in-distribution,32,24
ignition,32,18
meta-rl,32,13
psm,32,15
scn,32,8
quantizer,32,20
publishes,32,31
reviewers,32,17
overloading,31,23
racks,31,19
shading,31,22
skin-like,31,26
upper-level,31,23
four-dimensional,31,29
shortens,31,31
french,31,31
octrees,31,27
mrac,31,18
ada,31,17
occlude,31,31
lawn,31,28
underconstrained,31,29
d-h,31,15
recurrence,31,29
doubling,31,28
trigonometric,31,29
subpixel,31,27
immunity,31,27
discipline,31,29
benign,31,28
tell,31,30
disassemble,31,28
tree-structured,31,27
dcs,31,13
face-to-face,31,24
nonideal,31,27
epsilon,31,15
ptp,31,17
capitalizes,31,31
high-degree-of-freedom,31,30
matters,31,31
corroborated,31,31
absorbed,31,29
dempster-shafer,31,27
contiguous,31,26
ess,31,13
telescope,31,22
force-sensitive,31,25
inelastic,31,24
encapsulation,31,28
coincide,31,31
distinctiveness,31,29
resemblance,31,30
laminate,31,25
mss,31,15
datum,31,20
serial-chain,31,25
parkinson's,31,26
leadership,31,23
complexes,31,20
dilation,31,19
opinions,31,26
labour,31,27
mockup,31,28
leg's,31,28
symmetrically,31,31
fulcrum,31,17
erratic,31,29
smas,31,25
olfactory,31,21
fish-eye,31,22
pools,31,23
burst,31,26
flange,31,25
manoeuvrability,31,27
neighbour,31,25
heightened,31,31
impending,31,29
elevators,31,24
abruptly,31,29
task-priority,31,28
vote,31,28
kits,31,16
win,31,30
proton,31,11
replans,31,29
sfc,31,13
slowing,31,31
structure's,31,29
longevity,31,28
pendulums,31,28
cueing,31,18
desk,31,30
bricks,31,23
visual-servoing,31,27
articulations,31,27
sales,31,19
categorizing,31,31
priority-based,31,21
equips,31,31
upgraded,31,30
attacking,31,20
polarized,31,25
pan-tilt-zoom,31,27
packaged,31,30
micro-manipulation,31,22
maze-like,31,29
commonly-used,31,31
acted,31,30
undulations,31,22
timestamp,31,20
nurse,31,18
initiating,31,30
asm,31,12
logging,31,28
ever-changing,31,31
reverberation,31,23
discharging,31,27
bidirectionally,31,30
initialisation,31,24
self-generated,31,29
profits,31,19
earthworm,31,22
commitment,31,27
fluoroscopic,31,24
empowered,31,31
minlp,31,17
acuity,31,21
tenth,31,26
detached,31,28
rois,31,21
exhaust,31,25
canvas,31,16
microhand,31,15
secured,31,28
optimistic,31,28
posteriors,31,26
kkt,31,25
toes,31,27
polyethylene,31,26
supervising,31,31
favors,31,27
non-constant,31,27
inputting,31,31
throws,31,28
restart,31,19
policy's,31,30
afo,31,15
pbvs,31,20
nav,31,18
chunks,31,19
steer-by-wire,31,26
magnetotactic,31,17
mat,31,18
seated,31,25
barometric,31,24
human-made,31,30
high-performing,31,30
one-class,31,17
qualification,31,18
spasticity,31,19
warped,31,28
sta,31,20
photography,31,28
near-zero,31,26
sns,31,15
seqslam,31,21
single-port,31,23
motor-side,31,19
bronchoscopy,31,21
intubation,31,13
guest,31,29
lower-body,31,23
image-level,31,28
brain-inspired,31,30
s-shaped,31,26
grfs,31,17
humanrobot,31,31
rts,31,11
collaborator,31,28
flare,31,11
solo,31,28
mcrs,31,11
hotspot,31,27
weakly-supervised,31,24
surfels,31,19
mitochondria,31,5
hololens,31,26
volitional,31,19
airsim,31,26
depot,31,23
graduated,31,27
dehazing,31,10
unsignalized,31,18
odes,31,22
mrmp,31,13
maxillary,31,12
safety-aware,31,25
nuplan,31,24
intricacies,31,31
pinn,31,20
bearingless,31,15
wwtps,31,5
psr,30,17
phrases,30,27
conductor,30,23
illuminated,30,30
malfunctioning,30,21
pipelined,30,24
entrapment,30,23
panning,30,22
camera-equipped,30,29
invoke,30,28
disassembled,30,28
sharply,30,29
digitized,30,27
ancillary,30,21
misclassification,30,28
turntable,30,25
algebraically,30,28
insensitivity,30,29
physically-based,30,29
newton's,30,28
hyperplane,30,20
thirty,30,30
photographs,30,22
best-first,30,29
jig,30,14
job-shop,30,23
specialists,30,27
amid,30,29
timescale,30,20
push-pull,30,25
hamilton's,30,28
cardinality,30,26
bioengineering,30,29
repaired,30,26
latch,30,21
fasteners,30,21
res,30,13
cleaner,30,27
sorts,30,28
lti,30,28
rectangles,30,22
repulsion,30,30
dual-channel,30,22
clockwise,30,25
windings,30,24
synchrony,30,26
fail-safe,30,23
laminated,30,24
attenuating,30,29
arisen,30,30
caught,30,30
distributively,30,28
submanifolds,30,15
maintainability,30,25
towers,30,24
experimentations,30,30
robot-mounted,30,23
surely,30,26
environment-specific,30,30
nurbs,30,20
symbiosis,30,26
browser,30,28
oscillate,30,29
soldering,30,16
procurement,30,12
logically,30,28
sintering,30,20
tool's,30,25
mes,30,13
real-valued,30,27
pls,30,14
september,30,29
deadbeat,30,24
discrete-continuous,30,24
trusses,30,15
just-in-time,30,21
universality,30,27
recurring,30,28
tone,30,22
emit,30,29
dictates,30,29
descend,30,29
cct,30,15
ets,30,13
ces,30,11
inter-module,30,26
aircrafts,30,25
hockey,30,20
hereafter,30,26
dribbling,30,16
shrinkage,30,24
mosaicking,30,18
ocular,30,20
hand-coded,30,29
nasal,30,17
odv,30,9
sas,30,16
curving,30,23
emitters,30,24
prerequisites,30,29
deterministically,30,28
purposeful,30,30
evolutions,30,27
noticeably,30,30
dual-axis,30,25
hoap,30,30
facto,30,30
interdependent,30,30
cochlear,30,19
gestural,30,22
lcp,30,20
psi,30,16
hardening,30,18
stamping,30,15
strut,30,17
aneurysm,30,18
partially-observable,30,28
consecutively,30,29
paramagnetic,30,21
fim,30,18
compressible,30,27
balancer,30,13
plumes,30,21
ism,30,18
stamp,30,16
nir,30,22
enriching,30,29
groove,30,21
service-oriented,30,23
multilateral,30,21
novices,30,23
elevations,30,24
precurved,30,21
prp,30,11
mds,30,14
esophagus,30,25
coined,30,30
level-ground,30,22
e-puck,30,25
tennessee,30,28
towel,30,20
chomp,30,19
large-size,30,22
earthquakes,30,28
nozzles,30,18
pdr,30,12
flagellum,30,17
physiotherapy,30,20
stitch,30,21
reverberant,30,20
competency,30,23
fwmavs,30,18
refrigerator,30,16
software-in-the-loop,30,28
cmg,30,11
slab,30,15
caps,30,22
on-robot,30,23
microspine,30,15
hide,30,28
fovs,30,21
secret,30,14
tele-impedance,30,13
gaiting,30,22
voxelization,30,24
octree-based,30,24
proportions,30,27
sparser,30,29
blueprint,30,26
ray-tracing,30,23
cubature,30,18
transluminal,30,28
cost-efficient,30,28
eas,30,10
drogue,30,8
frequency-based,30,24
articulating,30,25
imagenet,30,27
mpf,30,12
qcr,30,9
trusted,30,25
polyps,30,17
q-function,30,23
openstreetmap,30,24
origami-based,30,26
mcr,30,15
auc,30,24
microswimmer,30,15
tailsitter,30,14
pop,30,12
amod,30,10
uninformative,30,28
official,30,30
diminishes,30,30
data-efficiency,30,28
low-drift,30,28
class-agnostic,30,26
grape,30,18
one-stage,30,23
safeguard,30,26
gail,30,14
strawberry,30,18
knapsack,30,20
socially-aware,30,18
multi-spectral,30,18
uni-freiburg,30,30
soleus,30,18
mixed-reality,30,23
covariate,30,23
mcpp,30,10
jackal,30,29
delves,30,30
affirm,30,29
lissajous,30,17
cpr,30,9
tmp,30,10
warranty,30,2
wealth,29,29
automobiles,29,29
subnetwork,29,16
interrupt,29,28
rcs,29,18
consolidated,29,27
universities,29,26
homogenous,29,29
cited,29,29
entail,29,29
programmability,29,27
midpoint,29,23
interferometer,29,22
fences,29,21
suffices,29,29
implication,29,29
january,29,27
marginally,29,29
bonds,29,21
bright,29,29
accompany,29,27
nyu,29,28
commutation,29,16
five-degree-of-freedom,29,29
two-armed,29,27
manipulable,29,28
habits,29,24
counteracting,29,28
impedance-controlled,29,21
slit,29,19
subnets,29,19
abandoned,29,23
cliques,29,20
spill,29,18
purposive,29,26
intermediary,29,26
agreed,29,29
robocentric,29,17
intercepting,29,26
paste,29,16
illuminate,29,26
unlocked,29,21
three-wheeled,29,25
flapper,29,16
axles,29,27
rupture,29,22
forwards,29,26
sarcos,29,28
radically,29,27
lambda,29,11
sub-problem,29,25
deteriorated,29,28
antennae,29,17
pontryagin's,29,29
visuo-motor,29,23
evidences,29,24
toppling,29,23
fpgas,29,22
solvability,29,28
les,29,17
resume,29,29
l-shaped,29,21
modem,29,25
woven,29,22
delineate,29,29
story,29,21
dam,29,19
interrobot,29,25
behaviour-based,29,18
module's,29,29
historic,29,25
preemptive,29,23
biomechanically,29,29
graspless,29,14
self-organize,29,28
plagued,29,29
excursion,29,27
interleaves,29,29
hoses,29,27
relays,29,21
breadth,29,28
famous,29,28
dirty,29,25
appended,29,27
rest-to-rest,29,27
non-negative,29,24
fishing,29,21
oculomotor,29,16
got,29,28
collides,29,29
classically,29,29
chi,29,27
non-minimum,29,24
micropart,29,13
developer,29,26
senior,29,25
hci,29,17
arduous,29,29
in-phase,29,17
congruence,29,20
normative,29,21
non-iterative,29,24
gabor,29,22
circumnavigation,29,17
ammonia,29,9
lungs,29,28
auto-tuning,29,23
sps,29,17
false-positive,29,25
uub,29,25
clue,29,24
flame,29,12
barely,29,29
cliff,29,20
amplifying,29,25
restrain,29,29
dijkstra,29,20
b-mode,29,23
back-propagation,29,23
healing,29,19
extraneous,29,23
destruction,29,26
herd,29,20
dragonfly,29,16
rnnpb,29,15
owns,29,27
psa,29,12
vortices,29,19
softening,29,23
survivability,29,24
cabinets,29,24
emg-based,29,24
dsr,29,10
inconvenient,29,29
rag,29,21
attend,29,29
bid,29,23
cornering,29,26
geo-referenced,29,25
minimum-energy,29,19
plugin,29,25
quadrics,29,15
bcis,29,19
frustum,29,24
puzzle,29,24
fans,29,19
sutures,29,23
intractability,29,29
amplifies,29,29
lesser,29,28
softmax,29,24
goodness,29,24
dual-user,29,18
effortlessly,29,29
geolocation,29,15
sugar,29,23
compounds,29,26
hand-tuned,29,27
upto,29,25
submucosal,29,26
inflating,29,28
meta-heuristic,29,23
high-dimensionality,29,27
burrowing,29,16
correct-by-construction,29,28
mechanistic,29,23
harnessed,29,29
mag,29,7
violates,29,29
seismic,29,15
helmholtz,29,26
clot,29,16
uav-ugv,29,16
objectness,29,21
planning-based,29,29
human-swarm,29,19
slows,29,29
toro,29,27
tee,29,9
eta,29,13
esp,29,13
reformulates,29,29
fmt,29,15
inspiring,29,29
openly,29,28
rgb-only,29,26
regularizer,29,22
dji,29,27
sum-of-squares,29,26
kernelized,29,24
high-load,29,23
short-horizon,29,27
filaments,29,23
sailboat,29,12
perforation,29,20
doc,29,10
osm,29,14
ripeness,29,13
taxi,29,17
netvlad,29,27
real-to-sim,29,20
scs,29,16
xavier,29,26
frac,29,15
virus,29,25
mall,29,23
cbf-based,29,25
certifiable,29,21
re-ranking,29,13
postoperative,29,23
sbw,29,10
mantis,29,10
cmc,29,8
nitrogen,29,23
adr,29,13
anfis,29,14
sandwich,28,18
microprocessors,28,23
well-structured,28,28
recast,28,26
in-process,28,24
nucleus,28,18
supplier,28,22
inertias,28,27
asymmetries,28,25
contrasted,28,28
cml,28,11
substituted,28,22
affixed,28,26
hurdles,28,28
votes,28,22
conditionally,28,26
submitted,28,27
hoist,28,18
sufficiency,28,22
reactors,28,21
nothing,28,28
carnegie,28,26
mellon,28,26
detailing,28,28
vertebral,28,17
makers,28,24
thinning,28,18
synthesizer,28,18
categorizes,28,28
equals,28,28
bingham,28,18
depicting,28,28
downloaded,28,28
pneumatics,28,28
multifinger,28,26
customizing,28,27
pc-based,28,24
uncluttered,28,24
reducers,28,21
cursor,28,21
noncollocated,28,19
undersea,28,26
ranger,28,23
relocated,28,25
manipulandum,28,21
pcbs,28,15
obstructing,28,26
sees,28,28
single-camera,28,24
directionality,28,24
msc,28,21
painful,28,24
overshoots,28,25
conformability,28,20
multiple-robot,28,20
masters,28,22
calling,28,24
segregation,28,19
shots,28,19
multiplicity,28,25
periphery,28,22
nonhomogeneous,28,25
fat,28,22
pma,28,15
manifests,28,27
runway,28,17
contracted,28,24
dump,28,17
attracts,28,28
pendubot,28,17
waals,28,25
facet,28,24
tipover,28,10
pcm,28,12
recognising,28,26
landscapes,28,26
coexisting,28,26
rests,28,28
familiarity,28,23
visualisation,28,25
systemic,28,26
anastomosis,28,16
pigs,28,12
centripetal,28,23
sparseness,28,26
enclose,28,26
wavelengths,28,26
sub-goal,28,20
eel-like,28,22
reprogramming,28,26
molded,28,26
aggressiveness,28,23
univariate,28,23
micromotors,28,14
electromagnetically,28,24
bernstein,28,23
complimentary,28,27
respected,28,27
handed,28,27
elbows,28,22
unfolded,28,28
one-sided,28,22
rolled,28,20
stairways,28,14
trips,28,21
equipments,28,27
pkms,28,17
self-stabilization,28,20
dfc,28,10
tie,28,23
residents,28,16
solar-powered,28,21
arctic,28,19
wired,28,26
non-periodic,28,18
k-nn,28,22
specifics,28,28
molds,28,25
interrupted,28,25
entirety,28,28
mimicked,28,28
microbead,28,15
ages,28,28
mr-compatible,28,21
urgently,28,28
locks,28,26
paraplegic,28,22
stealth,28,24
purposefully,28,27
nims,28,10
rabbit,28,28
multi-backbone,28,16
worm-like,28,18
dbn,28,10
greedily,28,28
zooming,28,19
fully-isotropic,28,8
boring,28,12
submanifold,28,24
esn,28,11
nanotechnology,28,26
publish,28,28
drawbar,28,12
aco,28,13
ekf-slam,28,20
acm,28,10
strongest,28,28
information-gathering,28,21
clustering-based,28,25
non-homogeneous,28,23
vestibular,28,18
households,28,26
orifices,28,25
fringe,28,21
third-party,28,23
supination,28,25
eases,28,28
rescuers,28,22
multi-beam,28,19
bike,28,17
inter-class,28,24
in-vehicle,28,21
tac,28,11
dpc,28,10
data-association,28,23
microspines,28,18
discriminability,28,22
malls,28,28
limit-cycle,28,20
practicing,28,28
stylet,28,14
knob,28,18
pollination,28,15
cross-platform,28,25
self-weight,28,28
scan-to-map,28,24
threading,28,21
knowledgeable,28,26
turbid,28,22
fronts,28,25
cdf,28,10
pedaling,28,17
srp,28,7
namo,28,17
puck,28,18
voxelized,28,26
biotac,28,16
multi-label,28,19
mpp,28,9
uncommon,28,28
layer-by-layer,28,25
energy-constrained,28,23
quartz,28,20
nls,28,12
mobility-on-demand,28,26
transcatheter,28,15
tensioning,28,17
per-frame,28,26
femoris,28,22
spea,28,9
low-altitude,28,26
regularisation,28,17
bilayer,28,18
human-annotated,28,24
rmpc,28,9
infected,28,20
trustworthiness,28,27
frame-by-frame,28,25
runtimes,28,28
iterates,28,24
object-aware,28,21
two-stream,28,27
city-scale,28,23
orchestration,28,23
fmg,28,11
coco,28,24
state-of-theart,28,28
wildfire,28,17
realsense,28,24
tube-based,28,16
defect-free,28,17
drone's,28,27
meta-reinforcement,28,22
ast,28,14
inekf,28,11
tsc,28,9
eop,28,6
chatgpt,28,15
wildlife,28,23
sgp,28,11
disentangling,28,17
hpe,28,9
algorithm-based,28,28
eid,28,11
habituation,28,11
ecs,28,11
nonmagnetic,28,21
nonaffine,28,14
scltopla,28,14
quav,28,6
ress,28,10
syntax,27,23
multiplexing,27,25
sketched,27,23
microcomputer,27,23
repetitively,27,26
diodes,27,27
epsiv,27,16
multi-loop,27,19
outlining,27,27
butterfly,27,16
cim,27,18
contend,27,26
four-fingered,27,26
sophistication,27,27
johnson,27,27
ips,27,10
dijkstra's,27,23
quadrature,27,21
dictate,27,27
low-volume,27,24
pre-determined,27,26
compensations,27,27
teaches,27,27
single-support,27,17
rice,27,22
sls,27,15
terminology,27,26
torch,27,21
fiber-optic,27,22
engages,27,27
lambertian,27,19
rounded,27,20
parcels,27,20
single-degree-of-freedom,27,27
tooltip,27,12
prescribes,27,26
terminates,27,26
overlaid,27,24
limiter,27,15
downhill,27,25
cmac,27,18
force-tracking,27,21
hsts,27,6
linearizable,27,20
streamlines,27,25
borrowed,27,26
successor,27,20
recalled,27,26
hummingbird,27,18
tokyo,27,26
unattainable,27,27
piano,27,20
potentiometers,27,25
copy,27,25
protects,27,26
answered,27,24
fuzzy-logic,27,23
bears,27,27
state-time,27,12
dig,27,19
remediation,27,23
long-reach,27,23
differentiates,27,27
narrower,27,27
multi-limbed,27,19
epoch,27,20
tractive,27,21
cross-sections,27,23
territory,27,21
foveated,27,21
multipurpose,27,24
large-sized,27,24
atoms,27,18
clarifying,27,25
toyota,27,25
maxwell,27,23
lacked,27,27
csm,27,12
miles,27,23
wishes,27,27
realise,27,26
lane-change,27,17
attaches,27,27
kilogram,27,20
mention,27,27
western,27,26
unobstructed,27,26
heave,27,21
s-curve,27,16
eigenspace,27,15
dlr's,27,25
inaccurately,27,27
animal-like,27,22
qcqp,27,20
airfoil,27,19
interaural,27,18
contradictory,27,26
mechanoreceptors,27,27
troublesome,27,27
two-layered,27,24
mst,27,13
reach-to-grasp,27,15
swing-leg,27,20
elucidated,27,27
ascend,27,25
neighbours,27,25
workshops,27,24
scouts,27,16
unimpaired,27,23
co-simulation,27,17
sensor-less,27,18
directives,27,21
earth's,27,26
dielectrophoresis,27,25
davis,27,18
low-inertia,27,25
discoveries,27,26
pdm,27,11
capstan,27,14
marg,27,11
molten,27,17
flute,27,13
shrimp,27,13
drm,27,11
lfo,27,10
dash,27,14
happening,27,27
rac,27,10
composes,27,27
proportionally,27,27
weaving,27,23
cpg-based,27,23
bio-mimetic,27,22
unreliability,27,23
ratslam,27,16
khepera,27,26
warnings,27,19
attainment,27,24
peroxide,27,19
diagnoser,27,18
lamp,27,19
hamilton,27,27
co-located,27,23
smarter,27,27
bcf,27,13
tpm,27,8
upload,27,24
shape-based,27,26
time-step,27,25
sterilization,27,20
lossy,27,24
svr,27,13
lockable,27,22
sip,27,10
invited,27,26
cartilage,27,15
curl,27,20
threshold-based,27,24
narrowing,27,27
nn-based,27,17
rps,27,13
medication,27,19
constellation,27,24
human-subject,27,27
poi,27,15
dynamically-feasible,27,26
transradial,27,18
modulations,27,20
storytelling,27,13
airways,27,16
first-principles,27,21
fiction,27,27
upgrade,27,25
factorized,27,22
lipm,27,24
nano-scale,27,21
keyhole,27,17
clearer,27,27
single-object,27,23
ecm,27,10
trol,27,24
self-aligning,27,21
catenary,27,22
nanopositioner,27,18
anatomies,27,23
tutor,27,16
rolling-shutter,27,15
within-hand,27,23
ros-based,27,27
mtl,27,11
tiltrotor,27,9
unfold,27,25
crowdsourced,27,17
exo-glove,27,13
heatmaps,27,22
early-stage,27,26
holistically,27,26
tunability,27,22
nms,27,13
theory-based,27,24
flood,27,16
infancy,27,27
rvc,27,9
eskf,27,17
dual-modal,27,20
poststroke,27,20
centauro,27,25
meticulous,27,27
hitl,27,14
stagnation,27,16
unreal,27,24
mpcs,27,19
deceptive,27,14
foresight,27,20
safety-related,27,26
superlimbs,27,5
home-based,27,19
in-home,27,22
point-level,27,24
amrs,27,13
persuasive,27,16
aloha,27,22
tog,27,7
mrc,27,14
manip,27,19
wsns,27,15
news,27,25
isolator,27,12
confrontation,27,11
lpr,27,10
scroll,27,8
eastman,27,25
english,26,20
special-purpose,26,26
digitizing,26,11
arrayed,26,25
newton-raphson,26,24
rudimentary,26,26
time-scaling,26,21
unsolvable,26,24
obviating,26,26
referencing,26,24
work-in-process,26,20
injects,26,25
justification,26,24
planting,26,13
contracts,26,24
sensor-driven,26,21
eva,26,17
hyperplanes,26,21
conventions,26,21
cpn,26,11
newer,26,26
apparently,26,25
nonminimum,26,20
fovea,26,14
came,26,25
foremost,26,26
two-legged,26,25
molecule,26,16
preshape,26,19
single-joint,26,24
force-velocity,26,19
decision-theoretic,26,23
hydraulics,26,24
mathematic,26,23
reservation,26,13
nonadaptive,26,23
settle,26,23
admissibility,26,21
mountainous,26,21
viewer,26,20
scc,26,10
two-loop,26,22
order-of-magnitude,26,25
weakened,26,24
practicable,26,26
solenoids,26,22
jerky,26,23
unload,26,22
requesting,26,25
advisory,26,12
earthworms,26,19
countless,26,26
fighting,26,25
animations,26,22
cams,26,17
depression,26,19
preexisting,26,24
rocket,26,20
mast,26,17
fixed-length,26,24
definiteness,26,22
gazing,26,18
arm-hand,26,18
door-opening,26,18
doe,26,18
conveys,26,26
percentile,26,21
mfs,26,10
adhered,26,24
slaves,26,17
physiologically,26,23
oftentimes,26,26
subregions,26,18
grapple,26,16
cautious,26,25
uphill,26,25
quad,26,18
surrogates,26,21
roof,26,23
client-server,26,22
gsl,26,10
sheep,26,14
swiss,26,25
casts,26,24
life-size,26,20
caged,26,21
hydrothermal,26,17
retractor,26,14
doubly,26,22
looked,26,24
body-fixed,26,24
parallelizing,26,23
propels,26,26
frame-rate,26,24
strives,26,26
non-circular,26,20
absolutely,26,26
microbe,26,11
unobtrusive,26,25
stabilizability,26,13
auto-calibration,26,21
integrative,26,22
power-efficient,26,26
flexion-extension,26,22
telecommunication,26,20
cinematography,26,19
parties,26,24
appliance,26,19
round-trip,26,26
above-knee,26,20
circumstance,26,25
trivially,26,26
color-based,26,21
biorobotic,26,13
q-value,26,19
substances,26,25
conformations,26,10
liftoff,26,23
progressed,26,26
cards,26,18
stabilizers,26,21
trim,26,20
demonstrator's,26,19
polymer-based,26,20
itd,26,15
bpnn,26,14
tasking,26,23
tabu,26,19
microforce,26,17
degradations,26,21
lump,26,14
weakening,26,20
rodent,26,20
walkway,26,11
rtk-gps,26,22
catalyst,26,22
eigendecomposition,26,9
bladders,26,21
hops,26,23
envelop,26,25
migrate,26,23
surmount,26,26
instructional,26,17
precludes,26,26
amorphous,26,21
ecf,26,6
multi-cluster,26,9
adequacy,26,22
auto-regressive,26,21
meta-module,26,10
self-repair,26,21
electroencephalography,26,25
sat,26,19
outages,26,20
polymer-metal,26,25
harris,26,23
referral,26,9
cultivation,26,18
refactoring,26,5
blimps,26,15
pulmonary,26,22
micropipettes,26,19
audible,26,22
dye,26,21
communication-aware,26,20
cdpm,26,8
incompressible,26,25
back-drivable,26,23
mapper,26,20
intracardiac,26,19
roundabout,26,22
ransac-based,26,23
alginate,26,16
photos,26,22
misclassifications,26,22
spain,26,26
flyers,26,25
precomputation,26,21
single-armed,26,15
gradient-free,26,24
data-set,26,19
attending,26,24
fiducials,26,18
webots,26,23
precision-recall,26,24
high-value,26,24
windy,26,23
sag,26,11
skeleton-based,26,22
intensity-based,26,23
class-specific,26,22
path-based,26,15
summarization,26,15
knn,26,22
lab-on-a-chip,26,22
acoustics,26,23
kitchens,26,24
glide,26,17
hand-engineered,26,24
capacitors,26,21
mci,26,13
task-parameterized,26,22
svo,26,13
point-line,26,17
propulsor,26,14
stiffen,26,23
tdc,26,10
wpt,26,11
pas,26,13
managerial,26,26
out-of-the-box,26,26
beetles,26,14
variable-speed,26,20
miqp,26,18
grain,26,14
larva,26,13
hsv,26,16
sequence-to-sequence,26,25
dex-net,26,12
pop-up,26,17
escort,26,11
air-water,26,20
children's,26,17
gp-based,26,20
self-built,26,26
high-confidence,26,22
usd,26,24
msm,26,11
award,26,22
sofa,26,20
aerial-ground,26,17
high-capacity,26,23
curing,26,22
driverless,26,20
confidence-based,26,23
diesel,26,19
ethics,26,20
observables,26,16
discriminators,26,20
ramis,26,16
nonconvexity,26,22
distills,26,26
conferences,26,20
annotators,26,19
farmers,26,23
scale-aware,26,23
contact-aware,26,17
mtsp,26,13
simulation-to-reality,26,24
dms,26,12
koopman-based,26,19
yarn,26,14
on-device,26,18
ensembling,26,16
ftl,26,10
ate,26,25
tir,26,11
model-agnostic,26,25
visual-language,26,23
inception,26,13
in-domain,26,24
renowned,26,26
sot,26,14
dps,26,10
casualty,26,17
svs,26,7
chapter,26,15
hess,26,7
abovementioned,26,26
airtight,26,24
anti-interference,26,26
fishtail,26,11
chiller,26,8
multifunctionality,26,22
flotation,26,7
pascal,25,24
linearizes,25,25
photodiode,25,19
backprojection,25,14
chaining,25,20
subnetworks,25,19
pac,25,14
concisely,25,25
apt,25,22
interconnect,25,25
blackboard,25,19
men,25,19
coincides,25,25
disordered,25,23
nde,25,12
commercially-available,25,23
recourse,25,22
informations,25,23
outward,25,24
compiler,25,20
administration,25,25
redesigning,25,23
specialize,25,23
trailing,25,25
locational,25,21
trouble,25,23
ibid,25,25
force-control,25,23
began,25,25
lee,25,19
lend,25,25
upgrading,25,25
erosion,25,20
abnormality,25,20
large-range,25,22
remainder,25,23
experimenting,25,25
graspability,25,19
iga,25,5
depth-first,25,25
nondimensional,25,21
subgradient,25,19
precondition,25,24
two-channel,25,21
else,25,25
constant-time,25,24
portrait,25,11
kitting,25,14
insufficiency,25,24
ranged,25,24
startup,25,22
tree-like,25,25
anatomic,25,17
goal-driven,25,24
rough-terrain,25,19
gels,25,18
six-bar,25,21
overhanging,25,22
partially-known,25,23
log-polar,25,10
disconnect,25,24
duplication,25,19
canada,25,25
functionals,25,19
immobilized,25,23
low-pressure,25,19
isolates,25,23
lem,25,21
celestial,25,23
decontamination,25,17
non-anthropomorphic,25,19
ultrahigh,25,22
assemblability,25,9
hard-coded,25,23
immobilize,25,20
stm,25,22
cfs,25,15
preferably,25,25
deposit,25,24
step-climbing,25,14
forum,25,23
corba,25,21
brute-force,25,24
crater,25,15
screwdriver,25,15
stabilisation,25,21
alphabet,25,17
lightly,25,24
lasting,25,24
regressors,25,20
multifunction,25,17
cerebellum,25,14
daunting,25,25
seating,25,14
bumper,25,16
short-time,25,22
multivehicle,25,22
graspers,25,20
insect-inspired,25,21
tibia,25,17
mnm,25,18
nickel,25,22
shake,25,25
east,25,17
revolutionary,25,25
micro-gravity,25,21
deflation,25,20
cybernetic,25,15
pit,25,15
non-passive,25,19
dls,25,9
promotion,25,24
countermeasures,25,23
rises,25,24
potentialities,25,25
salesperson,25,21
deviating,25,25
three-legged,25,22
mismatching,25,23
popularly,25,25
continuous-state,25,19
mwnt,25,13
gearshift,25,9
snakelike,25,14
exponent,25,22
bracket,25,21
map-matching,25,20
pda,25,12
disable,25,24
aisles,25,14
y-axis,25,23
asms,25,7
office-like,25,24
pre-recorded,25,22
responsibilities,25,22
fpga-based,25,22
multi-robots,25,18
lately,25,25
lattice-based,25,24
underutilized,25,22
cushion,25,21
vegetables,25,23
fertilization,25,22
toughness,25,18
suspicious,25,20
bi-articular,25,12
geometric-based,25,22
self-selected,25,22
quadriceps,25,18
thermoelectric,25,22
condensed,25,20
roc,25,17
mean-shift,25,18
webcam,25,21
rao,25,25
aliased,25,18
nanostructure,25,10
companions,25,24
don,25,20
bleex,25,9
voices,25,17
erf,25,8
offroad,25,18
pitfalls,25,25
meetings,25,20
profitability,25,24
renderer,25,21
urethane,25,20
depth-independent,25,19
dsm,25,9
reminiscent,25,24
ffp,25,8
outfitted,25,24
conserving,25,24
system-wide,25,20
strider,25,14
approved,25,23
collapsing,25,23
basketball,25,17
mimicry,25,18
atypical,25,18
gvd,25,12
credible,25,23
guarding,25,16
proxemics,25,17
comanipulation,25,21
cuff,25,14
ulnar,25,22
fej,25,12
parents,25,13
ansys,25,23
unparalleled,25,25
catapult,25,12
credibility,25,22
hills,25,22
mrss,25,19
bath,25,14
multi-granularity,25,11
obscure,25,25
learning-from-demonstration,25,25
lumens,25,21
expert's,25,20
fully-supervised,25,23
stimulations,25,18
chunking,25,21
outputting,25,25
tended,25,23
time-to-contact,25,20
mixer,25,18
constant-curvature,25,23
ars,25,13
intraoperatively,25,23
disagreement,25,17
microbial,25,18
deconvolution,25,21
bouc-wen,25,17
asymmetrically,25,24
robobee,25,17
dsa,25,11
oceans,25,24
self-recovery,25,14
pose-based,25,24
movie,25,23
contextually,25,22
co-worker,25,19
ornithopter,25,15
spark,25,13
paraplegia,25,14
refinery,25,14
close-proximity,25,21
no-load,25,20
dyadic,25,15
aruco,25,17
impediment,25,25
next-best,25,23
warm-start,25,20
closed-set,25,22
on-manifold,25,23
diversification,25,22
prb,25,12
cbm,25,10
differentials,25,14
multi-rotors,25,22
rewiring,25,20
pour,25,18
pre-train,25,24
buv,25,6
value-based,25,20
vines,25,20
ventral,25,16
racecar,25,14
vi-slam,25,12
incentives,25,19
stumble,25,9
microneedle,25,11
sparse-reward,25,20
task-irrelevant,25,18
obstacle-aware,25,20
lora,25,18
lmpc,25,13
linemod,25,21
target-based,25,20
adaptiveness,25,22
hyper-parameter,25,20
insulin,25,9
whale,25,11
notched,25,17
cluster-based,25,21
inter-event,25,16
micp,25,11
qps,25,21
mpi,25,11
semantic-aware,25,22
peg-hole,25,16
vqa,25,15
avp,25,11
country,25,21
rlbench,25,21
obstacle-avoiding,25,18
terrain-adaptive,25,21
mllm,25,17
bss,25,10
gaussian-based,25,24
objectnav,25,10
mrpp,25,7
automation's,25,25
skiing,25,6
chapters,25,20
slr,25,7
hasel,25,10
waterways,25,16
hdi,25,6
psc,25,8
tcpf,25,4
aav,25,16
emphasistype,25,18
quarterly,25,25
hypersonic,25,19
insure,24,23
seams,24,17
gray-scale,24,21
opportunistically,24,24
image-processing,24,20
isomorphic,24,24
tolerancing,24,14
airplanes,24,21
router,24,15
tolerated,24,23
earliest,24,24
fifteen,24,24
possessed,24,22
journey,24,23
artist,24,15
formalisms,24,24
fine-tunes,24,24
overheating,24,19
overheads,24,24
cae,24,20
illustrations,24,24
tetrahedron,24,18
progressing,24,24
planing,24,23
nominally,24,21
iconic,24,17
interpolates,24,24
metaheuristics,24,16
imparted,24,24
flaw,24,15
canopies,24,20
stribeck,24,19
curvature-constrained,24,19
upper-bound,24,21
preloaded,24,22
mastering,24,22
skew,24,18
alerts,24,20
circulating,24,19
correlation-based,24,23
dozen,24,24
searchers,24,14
non-collocated,24,17
coulomb's,24,21
agrees,24,24
fellow,24,22
two-handed,24,20
obstacle-filled,24,23
non-minimal,24,16
overwhelming,24,24
dfs,24,12
magnified,24,19
sub-system,24,19
pregrasp,24,14
dap,24,13
transmitters,24,20
odometers,24,19
halt,24,23
wideband,24,18
rho,24,13
impossibility,24,24
crab,24,13
rpr,24,16
neurophysiological,24,22
consolidation,24,19
routings,24,18
lifelike,24,23
servovalve,24,15
broadcasting,24,22
perturb,24,23
palms,24,19
substituting,24,23
body-lengths,24,20
equidistant,24,22
tailoring,24,23
diffeomorphism,24,15
non-intuitive,24,24
formerly,24,23
wraps,24,23
trash,24,20
foot-ground,24,20
manoeuvring,24,20
conscious,24,22
enclosures,24,22
hong,24,22
conveyors,24,21
complication,24,24
buoyant,24,23
lags,24,19
hcs,24,9
revolves,24,24
occasions,24,23
gpc,24,15
allowance,24,14
judging,24,23
reel,24,18
chewing,24,10
non-intrusive,24,20
cholesky,24,19
coolant,24,12
three-point,24,20
near-optimality,24,21
november,24,23
safest,24,21
mel,24,14
torus,24,14
simulative,24,24
initializes,24,24
parametrizations,24,22
strengthened,24,24
carangiform,24,18
transurethral,24,15
submersible,24,20
somersault,24,12
computationally-efficient,24,24
triangulate,24,24
capacitated,24,22
in-line,24,18
detour,24,20
boustrophedon,24,21
overhand,24,21
craters,24,18
suburban,24,23
foresee,24,24
repeats,24,24
gain-scheduled,24,17
cancers,24,21
gallop,24,15
interpersonal,24,21
reservoirs,24,20
ccs,24,12
landmine,24,16
routers,24,14
mems-based,24,18
microelectrodes,24,11
microarray,24,9
platoons,24,17
slm,24,11
nanodevices,24,17
nest,24,12
eog,24,12
camera-only,24,19
geomagnetic,24,10
preclinical,24,23
micro-robotic,24,16
tetherless,24,21
swine,24,24
msd,24,10
moth,24,14
somatic,24,14
mls,24,10
scientifically,24,22
co-workers,24,16
admittance-type,24,18
trafficability,24,10
jeopardize,24,24
stirring,24,19
heterogenous,24,22
destabilize,24,22
aorta,24,19
irs,24,10
graded,24,18
sunny,24,22
distracting,24,22
three-segment,24,19
clocks,24,19
primates,24,22
economics,24,24
dissemination,24,22
apartment,24,24
ultra-low,24,20
est,24,14
cycloidal,24,15
nodules,24,14
unscrewing,24,18
osteotomy,24,8
synergizes,24,24
lion,24,10
fascinating,24,24
target-driven,24,18
phenotypic,24,18
pre-curved,24,21
captions,24,20
information-rich,24,24
locomotors,24,20
cuda,24,23
inchworm-like,24,22
rivers,24,21
ultra-thin,24,14
yale,24,22
interior-point,24,22
ipa,24,15
cabinet,24,20
effortless,24,24
participant's,24,22
ford,24,19
catheter-based,24,22
personalize,24,23
pyriformis,24,6
vps,24,11
binarized,24,21
anguilliform,24,16
irb,24,24
mcmc,24,19
m-long,24,19
three-fold,24,24
human-likeness,24,20
helices,24,16
regrasps,24,19
hamr,24,12
ladders,24,17
firmware,24,22
re-projection,24,23
backstepping-based,24,21
kinodynamically,24,20
mixture-of-experts,24,21
resource-efficient,24,22
dynamometer,24,16
titled,24,23
radical,24,23
lexicographic,24,18
truths,24,22
reuses,24,24
ducts,24,15
low-textured,24,21
nyuv,24,23
reachability-based,24,23
tps,24,11
scouting,24,15
biomedicine,24,24
dso,24,18
procedurally,24,24
mcc,24,11
foon,24,6
memetic,24,15
bdd,24,20
matterport,24,24
incompatibility,24,22
multi-query,24,22
codebase,24,22
needle's,24,20
bolts,24,18
urdf,24,16
agx,24,24
scenario-based,24,20
foggy,24,15
multipoint,24,21
cross-subject,24,15
dual-stream,24,19
unlocks,24,24
cyborg,24,8
ra-slam,24,4
dsg,24,11
cybersecurity,24,19
winged,24,18
nuances,24,20
lane-keeping,24,18
indi,24,14
undermine,24,24
ssim,24,16
dgs-based,24,19
ego-velocity,24,13
adt,24,11
rcp,24,3
cross-layer,24,18
fluid-driven,24,21
roll-to-roll,24,16
malware,24,4
president's,24,24
ons,24,5
inverter-based,24,7
bess,24,6
fine-motion,23,20
multiplications,23,16
minus,23,22
diffeomorphic,23,18
pyramids,23,19
chebyshev,23,19
structured-light,23,21
gauss-seidel,23,18
orbiting,23,19
sonar-based,23,22
dates,23,20
inheritance,23,19
remarks,23,22
flops,23,22
assimilation,23,16
milestones,23,17
matcher,23,21
indications,23,20
obstruct,23,22
declarative,23,22
themes,23,21
burr,23,10
microwave,23,21
singularly,23,15
looping,23,16
ping-pong,23,17
frustration,23,19
chief,23,18
spiders,23,17
conserved,23,19
ffc,23,11
dependant,23,23
ensuing,23,22
ascertained,23,23
space-based,23,19
disappearance,23,23
upwards,23,23
reweighted,23,22
dataglove,23,15
spirals,23,16
persists,23,23
pays,23,22
massless,23,21
ribbons,23,8
coupler,23,16
position-force,23,20
tech,23,20
tentative,23,15
inadvertently,23,23
cats,23,16
prescribing,23,22
part's,23,20
streamlining,23,23
multifaceted,23,23
modularization,23,19
hue,23,18
reconcile,23,23
supervises,23,23
manifested,23,23
lamps,23,17
deaths,23,22
nyquist,23,21
dishes,23,20
phenomenological,23,21
horse,23,14
pyramidal,23,22
differencing,23,21
shoulders,23,16
capitalizing,23,23
american,23,23
non-geometric,23,18
piercing,23,14
adam,23,15
multi-robotic,23,18
atop,23,22
ssd,23,16
disrupted,23,20
longitudinally,23,22
italian,23,19
multi-phase,23,18
hamper,23,23
creativity,23,19
ape,23,14
gymnastic,23,16
chaser,23,17
raman,23,8
indefinitely,23,22
prohibit,23,23
multiple-view,23,16
tool-tissue,23,20
attribution,23,17
decelerate,23,22
presses,23,18
windowed,23,19
calibration-free,23,19
casters,23,18
two-wheel,23,20
sums,23,20
thermodynamic,23,19
david,23,18
federal,23,22
exits,23,22
someone,23,23
tele-manipulation,23,21
self-occlusions,23,23
all-weather,23,19
fifo,23,14
visually-guided,23,22
puncturing,23,20
michigan,23,22
fri,23,8
definitely,23,23
discards,23,23
underlie,23,23
soft-fingered,23,16
over-constrained,23,19
forward-backward,23,21
sensorization,23,20
conro,23,12
distinctly,23,23
single-dof,23,19
anti-swing,23,9
path-finding,23,20
pulsatile,23,18
uncorrelated,23,21
undertakes,23,22
france,23,22
bisection,23,19
in-water,23,20
competencies,23,22
way-points,23,18
expo,23,18
htn,23,14
arrow,23,14
hint,23,21
mill,23,15
quarter,23,20
clever,23,22
rib,23,15
powerline,23,13
hemiparetic,23,14
gateway,23,18
cultured,23,18
pseudo-rigid-body,23,23
treads,23,20
seeding,23,21
succeeding,23,23
sticks,23,22
rocking,23,16
paramecium,23,12
coronal,23,19
back-and-forth,23,19
rider's,23,14
factoring,23,20
pacing,23,17
rfa,23,11
climber,23,12
system-based,23,16
cyclical,23,23
fpc,23,11
well-calibrated,23,23
forested,23,19
acoustically,23,23
taxis,23,18
conformable,23,21
hubo,23,14
lucas-kanade,23,21
injector,23,14
hsr,23,14
blastocyst,23,8
double-pendulum,23,10
intertwined,23,23
irobot,23,23
non-traversable,23,18
articulate,23,22
mal,23,12
metacarpophalangeal,23,23
winner,23,21
reordering,23,17
over-segmentation,23,19
elastica,23,15
eeg-based,23,17
practitioner,23,21
asme,23,21
toggle,23,13
self-adaptation,23,19
rowing,23,15
taxel,23,16
bipolar,23,16
fab-map,23,19
hand-labeled,23,19
pretouch,23,14
step-out,23,13
power-assisted,23,14
patents,23,20
retrained,23,23
barcode,23,9
surface-based,23,21
semi-physical,23,22
matrix-based,23,17
shark,23,10
epaddle,23,10
shanghai,23,18
imu-based,23,20
nss,23,7
single-actuator,23,22
elite,23,19
swivel,23,15
doffing,23,11
collagen,23,10
non-myopic,23,23
affordance-based,23,15
submodularity,23,17
differed,23,21
hfr,23,9
downward-facing,23,23
mined,23,23
life-long,23,19
leaderboard,23,22
c-shaped,23,16
noncyclic,23,12
amputations,23,22
silicone-based,23,19
bronchial,23,13
elm,23,13
auto-encoders,23,15
phrc,23,13
non-monotone,23,13
plenoptic,23,10
facile,23,22
uni-modal,23,18
matching-based,23,21
deployability,23,22
compositionality,23,18
ssvep,23,8
polymerization,23,16
overestimation,23,20
beijing,23,21
homologous,23,12
cslam,23,9
mosquito,23,10
long-short,23,21
penalized,23,18
berries,23,9
mlps,23,18
mad,23,9
openai,23,22
tilt-rotor,23,17
fpv,23,14
multi-branch,23,16
nclt,23,23
work-related,23,22
gibson,23,19
scoop,23,14
oos,23,13
lma,23,10
defensive,23,20
cyclegan,23,17
rainforest,23,8
ctc,23,12
vod,23,15
density-based,23,21
ucy,23,21
pybullet,23,23
disrupting,23,23
millimeter-level,23,22
neuro-symbolic,23,15
comprehending,23,22
blockchain,23,10
crumpled,23,19
slam-based,23,19
eikonal,23,12
nds,23,19
object-goal,23,14
pretrain,23,20
moea,23,9
hybrid-driven,23,14
dinov,23,17
sft,23,10
vln-ce,23,9
shovel,23,11
vdc,23,12
glucose,23,10
electrosense,23,10
lmpa,23,9
microswarms,23,10
dtc,23,10
pcba,23,6
tou,23,8
peer-reviewed,23,23
multicluster,23,6
pairings,22,17
connectedness,22,16
shrinks,22,22
tabular,22,17
abbreviated,22,20
unreasonable,22,22
crushing,22,15
uncompensated,22,20
extrema,22,21
vss,22,9
indexed,22,22
joint-based,22,19
message-passing,22,22
vague,22,21
march,22,22
neuroscientific,22,22
coloured,22,17
excludes,22,20
topographical,22,16
motion-induced,22,17
permutations,22,20
spline-based,22,22
reside,22,20
superquadrics,22,19
heavy-tailed,22,18
receptor,22,17
velocity-dependent,22,20
harmony,22,21
equilateral,22,16
narrowed,22,21
sandwiched,22,22
screens,22,20
skewed,22,16
ported,22,22
redefining,22,22
favourable,22,21
piecewise-linear,22,20
image-space,22,16
four-link,22,18
shop-floor,22,12
differential-algebraic,22,17
stress-strain,22,21
substructure,22,18
nmp,22,7
low-noise,22,22
noticed,22,21
crosses,22,22
trimming,22,16
connectionist,22,15
flyer,22,18
tactual,22,11
light-emitting,22,21
pulsewidth,22,20
polyimide,22,20
slanted,22,15
clothoids,22,19
understands,22,21
ceramics,22,21
limbed,22,17
bandpass,22,17
wise,22,20
usc,22,20
wireframe,22,14
human-operated,22,13
multi-purpose,22,21
taiwan,22,21
overlaying,22,22
layering,22,19
replaceable,22,20
nist,22,20
unaware,22,22
field-programmable,22,22
destroyed,22,21
florida,22,21
stereolithography,22,22
unicycles,22,18
chores,22,21
neuro,22,19
evaluator,22,19
in-orbit,22,16
adjuster,22,15
stairway,22,6
technicians,22,18
quintic,22,20
c-obstacle,22,10
unicycle-like,22,20
sad,22,16
aam,22,9
constant-velocity,22,21
gjk,22,13
dragline,22,11
agonist-antagonist,22,15
bogie,22,10
informal,22,17
logged,22,19
occupying,22,22
quasi-newton,22,19
anymore,22,22
kneed,22,15
passive-dynamic,22,16
cram,22,17
nems,22,17
devises,22,22
odin,22,13
speed-ups,22,21
micro-force,22,12
dimensionally,22,19
map's,22,20
superimposing,22,22
fourteen,22,22
informational,22,21
unskilled,22,17
microworld,22,18
wabian,22,14
phrase,22,15
mate,22,19
interagent,22,20
badly,22,19
cad-guided,22,13
white-box,22,18
lsm,22,8
widen,22,21
fish's,22,19
neuromotor,22,21
mfi,22,13
baby,22,16
outsourcing,22,9
tendencies,22,21
wire-suspended,22,7
multi-threaded,22,20
meso,22,16
hedging,22,6
transponder,22,14
logistical,22,19
entrained,22,18
safeguarding,22,17
smith,22,19
contralateral,22,15
pdfs,22,15
bundled,22,17
mentally,22,22
ptc,22,9
fosters,22,22
aerobot,22,9
basics,22,22
fluid-structure,22,20
behaving,22,21
imitative,22,18
mediums,22,20
provisioning,22,19
shepherding,22,8
pcd,22,8
burdensome,22,22
crutches,22,17
maybe,22,22
insect-sized,22,21
intervenes,22,21
idling,22,17
particularity,22,22
mca,22,10
vor,22,12
agonist,22,20
cropped,22,21
interlayer,22,11
ment,22,20
pws,22,6
phoneme,22,7
speak,22,20
chase,22,15
sex,22,10
matroid,22,15
thermomechanical,22,20
locust,22,11
modems,22,18
dissipate,22,19
electromotive,22,21
vad,22,10
eap,22,12
putative,22,19
tendon-based,22,19
urinary,22,16
absorbers,22,14
seminal,22,22
error-based,22,20
stirred,22,20
drosophila,22,12
non-markovian,22,17
shortly,22,22
lizard,22,17
hiding,22,22
finals,22,21
testify,22,22
wide-baseline,22,17
oceanic,22,22
case-study,22,21
disturbance-rejection,22,16
rdquo,22,21
grit,22,12
at-scale,22,21
unused,22,16
longterm,22,22
needle-based,22,19
sidewalk,22,15
livestock,22,13
caching,22,17
palm-sized,22,21
semi-globally,22,20
pwa,22,9
m-tran,22,12
endure,22,21
teach-and-repeat,22,16
lrfs,22,11
multi-terrain,22,18
robustify,22,21
serviced,22,19
surfacing,22,21
self-assembled,22,16
day-to-day,22,22
gallery,22,16
np-hardness,22,21
panoramas,22,13
repositories,22,21
small-gain,22,19
utilisation,22,21
ultrafast,22,19
poised,22,22
watertight,22,17
amber,22,13
drifters,22,8
specialty,22,12
reputation,22,7
goal-based,22,19
uploaded,22,20
tdms,22,6
pem,22,10
patch-based,22,21
defend,22,19
sensor-equipped,22,19
degenerated,22,22
exiting,22,22
rectus,22,20
cochlea,22,15
marker-less,22,21
gicp,22,17
lane-level,22,11
timescales,22,16
mra,22,12
isms,22,4
coach,22,14
humor,22,10
prob,22,22
discount,22,16
bikebot,22,7
pole-like,22,10
derivative-free,22,20
flowers,22,18
mediolateral,22,17
diseased,22,19
micromirror,22,15
addressable,22,20
afms,22,13
mean-field,22,14
kresling,22,15
governor,22,17
locomotory,22,20
natural-language,22,17
multi-auv,22,10
pursuits,22,22
pid-based,22,17
bio-syncretic,22,5
lidar-imu,22,14
ngsim,22,22
futures,22,20
ready-to-use,22,22
cyclists,22,18
sae,22,14
friend,22,12
peaking,22,16
vtt,22,9
ycb-video,22,21
serverless,22,6
single-mode,22,18
talos,22,19
single-modality,22,20
url,22,20
impact-aware,22,15
fer,22,6
multi-drone,22,17
knock,22,7
rkhs,22,13
superpoint,22,17
qp-based,22,21
wide-ranging,22,20
mulran,22,20
sonographers,22,18
uis,22,8
overlooks,22,22
query-based,22,18
binarization,22,14
frenet,22,20
rams,22,9
image-goal,22,14
low-voltage,22,21
long-tailed,22,16
end-of-life,22,20
mode-switching,22,16
exoskeleton-assisted,22,19
air-liquid,22,8
manipula,22,22
occupant,22,15
hdd,22,14
aes,22,10
everting,22,13
dwell-time,22,17
braiding,22,11
benders,22,17
tcf,22,5
condition-based,22,16
hofa,22,8
fxt,22,5
quavs,22,5
guarded,21,20
pdp,21,10
movers,21,14
pre-learned,21,15
unachievable,21,21
prehension,21,18
deflect,21,21
unequal,21,18
attenuates,21,21
inverse-dynamics,21,21
passageways,21,20
prisms,21,17
raibert,21,17
gspn,21,11
perturbing,21,21
backdrive,21,14
k-d,21,14
undefined,21,17
invariably,21,19
grammars,21,12
rework,21,13
velocity-controlled,21,18
multi-valued,21,18
common-sense,21,19
single-chip,21,17
ruled,21,18
air-bearing,21,18
subroutine,21,21
contour-following,21,15
counterweights,21,17
epoxy,21,16
failsafe,21,16
georgia,21,21
minimises,21,21
four-point,21,15
sloping,21,17
ton,21,20
well-understood,21,21
pontryagin,21,20
titanium,21,17
joint-torque,21,19
force-to-weight,21,20
researcher,21,19
vsc,21,11
sinusoids,21,16
conics,21,13
jerks,21,20
instantiations,21,21
rpe,21,15
cartesian-space,21,18
nonparallel,21,14
substructures,21,17
knowledge-driven,21,15
radiography,21,9
transparently,21,18
urgency,21,17
copis,21,8
reeds,21,12
sss,21,10
wide-area,21,18
isa,21,12
retreat,21,12
docked,21,15
immeasurable,21,20
multiphase,21,20
judicious,21,21
bellow,21,17
cooled,21,18
interiors,21,19
culminating,21,21
elemental,21,18
nonnegative,21,15
z-width,21,14
discriminated,21,21
sacrifices,21,21
delay-free,21,15
by-product,21,21
self-motions,21,16
distracted,21,17
blanket,21,15
brute,21,19
localised,21,19
flutter,21,12
interferometry,21,20
smd,21,11
hgvg,21,5
planarity,21,19
obsolete,21,20
sailboats,21,10
investments,21,18
ultraprecision,21,18
memoryless,21,16
elevating,21,19
telerobots,21,15
confidences,21,20
articular,21,17
reshaped,21,20
insulating,21,18
polarity,21,19
yawing,21,14
breadth-first,21,20
kong,21,19
orthopaedic,21,16
distort,21,20
spends,21,20
adjustability,21,18
re-use,21,21
brachiating,21,15
pendulum-like,21,19
port-based,21,18
inertially,21,20
reinforcements,21,17
wheel-ground,21,13
teacher's,21,15
morphogenesis,21,14
upgrades,21,17
meat,21,13
chattering-free,21,19
contractive,21,17
partner's,21,17
dts,21,12
newest,21,20
football,21,12
messaging,21,18
fcs,21,10
acs,21,12
afferent,21,17
self-adjusting,21,16
spi,21,10
eye-hand,21,13
window-based,21,21
surviving,21,21
carpet,21,19
post-contact,21,16
miscalibration,21,18
emits,21,20
gain-scheduling,21,18
pizza,21,17
interval-based,21,17
decomposition-based,21,16
inheriting,21,19
pulls,21,21
subregion,21,10
depalletizing,21,8
hoisting,21,12
vowels,21,13
hji,21,11
self-assemble,21,19
expenses,21,17
cervical,21,14
pocket,21,16
multi-component,21,16
principally,21,19
researching,21,20
lbl,21,10
ats,21,9
close-up,21,20
attest,21,21
observer's,21,17
saccade,21,15
checkpoints,21,21
anti-windup,21,16
tenfold,21,20
platform-independent,21,17
mph,21,19
ers,21,21
tungsten,21,18
ndfeb,21,15
taguchi,21,16
muscle-driven,21,20
transceiver,21,18
top-view,21,15
switchings,21,16
bolster,21,21
ssr,21,8
microenvironment,21,18
telehead,21,8
agar,21,16
lle,21,9
vehicle-terrain,21,16
earthworm-like,21,13
ltv,21,11
glue,21,17
crystallization,21,9
turtle,21,15
rearrangements,21,16
facilitation,21,20
out-performs,21,21
power-assist,21,12
waterdrops,21,8
eye-gaze,21,15
commission,21,20
pdac,21,10
sph,21,11
multiple-model,21,15
listener,21,13
sediment,21,14
low-impedance,21,19
flagged,21,9
floods,21,11
pmsms,21,10
proxy-based,21,17
campaigns,21,20
time-to-collision,21,19
instrument's,21,20
fingerprints,21,17
cancerous,21,21
kd-tree,21,14
inflate,21,20
cpms,21,8
dip,21,17
happened,21,21
ppy,21,8
subjectively,21,21
ultra-high,21,19
mbs,21,10
task-constrained,21,15
predesigned,21,16
tuna,21,11
blooms,21,14
loosely-coupled,21,17
multi-path,21,19
context-based,21,16
town,21,19
elaborates,21,20
nanometers,21,20
ace,21,11
piezoelectrically,21,18
tricky,21,21
replicas,21,20
shiny,21,16
archive,21,17
bumpy,21,19
strapdown,21,21
helically,21,18
depicts,21,20
step-to-step,21,20
toolchain,21,14
esa,21,17
high-frame-rate,21,15
schunk,21,20
stories,21,19
gps-based,21,19
plugging,21,19
far-field,21,16
knot-tying,21,12
world-centric,21,12
atrial,21,17
t-rrt,21,8
multi-human,21,16
prunes,21,21
payload-to-weight,21,19
quadrocopters,21,17
bolus,21,7
strands,21,13
mfd,21,7
cuboids,21,15
grains,21,15
glenohumeral,21,12
self-right,21,12
ownership,21,15
link-side,21,16
systematical,21,13
evade,21,20
microfluidics,21,18
asymptotically-optimal,21,21
introspective,21,15
velociroach,21,11
cpu-based,21,20
kinectfusion,21,15
customizability,21,20
vfs,21,11
viewpoint-invariant,21,19
consumptions,21,16
multi-instance,21,13
esophageal,21,12
loopy,21,17
vip,21,10
agencies,21,20
audiovisual,21,17
ground-level,21,18
icl,21,10
judgments,21,19
hmis,21,13
drc,21,16
pseudospectral,21,14
unmet,21,21
bof,21,7
vertebra,21,13
contact-force,21,16
kde,21,13
quasi-direct,21,19
sprawling,21,13
microfibers,21,11
accidentally,21,21
non-stationarity,21,19
pre-integration,21,21
rotatable,21,21
visuo-haptic,21,15
crisis,21,21
bowden-cable,21,8
vsm,21,9
tailless,21,14
inter-subject,21,16
topp,21,9
starfish,21,12
synapses,21,15
sail,21,13
metrically,21,19
harmonious,21,18
decodes,21,21
ioct,21,10
pedestrian's,21,17
frm,21,5
adversarially,21,17
ride-sharing,21,9
fluidity,21,19
embracing,21,21
acl,21,11
resistances,21,18
modality-specific,21,20
facade,21,14
nas,21,11
bim,21,11
ris,21,7
struggling,21,21
braid,21,12
underpinning,21,21
apollo,21,20
s-eye-view,21,19
distilling,21,21
fda,21,9
karush-kuhn-tucker,21,20
ipt,21,6
exteroception,21,18
bird's-eye-view,21,21
vehicle-to-everything,21,21
rio,21,14
structure-aware,21,16
bicopter,21,13
untangling,21,9
cker,21,17
waveguides,21,16
rvo,21,11
lifting-wing,21,6
sling,21,8
phase-based,21,17
vbtss,21,9
tor,21,21
tire-road,21,14
osa,21,7
inhabitants,21,8
deferred,21,13
kilobots,21,10
physics-guided,21,16
semisupervised,21,15
co-authors,21,21
energy-intensive,21,15
mathsf,21,4
remora,21,6
coauthors,21,21
graph-search,20,19
television,20,19
triangulating,20,18
ames,20,16
simd,20,15
work-space,20,17
two-joint,20,20
preselected,20,17
mpl,20,7
translator,20,16
single-board,20,19
oak,20,18
phase-locked,20,18
deactivation,20,18
prototype's,20,20
verifier,20,14
carts,20,16
buffered,20,16
view-invariant,20,14
sketching,20,11
teleoperations,20,18
digitally,20,19
multi-degrees,20,20
ripe,20,12
expects,20,20
newtonian,20,20
endogenous,20,16
dissipating,20,18
coin,20,13
elapsed,20,17
controllably,20,18
microsystem,20,18
set-points,20,17
ambler,20,14
uncharted,20,19
edm,20,13
extravehicular,20,16
reserved,20,18
weakens,20,20
animate,20,15
projectors,20,17
brackets,20,18
parameterizes,20,20
hoof,20,5
right-hand,20,19
bounded-error,20,12
obstacle-cluttered,20,20
dominating,20,19
shepp,20,11
experimenter,20,17
ill,20,18
pick-place,20,15
qualify,20,20
blasting,20,12
ssf,20,7
interference-free,20,15
flowshop,20,10
modulator,20,18
cem,20,11
multi-criteria,20,20
skeletonization,20,17
irradiance,20,16
tactics,20,16
siphon,20,16
nonperiodic,20,16
frequency-modulated,20,20
point-contact,20,14
feedback-control,20,16
unitary,20,19
inscribed,20,18
interchange,20,19
premium,20,20
sal,20,6
doubles,20,19
notches,20,12
dots,20,16
finger-tip,20,17
cleared,20,18
sub-controllers,20,13
buckle,20,14
re-entrant,20,10
easing,20,19
schematic,20,17
separability,20,18
mutations,20,12
technician,20,14
single-wheel,20,18
scene's,20,20
exemplars,20,17
judiciously,20,19
tolerating,20,20
fanuc,20,19
dismantling,20,15
paddling,20,16
concatenating,20,20
kriging,20,14
holonic,20,10
cuspidal,20,6
colonoscopes,20,16
vii,20,16
rocker,20,15
swaying,20,16
re-configurable,20,18
perceptrons,20,20
sbc,20,11
tethering,20,13
anticipates,20,20
musculo-skeletal,20,19
dyads,20,15
precession,20,14
driftless,20,16
airships,20,15
humanoid's,20,18
unevenness,20,16
peculiarities,20,19
learner's,20,12
lands,20,20
tri-axial,20,15
robustified,20,15
readable,20,19
fieldbus,20,8
tractor-trailers,20,12
stray,20,12
friendliness,20,16
crystalline,20,10
helios,20,10
waving,20,15
four-channel,20,19
sterile,20,12
infrequent,20,19
roadmap-based,20,19
voluntarily,20,19
instance-based,20,15
semi-direct,20,16
intensified,20,17
flash,20,16
crown,20,9
flipped,20,12
cns,20,12
disregard,20,20
hardware-in-loop,20,18
millimeter-sized,20,19
reg,20,10
task-allocation,20,18
monopropellant,20,14
broadcasts,20,18
averages,20,17
rbfn,20,11
cliffs,20,16
laundry,20,17
long-lasting,20,20
fear,20,19
tsmc,20,8
pci,20,13
iid,20,12
multi-feature,20,15
two-agent,20,16
cockpit,20,12
comb,20,13
clmr,20,8
abrasive,20,14
top-level,20,15
mosaicing,20,14
resident,20,14
self-made,20,18
slime,20,12
eds,20,9
threaten,20,19
brains,20,16
coaxially,20,19
hippocampus,20,17
cable-actuated,20,17
electrophysiological,20,15
peltier,20,16
vivid,20,19
endanger,20,20
conductors,20,17
titanate,20,20
ups,20,16
coworkers,20,20
icp-based,20,19
optimises,20,20
homography-based,20,17
parallelograms,20,14
money,20,19
multi-section,20,17
rotorcrafts,20,15
cycloid,20,11
cornea,20,11
marble,20,15
emf,20,9
cusp,20,8
desires,20,18
hosts,20,20
sublinear,20,15
solvent,20,9
microbots,20,9
rewarding,20,18
drink,20,14
samplers,20,17
disastrous,20,20
square-root,20,13
prerecorded,20,18
v-shaped,20,17
fractures,20,15
flexing,20,17
texas,20,18
intestines,20,17
welders,20,7
b-scan,20,14
slider-crank,20,19
h-infinity,20,12
inversion-based,20,16
non-inertial,20,10
biometric,20,15
equitable,20,16
forage,20,12
sarsa,20,10
microhandling,20,10
contact-free,20,18
bootstrapped,20,17
constricted,20,13
coplanarity,20,16
wounds,20,14
jumper,20,11
swarm's,20,19
steiner,20,14
minority,20,16
mmhg,20,13
outlier-robust,20,15
costmaps,20,13
non-central,20,11
ray-based,20,11
reasoner,20,15
standardize,20,20
thermoresponsive,20,6
sil,20,16
gms,20,9
cotton,20,13
gist,20,13
game-based,20,16
sagging,20,13
octopuses,20,17
information-driven,20,17
clots,20,13
ackermann,20,16
belief-space,20,14
hermite,20,11
australian,20,15
non-vector,20,6
embolization,20,10
representatives,20,20
pre-touch,20,9
overarching,20,19
explorative,20,19
space-filling,20,13
transcribed,20,19
hauv,20,15
x-axis,20,19
inchworms,20,14
avian,20,13
self-propulsion,20,18
high-mix,20,15
high-intensity,20,18
multicore,20,18
clutching,20,16
wearables,20,17
elders,20,6
ivf,20,12
active-passive,20,18
barrel,20,16
pearl,20,4
one-third,20,19
ndi,20,10
heightmap,20,16
pinning,20,10
key-frame,20,16
log-likelihood,20,19
yellow,20,16
warm-starting,20,17
robotarium,20,15
phm,20,13
three-dimensionally,20,20
non-cyclic,20,9
las,20,11
francisco,20,19
luenberger,20,15
lameness,20,3
pretext,20,13
vec,20,11
disentanglement,20,14
checkers,20,16
ert,20,13
empathy,20,13
spd,20,8
icy,20,14
position-tracking,20,16
stateof-the-art,20,20
sumo,20,19
time-synchronized,20,18
sample-efficiency,20,18
depth-aware,20,16
atrous,20,13
frame-wise,20,18
subt,20,14
scene-specific,20,18
single-modal,20,18
self-designed,20,19
uncovering,20,17
sim-to-sim,20,15
tartanair,20,19
pearson,20,20
marsupial,20,9
infill,20,12
in-service,20,14
entropic,20,14
mec,20,12
promp,20,13
cloths,20,10
clutters,20,13
car-following,20,11
ctde,20,15
radar-camera,20,12
submissions,20,18
extremum-seeking,20,13
low-stiffness,20,17
occ,20,16
quantile,20,14
vlas,20,13
perseverance,20,15
location-based,20,18
retrieval-augmented,20,19
dct,20,10
cbss,20,6
camera-radar,20,9
dysfunction,20,20
coronavirus,20,14
russ,20,8
algo,20,18
nonrepetitive,20,11
hev,20,10
standby,20,12
fla,20,6
narx,20,11
cpd,20,11
wristband,20,9
kmp,20,11
global-local,20,20
outbreak,20,12
antiwindup,20,12
hbox,20,10
despot,20,4
ncss,20,11
practitioners-in,20,20
mswi,20,6
mjss,20,8
syntactically,19,17
eggs,19,18
unix,19,17
enumerated,19,18
displacing,19,18
decaying,19,18
multiplied,19,18
gages,19,13
unoccupied,19,18
inspectors,19,14
mtd,19,5
excursions,19,16
gsr,19,12
subroutines,19,18
duplicated,19,17
starvation,19,17
stressed,19,18
effected,19,18
comprehensible,19,18
double-support,19,14
integrable,19,17
spur,19,15
mexico,19,18
coordinative,19,15
welds,19,13
pendant,19,13
orthographic,19,14
usefully,19,19
pulse-echo,19,15
exposition,19,18
photoelastic,19,8
residue,19,15
predicated,19,19
minnesota,19,19
well-developed,19,19
sheer,19,19
october,19,18
entitled,19,19
detours,19,19
lower-bound,19,16
recognizable,19,18
sped,19,19
brushes,19,13
wobble,19,10
human-controlled,19,18
stc,19,8
desirability,19,13
coarse-fine,19,11
april,19,17
entered,19,19
polynomially,19,16
untraversable,19,19
epochs,19,19
acceleration-based,19,16
cantilevered,19,18
sme,19,11
executor,19,15
pes,19,10
personalities,19,12
assembles,19,19
cea,19,11
anthropometric,19,16
undamped,19,15
relieves,19,18
staged,19,17
nonholonomy,19,19
infections,19,17
dishwasher,19,16
profiler,19,17
ties,19,19
subnet,19,14
observer-controller,19,14
hypercube,19,16
centralised,19,16
movability,19,15
tele-presence,19,13
multi-manipulator,19,13
percepts,19,17
serial-parallel,19,17
metals,19,18
columbia,19,18
cholecystectomy,19,17
populate,19,18
hybridization,19,15
mower,19,13
recursions,19,15
perishable,19,11
saccades,19,16
kicks,19,14
single-beam,19,11
orientability,19,10
semiglobal,19,17
impairs,19,19
localising,19,19
remote-brained,19,10
forthcoming,19,19
falcon,19,13
bagging,19,11
trocars,19,15
perceptibility,19,7
toolpaths,19,13
capital,19,16
memorize,19,18
protrusion,19,12
sensor-fusion,19,17
gyrover,19,13
max-plus,19,12
exosystem,19,10
multitarget,19,17
diffused,19,10
elasticities,19,17
force-deflection,19,14
joins,19,17
drove,19,19
fewest,19,19
omnidirectionally,19,17
percussion,19,12
radiometric,19,16
simulator's,19,16
bugs,19,9
criticality,19,14
soles,19,14
locked-joint,19,14
sensor-guided,19,18
non-standard,19,15
friends,19,16
imagined,19,18
predator,19,17
resistivity,19,17
sub-regions,19,14
specialist,19,18
depositing,19,18
magnifications,19,13
relocalize,19,16
submicrometer,19,16
concavity,19,17
alleviation,19,13
fixations,19,17
kist,19,17
backlog,19,11
peak-to-peak,19,18
self-position,19,11
parallelize,19,19
reprogrammable,19,13
aaa,19,7
on-time,19,16
eels,19,13
filter's,19,19
hexapods,19,15
sewers,19,17
retracted,19,19
obeys,19,19
cancels,19,19
odometry-based,19,17
transversal,19,17
on-ground,19,16
structure-based,19,14
tossing,19,10
remember,19,18
southern,19,19
supermedia,19,8
msa,19,9
mimesis,19,12
non-conservative,19,16
pre-designed,19,16
constancy,19,19
combing,19,18
state-transition,19,13
radon,19,12
interview,19,17
kidnapping,19,16
basins,19,16
nanoassembly,19,9
manikin,19,17
gastrocnemius,19,15
timeliness,19,19
vertebrate,19,18
fmp,19,6
supplementing,19,18
shuffling,19,13
loop-shaping,19,18
hydro,19,9
propellant,19,12
levitating,19,14
parsimonious,19,17
srf,19,6
uncertainty-driven,19,18
multi-lane,19,15
undetectable,19,12
adpf,19,5
undertaking,19,19
sig,19,12
fatalities,19,16
walker's,19,15
mmrs,19,5
altruistic,19,9
svms,19,17
navigability,19,16
meshed,19,14
reaction-diffusion,19,14
photo-crosslinkable,19,14
ternary,19,18
fsrs,19,10
straight-forward,19,19
modifiable,19,16
daily-life,19,16
photonic,19,16
ambulance,19,8
hebbian,19,15
emd,19,14
spills,19,17
dilution,19,17
translucent,19,18
committed,19,18
vegetated,19,16
depletion,19,19
inhibition,19,18
bio,19,17
lit,19,15
endoskeleton,19,9
three-way,19,18
marginalized,19,18
silkworm,19,8
voronoi-based,19,14
gss,19,7
vista,19,7
freight,19,17
electro,19,17
non-dominated,19,17
diagnoses,19,18
embryonic,19,18
tearing,19,14
chameleon,19,11
dancers,19,14
skid-steering,19,13
unevenly,19,19
nsb,19,10
left-right,19,18
sdm,19,14
bridged,19,19
pipettes,19,12
introspection,19,16
emgs,19,11
point-foot,19,13
pip,19,17
mog,19,6
robot-mediated,19,14
insole,19,16
bam,19,6
tug,19,11
micromachines,19,15
microcantilever,19,9
granularities,19,19
samplingbased,19,17
sidewall,19,11
itasc,19,8
fdc,19,8
submapping,19,15
roombots,19,9
unaddressed,19,19
inland,19,11
graphslam,19,13
fingerprinting,19,15
novelly,19,19
exacerbates,19,19
samplings,19,15
mhs,19,7
culling,19,14
one-to-many,19,17
mcm,19,9
constant-factor,19,16
confidently,19,19
totaling,19,19
self-assessment,19,15
standstill,19,17
vibration-based,19,17
tfs,19,6
ingress,19,11
cross-dataset,19,16
free-swimming,19,18
key-point,19,18
parkour,19,10
hdl,19,18
bearing-based,19,12
ecoflex,19,14
thermocapillary,19,13
carex,19,3
ratchet,19,15
drills,19,15
permeability,19,16
potent,19,19
back-ends,19,15
post-grasp,19,12
shipboard,19,10
probe-based,19,18
imu-camera,19,15
hindrance,19,19
d-printable,19,19
interfered,19,14
head-neck,19,8
dlp,19,8
parafoil,19,5
hemorrhage,19,11
propulsors,19,13
ufm,19,4
drc-hubo,19,8
malleable,19,10
recipients,19,15
notwithstanding,19,19
asynchrony,19,11
flatness-based,19,19
macro-actions,19,9
gesturing,19,17
inspires,19,19
co-safe,19,17
multi-heuristic,19,15
rtg,19,5
curate,19,19
gpis,19,11
ocba,19,6
garden,19,10
risk-based,19,13
largescale,19,19
v-rep,19,18
cranial,19,12
laps,19,13
human-labeled,19,18
co-visibility,19,14
object-agnostic,19,18
cartpole,19,17
pixelwise,19,18
colorization,19,10
turbidity,19,19
infinite-horizon,19,18
outperformance,19,19
human-readable,19,19
tikhonov,19,13
on-par,19,19
camera-imu,19,16
stark,19,19
codesign,19,16
vineyards,19,13
erp,19,7
elasto-plastic,19,11
gasoline,19,16
groundings,19,11
morphable,19,13
embrace,19,19
geolocalization,19,8
scholars,19,19
gcns,19,13
caption,19,13
value-at-risk,19,18
text-based,19,17
agent-centric,19,12
rgb-thermal,19,17
imbalances,19,17
finetune,19,19
crossmodal,19,12
oysters,19,5
learning-free,19,15
gsm,19,10
shapenet,19,19
meta-training,19,15
fwr,19,7
odt,19,6
takeover,19,11
lagging,19,19
sold,19,13
aws,19,11
top-k,19,17
rectifying,19,17
llm-driven,19,15
kinetostatics,19,15
view-of-delft,19,16
time-triggered,19,17
hubs,19,16
smpc,19,9
biomimicry,19,17
nubot-nudt,19,19
openvla,19,12
machine-learning-based,19,17
badminton,19,11
mises,19,12
tlie,19,11
tool-path,19,6
song,19,9
rotable,19,3
fjr,19,8
corset,19,5
sog,19,6
microtubules,19,6
fam,19,8
imc,19,8
graphene,19,13
pneunets,19,7
ppp,19,6
inchworm-inspired,19,17
electronics-free,19,13
aod,19,4
time-of-use,19,10
non-affine,19,14
rmfs,19,6
microrollers,19,2
hcps,19,6
ipmsm,19,11
ieeecollabratec,19,19
turbofan,19,11
cstr,19,8
urt,19,2
lkf,19,11
parser,18,15
lexical,18,13
subtracting,18,17
handshaking,18,10
pods,18,6
delaying,18,16
explanatory,18,13
dispatcher,18,8
editors,18,18
dec,18,8
rationally,18,17
ornl,18,9
linear-time,18,18
sandia,18,15
resisted,18,15
extant,18,15
paradox,18,17
stripes,18,11
mixes,18,18
gramian,18,14
primate,18,13
fas,18,7
hosting,18,16
visual-motor,18,15
feed-back,18,18
lcs,18,7
unspecified,18,18
position-control,18,17
west,18,16
formalizing,18,18
orderings,18,13
circumvented,18,18
transputer,18,17
analogies,18,18
kane's,18,11
traded,18,18
servicer,18,14
degeneracies,18,13
continuous-curvature,18,14
determinants,18,15
all-in-one,18,17
prematurely,18,16
horn,18,14
laminates,18,12
combinatorially,18,18
advantageously,18,18
spar,18,9
jacket,18,13
data-collection,18,17
spatiotemporally,18,16
cpc,18,11
actress,18,9
override,18,15
operator-based,18,15
freeing,18,18
instinctive,18,13
cleanup,18,15
assemblable,18,9
constant-speed,18,14
fruitful,18,18
dfa,18,8
distinctions,18,16
microsized,18,11
rotationally,18,17
realities,18,16
battlefield,18,15
oscillates,18,16
organizes,18,18
non-dimensional,18,15
multi-agents,18,17
surface-mounted,18,16
deletion,18,18
stabilizable,18,13
chronological,18,15
berthing,18,14
saline,18,15
fragmentation,18,14
platen,18,11
part-level,18,12
subdivided,18,17
corresponded,18,17
epipoles,18,14
restraining,18,18
shoot,18,14
transplantation,18,12
diffuser,18,11
relaying,18,18
runners,18,12
springy,18,14
teleoperative,18,16
four-finger,18,16
sticky,18,15
coarser,18,17
touch-based,18,17
rhp,18,9
rod-hgvg,18,5
free-swinging,18,14
roller-walker,18,5
fluctuate,18,18
microcoil,18,9
authentic,18,18
enumerating,18,17
kohonen,18,12
dimensioning,18,17
positivity,18,15
pmas,18,10
ims,18,9
malignant,18,16
plateau,18,18
semiautomatic,18,15
war,18,17
profitable,18,18
garbage,18,12
commonalities,18,15
gone,18,18
knitted,18,8
quasi-dynamic,18,12
existent,18,18
pivots,18,17
interoperable,18,13
diverging,18,17
warrants,18,18
rap,18,7
regenerated,18,17
shunting,18,14
motionless,18,16
profoundly,18,18
head-eye,18,8
mastication,18,12
fsr,18,15
directivity,18,11
failure-tolerant,18,7
kirchhoff,18,16
tour-guide,18,11
verb,18,11
see-through,18,17
low-precision,18,17
in-between,18,17
asteroids,18,17
perceivable,18,17
concluding,18,18
dae,18,11
minimisation,18,15
ltd,18,17
productions,18,15
undoubtedly,18,18
lieu,18,18
thrusting,18,15
sculpting,18,10
unmarked,18,15
foundry,18,11
steady-hand,18,15
anterior-posterior,18,17
deliberation,18,16
canes,18,13
well-conditioned,18,16
lift-off,18,16
plastics,18,18
rheology,18,9
sewage,18,11
regressions,18,13
admitted,18,14
orocos,18,10
chen,18,17
mrad,18,15
micro-robotics,18,18
smes,18,13
rtr,18,7
differential-driven,18,12
intake,18,11
riv,18,10
explorers,18,17
local-global,18,17
q-values,18,15
shadowing,18,17
polyester,18,16
microaerial,18,17
cramer-rao,18,16
confines,18,18
intermittency,18,11
non-identical,18,13
charger,18,14
sys,18,18
infrastructure-free,18,17
moduli,18,18
fuzzy-based,18,13
view-point,18,16
bushes,18,17
ever-increasing,18,18
downtown,18,17
visitor,18,11
nanomanipulator,18,13
speeches,18,11
robhaz-dt,18,6
micro-electro-mechanical,18,18
superiorities,18,18
borrowing,18,18
foveal,18,14
scripting,18,17
bem,18,7
low-gravity,18,16
srt,18,12
morphologically,18,17
physics-inspired,18,14
spacecrafts,18,13
tidying,18,11
stop-and-go,18,14
presetting,18,11
multiloop,18,17
hopf,18,17
fight,18,17
funded,18,18
pleated,18,16
tip-sample,18,12
kill,18,12
braces,18,16
ipmcs,18,15
enjoyed,18,18
nails,18,13
polyvinyl,18,18
conduction,18,16
grades,18,16
wmm,18,5
atron,18,8
ppm,18,10
dialogues,18,14
hvs,18,7
doubled,18,14
icosahedron,18,12
floats,18,7
heartbeat,18,16
flocks,18,16
human-oriented,18,17
puppet,18,9
position-position,18,16
human-robot-interaction,18,17
therapist's,18,12
genetics,18,16
consumer-level,18,15
appreciated,18,18
males,18,13
soi,18,11
goat,18,11
clicks,18,15
creatively,18,18
crfs,18,14
littledog,18,14
rush,18,10
supermarket,18,15
arc-shaped,18,16
volts,18,11
curtains,18,6
aspirated,18,11
radiofrequency,18,16
directionally,18,17
rbcs,18,7
counterweight,18,15
cleaned,18,17
detumbling,18,9
omitting,18,18
trilateration,18,15
obstacle's,18,16
bijective,18,16
monopedal,18,17
ida-pbc,18,12
agilely,18,17
racket,18,15
high-payload,18,13
spatio-temporally,18,17
rbe,18,7
donning,18,14
blinking,18,14
cohort,18,17
cga,18,9
mar,18,8
multi-dofs,18,16
inward,18,14
quasi-periodic,18,13
armar-iii,18,18
sambot,18,5
relocalisation,18,10
vertebrates,18,17
buoy,18,9
hooks,18,13
summaries,18,10
pyroelectric,18,10
via-point,18,14
pneumatic-driven,18,18
single-legged,18,15
bns,18,9
decisive,18,18
ccc,18,9
fpm,18,5
extrinsically,18,15
multiaxial,18,14
perception-driven,18,17
incredible,18,17
recently-developed,18,18
split-belt,18,5
pre-grasping,18,14
replacements,18,17
stackable,18,14
braitenberg,18,8
ever-growing,18,18
three-layered,18,15
rrg,18,9
exploration-exploitation,18,17
time-intensive,18,18
feature-rich,18,15
streamed,18,17
long-endurance,18,17
cspr,18,6
adapters,18,14
sfa,18,11
field's,18,17
dual-task,18,13
macrophages,18,8
outpatient,18,8
intra-category,18,13
superball,18,9
user-centered,18,16
script,18,14
collision-checking,18,15
dar,18,4
mechanism-based,18,15
covisibility,18,13
drowsiness,18,5
caterpillars,18,14
ubiquitously,18,17
large-angle,18,17
low-end,18,18
intention-aware,18,13
tele-echography,18,14
feat,18,17
ilqg,18,11
costar,18,13
scalpel,18,10
photoacoustic,18,10
logarithm,18,14
population-based,18,17
biosignals,18,12
stretchability,18,18
ornithopters,18,11
taut,18,18
jigs,18,13
single-segment,18,15
grouser,18,5
berkeleyautomation,18,18
sperms,18,8
short-distance,18,16
pdmps,18,4
swirl,18,4
buckled,18,11
target-oriented,18,16
wheel's,18,12
hydrogel-based,18,11
throttling,18,12
sher,18,9
funnels,18,12
delve,18,18
ahstract,18,18
sst,18,14
vacuum-based,18,18
fmm,18,12
cnn-lstm,18,14
reconstruction-based,18,18
tspn,18,11
transceivers,18,11
stitches,18,12
convexification,18,13
event-camera,18,11
constellations,18,15
rsr,18,7
overfit,18,18
vlp,18,14
moe,18,11
apriltag,18,13
cts,18,12
rws,18,7
critics,18,17
haru,18,8
equirectangular,18,15
lgp,18,6
hmpc,18,4
fast-response,18,15
haze,18,13
visuals,18,17
learning-enabled,18,16
robotiq,18,16
loihi,18,12
ndob,18,10
autoencoder-based,18,15
metamaterial,18,13
ccm,18,6
pathogens,18,13
missile,18,13
distancing,18,14
freebot,18,4
irmvlab,18,18
valet,18,18
lane-changing,18,12
aat,18,4
mmd,18,12
ml-based,18,15
pytorch,18,17
opv,18,17
screw-based,18,12
tum-vi,18,16
lifter,18,3
aggregator,18,12
pbrl,18,9
stand-to-sit,18,15
mass-produced,18,17
nondominated,18,16
carsim,18,16
dcp,18,7
co-evolution,18,13
trust-aware,18,11
semantic-guided,18,14
chain-of-thought,18,18
lles,18,8
soa,18,9
dmc,18,6
thrust-to-weight,18,15
district,18,8
sdd,18,11
alls,18,5
hallucinations,18,14
user-provided,18,16
dpf,18,7
onsite,18,13
president,18,18
interferes,18,18
ccpp,18,6
emu,18,6
tea,18,12
bas,18,12
fkm,18,6
stakeholder,18,12
spurred,18,18
ivus,18,5
ventricles,18,11
gim,18,4
ctcs,18,6
spheroids,18,5
fess,18,7
subscriptions,18,15
fre,18,8
multistate,18,14
pneu-net,18,11
sdre,18,7
lev,18,5
intraclass,18,13
teg,18,7
root-cause,18,6
mscr,18,8
thank,18,15
inverters,18,12
antidisturbance,18,14
tes,18,4
energy-harvesting,18,10
eavesdroppers,18,8
pevs,18,3
mgs,18,10
wes,18,1
hmass,18,3
multi-tasking,17,16
reasoned,17,17
finger-object,17,15
speckle,17,13
single-input-single-output,17,17
well-posed,17,17
prohibits,17,17
sponsored,17,15
vice-versa,17,17
rasterized,17,15
foci,17,12
armed,17,16
prefilter,17,11
workholding,17,6
firms,17,13
generically,17,17
asrs,17,8
wedging,17,12
force-reflection,17,15
sub-linear,17,15
verbs,17,10
focussed,17,14
drilled,17,15
decelerating,17,17
parallels,17,17
iterating,17,16
system-theoretic,17,14
multi-processor,17,14
nonnegligible,17,17
steepest,17,17
elucidating,17,17
precompute,17,17
submodules,17,16
cross-country,17,17
singulating,17,13
catalog,17,16
superquadric,17,15
hankel,17,10
servo-control,17,16
mated,17,15
application-oriented,17,16
chopsticks,17,11
finitely,17,17
two-robot,17,16
wheelbase,17,14
substitutes,17,14
hoped,17,17
weightless,17,14
sensor-actuator,17,14
parity,17,12
advocates,17,17
path-constrained,17,13
withdrawal,17,12
data-intensive,17,16
party,17,15
direction-dependent,17,14
arrived,17,15
vector-based,17,14
charge-coupled,17,17
genuine,17,15
domain-independent,17,16
ended,17,15
resolution-complete,17,15
canyon,17,16
tumble,17,14
levers,17,13
evaluative,17,14
stereotactic,17,13
retrospective,17,16
sinking,17,13
shedding,17,15
reciprocity,17,16
indeterminacy,17,17
climbers,17,16
carlike,17,12
mail,17,13
topology-based,17,11
applicator,17,7
acronym,17,17
lessen,17,17
rrc,17,9
drivability,17,17
pixel-based,17,16
depart,17,17
contaminants,17,14
can't,17,16
teleprogramming,17,11
biarc,17,5
blindfolded,17,15
illegal,17,12
mobilities,17,11
fsp,17,8
wandering,17,15
depended,17,17
motion-force,17,11
coincident,17,17
piezoceramic,17,12
restraint,17,17
replanned,17,17
ppr,17,9
insulator,17,9
gradient-descent,17,15
usm,17,7
ergodicity,17,12
plcs,17,15
tighten,17,15
singularity-consistent,17,15
scooter,17,12
probability-based,17,17
hindlimb,17,10
groupings,17,14
rod-shaped,17,15
valuation,17,8
lola,17,15
five-finger,17,16
w-space,17,8
circulatory,17,12
illusions,17,8
immobile,17,17
semi-autonomously,17,16
grant,17,17
sub-micron,17,15
hec,17,5
volcano,17,15
rappelling,17,8
electro-magnetic,17,15
monochrome,17,15
conformational,17,10
grooves,17,16
kneeling,17,6
colonies,17,16
willing,17,16
cbc,17,6
aurora,17,12
ambitious,17,17
conformation,17,14
saika,17,6
subchains,17,15
preprocess,17,17
ray-shooting,17,12
contrarily,17,16
nanometer-scale,17,16
leveling,17,14
disc-shaped,17,16
notorious,17,17
pressure-based,17,16
citizens,17,15
simply-connected,17,16
cardboard,17,15
postulate,17,17
demonstration-based,17,15
impassable,17,15
silica,17,15
normality,17,14
sporadic,17,17
s-cvt,17,3
organisation,17,12
fsa,17,9
hepatic,17,9
reality-based,17,13
of-freedom,17,17
data-sets,17,11
tier,17,11
dampen,17,16
human-interactive,17,14
quasi-velocities,17,6
enjoyment,17,15
graspit,17,14
retracts,17,15
multicriteria,17,16
sliced,17,13
biorobotics,17,14
correspondence-free,17,13
superficial,17,16
residence,17,11
d-space,17,16
quadrant,17,14
northern,17,16
wherever,17,17
athletic,17,14
bristle,17,5
coordinately,17,16
bovine,17,17
meta-modules,17,12
listen,17,16
diamagnetic,17,10
pic,17,13
misclassified,17,14
openness,17,15
ddf,17,10
isokinetic,17,6
testified,17,17
dfm,17,8
fuels,17,15
close-loop,17,16
disposed,17,16
browse,17,16
zhang,17,9
precursors,17,15
watershed,17,13
imperceptible,17,16
animal's,17,16
view-dependent,17,16
intimate,17,17
drivetrains,17,15
locomotions,17,15
watts,17,15
sickness,17,13
fan-out,17,4
unveils,17,16
zirconate,17,17
irc,17,8
hydrophobic,17,12
dim,17,15
collector,17,10
movies,17,15
transporters,17,12
single-loop,17,15
bsa,17,5
unvisited,17,16
paintings,17,9
mr-guided,17,14
wasting,17,17
fishlike,17,14
phalanxes,17,13
inhibitory,17,11
time-averaged,17,14
struggled,17,17
departing,17,17
shipment,17,12
nanofabrication,17,14
cognitively,17,16
entailing,17,16
pending,17,17
plane-based,17,16
interfacial,17,14
intraoral,17,2
two-sided,17,15
rtd,17,4
tft-lcd,17,13
sliders,17,15
impedance-type,17,17
tidal,17,13
stalks,17,7
electrolocation,17,10
pfs,17,11
ferrous,17,13
similarity-based,17,13
evacuees,17,8
withstanding,17,17
furuta,17,16
certifying,17,16
peel,17,16
replanner,17,17
mrf-based,17,8
the-art,17,17
slung,17,12
icm,17,8
cma-es,17,12
flagellated,17,11
wingbeat,17,11
kinodynamics,17,12
cdms,17,7
apprenticeship,17,13
carp,17,8
disengaged,17,16
ara,17,9
shape-sensing,17,13
favoring,17,17
choreography,17,12
iterate,17,16
pctl,17,8
handoff,17,9
competes,17,17
valence,17,10
oncoming,17,13
parm,17,8
prolong,17,17
argues,17,17
parameterised,17,15
bullet,17,17
ami,17,11
structureless,17,14
lawnmower,17,15
tcs,17,7
awas,17,8
vmc,17,11
treebot,17,4
root-mean-squared,17,17
intervening,17,15
nanotool,17,2
tangled,17,14
caenorhabditis,17,17
lemur,17,7
pcl,17,11
memberships,17,17
ultrasound-guided,17,14
rides,17,15
ees,17,6
over-fitting,17,17
apis,17,16
mirroring,17,17
minimum-jerk,17,15
time-constrained,17,16
trust-region,17,14
stalk,17,7
jetting,17,10
discretizes,17,17
lift-to-weight,17,11
transoral,17,15
magnetic-based,17,12
mm-long,17,17
favourably,17,17
functionalized,17,16
rgb-depth,17,15
soft-body,17,16
disseminate,17,17
cmdp,17,12
regressed,17,17
bulb,17,15
pmlsm,17,6
street-level,17,11
transient-state,17,11
corrupt,17,17
dictionaries,17,13
cbha,17,8
rpn,17,8
exo,17,6
parks,17,14
valkyrie,17,16
outlook,17,17
meteorological,17,16
grants,17,17
delamination,17,8
armar,17,17
lengthening,17,12
gpmp,17,8
mesh-based,17,14
magnetically-actuated,17,15
blackbox,17,15
post-hoc,17,15
fcn,17,13
ivt,17,4
firefighters,17,13
bi-stable,17,11
prac,17,8
segment-based,17,13
extruder,17,10
posenet,17,11
layer-wise,17,13
boltzmann,17,15
post-disaster,17,16
asmc,17,9
atalante,17,14
mmg,17,6
transaction,17,13
incredibly,17,17
atrias,17,11
hexapole,17,9
drone-based,17,16
simulation-to-real,17,14
uskin,17,12
rehearsal,17,12
multi-chamber,17,9
depthwise,17,12
dioxide,17,17
bionics,17,14
cloud-edge,17,10
multilinked,17,9
visibility-aware,17,11
cutoff,17,13
whales,17,7
state-ofthe-art,17,17
cdc,17,6
intralogistics,17,11
cacc,17,5
pih,17,7
attention-guided,17,15
pfl,17,8
supplements,17,17
two-branch,17,15
levenberg,17,16
marquardt,17,16
sars-cov,17,12
first-of-its-kind,17,17
aafo,17,10
argos,17,9
stiffness-tunable,17,9
retrofitting,17,15
dat,17,6
decision-maker,17,14
upside,17,15
well-balanced,17,17
pseudorange,17,15
mask-rcnn,17,11
cross-track,17,13
tableware,17,8
luggage,17,8
multistable,17,10
dmatch,17,16
nasa-tlx,17,16
disentangles,17,17
skill-based,17,15
out-of-domain,17,15
snss,17,4
blackberries,17,6
denoised,17,14
pinns,17,11
leq,17,14
ehd,17,5
infectious,17,13
fueled,17,17
persuasion,17,8
impeller,17,11
lss,17,7
mags,17,4
photothermal,17,13
geospatial,17,9
crm,17,9
luminal,17,11
long-sequence,17,12
radiation-free,17,16
dual-level,17,12
lmms,17,8
ungrasping,17,4
d-gs,17,6
hooking,17,12
idcs,17,4
pif,17,2
autocorrelation,17,16
high-curvature,17,12
foc,17,7
ventricular,17,13
scrap,17,9
lhmm,17,4
high-temperature,17,14
bystander,17,5
osf,17,5
vmm,17,4
short-circuit,17,8
trilateral,17,8
aus,17,7
microjets,17,4
hbc,17,3
comsol,17,16
silico,17,15
syndrome,17,17
cbba,17,8
ppf,17,10
multiplayer,17,12
air-gap,17,12
outbound,17,7
vbts,17,9
double-sided,17,8
lpbf,17,5
tdcr,17,8
chitosan,17,5
dyc,17,6
mea,17,9
li-ion,17,13
unpublished,17,9
fcs-mpc,17,4
ddev,17,3
scada,17,7
nonstrict-feedback,17,10
pef,17,4
multistation,17,6
detm,17,8
mfac,17,7
awkward,16,16
canny,16,15
holders,16,14
hilare,16,16
nbs,16,8
confounding,16,14
commensurate,16,16
lisp,16,13
somewhere,16,16
cyclically,16,16
feature-matching,16,15
pleasant,16,13
logn,16,11
substance,16,15
imparting,16,16
what's,16,16
agglomerative,16,16
judgement,16,15
kumar,16,10
cmms,16,9
porosity,16,13
summed,16,15
rtc,16,8
polaroid,16,13
industrially,16,16
ski,16,9
confining,16,14
imprints,16,12
micropositioner,16,10
mtc,16,5
unary,16,12
denoting,16,15
vanishes,16,15
reassembly,16,13
concealed,16,14
shirt,16,11
finishes,16,16
lemmas,16,10
aluminium,16,15
equivalents,16,15
saturate,16,16
low-accuracy,16,14
best-fit,16,15
arx,16,11
ergonomically,16,16
multiple-degree-of-freedom,16,16
subparts,16,12
tan,16,8
illuminations,16,15
multidegree-of-freedom,16,16
stars,16,13
model-independent,16,15
inclinometer,16,16
escapes,16,14
slewing,16,13
momentary,16,15
corrector,16,12
process-based,16,14
object-centered,16,15
near-perfect,16,16
speed-accuracy,16,12
pencil,16,13
rust,16,10
srms,16,10
pnn,16,5
inexpensively,16,16
expended,16,16
disk-shaped,16,15
transputers,16,15
islands,16,14
integrations,16,16
mounts,16,15
orients,16,16
indefinite,16,16
stiffened,16,15
wears,16,16
advocated,16,16
diverges,16,16
mpg,16,10
saturating,16,14
finger-shaped,16,12
scaled-up,16,16
goal-seeking,16,13
sustains,16,16
cancelling,16,15
potential-based,16,14
ldm,16,8
evading,16,16
marc,16,6
single-source,16,13
fpn,16,10
rescaling,16,13
net-based,16,16
reorganization,16,14
pertains,16,16
arclength,16,12
inspector,16,11
inspects,16,16
builder,16,16
coherently,16,16
upstroke,16,14
kilometer,16,16
karlsruhe,16,15
glance,16,15
immobility,16,11
accumulator,16,9
spotlight,16,14
imparts,16,16
discharges,16,7
tetrobot,16,9
pursues,16,16
subsumes,16,16
subsampling,16,14
propagations,16,13
mht,16,10
orchestrates,16,16
instantiating,16,16
casing,16,14
firmness,16,7
attended,16,16
envisaged,16,16
velocity-level,16,14
centred,16,12
non-systematic,16,11
dars,16,7
rayleigh,16,15
dynamicity,16,7
box-pushing,16,11
recoverable,16,13
two-time,16,10
highspeed,16,16
holons,16,7
pacific,16,16
meaningless,16,16
nonanthropomorphic,16,10
waf,16,5
bilaterally,16,16
natures,16,16
ciliary,16,13
teletaction,16,5
specificities,16,16
inflow,16,15
matured,16,15
point's,16,12
duties,16,16
fluid-filled,16,15
foreseen,16,16
chemically,16,15
free-flyer,16,13
robin,16,11
micro-parts,16,10
july,16,16
interlaced,16,13
single-track,16,14
lid,16,13
foregoing,16,16
non-coplanar,16,14
lasalle's,16,16
cardinal,16,12
preemptively,16,14
high-velocity,16,16
counters,16,15
dream,16,15
rii,16,10
boiler,16,11
selectivity,16,14
vane,16,13
smoothers,16,14
downwards,16,16
reentrant,16,11
trainers,16,15
gray-box,16,14
ions,16,14
retailer,16,6
micrograsping,16,7
earliness,16,9
alg,16,6
pulsating,16,13
landmines,16,14
pre-impact,16,13
upm,16,6
greenhouses,16,16
harp,16,8
crafts,16,14
mode-based,16,14
retrain,16,16
spending,16,15
ils,16,8
leaderless,16,12
giver,16,9
udp,16,16
macro-scale,16,16
footwear,16,11
atr,16,8
ingenious,16,16
seals,16,14
retrofitted,16,15
ailc,16,5
blowing,16,9
undocking,16,12
back-projection,16,16
playground,16,8
nanolithography,16,11
autonomic,16,14
pittsburgh,16,15
sga,16,8
virtualized,16,15
compass-like,16,16
laser-range,16,11
qrio,16,11
potentiometer,16,16
shutdown,16,15
ccl,16,8
weightings,16,16
alive,16,16
milli,16,10
student's,16,15
booms,16,12
low-visibility,16,14
photographer,16,11
pockets,16,12
commissioning,16,15
gsp,16,10
waits,16,16
underwent,16,15
semi-parametric,16,13
in-the-loop,16,16
test-bench,16,15
biomechatronic,16,13
delayed-state,16,10
non-penetration,16,14
mixed-initiative,16,12
dmd,16,10
bids,16,14
geckos,16,14
discriminates,16,16
impediments,16,16
immensely,16,16
identifications,16,16
asymtre,16,7
squid,16,14
geologic,16,10
dual-objective,16,13
mft,16,8
tumour,16,10
sleeping,16,11
hunt,16,14
frss,16,7
presentations,16,13
cost-effectively,16,16
hummingbirds,16,10
sdc,16,7
sma-based,16,10
patent,16,15
stances,16,12
farthest,16,16
attendant,16,11
mimetic,16,11
impairing,16,16
semi-infinite,16,15
exp,16,9
heart's,16,11
continuous-discrete,16,11
hitherto,16,16
undelayed,16,13
wfw,16,3
compass-gait,16,13
dsd,16,3
robotics-assisted,16,16
centaur,16,7
rhythms,16,15
exemplifies,16,16
girona,16,15
upwind,16,13
frog,16,11
palpate,16,15
well-tuned,16,14
fibrillar,16,11
cobra,16,12
collaborates,16,15
double-integrator,16,16
algal,16,11
self-stable,16,12
passersby,16,8
overcame,16,16
skyline,16,5
rollin,16,14
dbs,16,6
zigbee,16,13
demolition,16,10
object-object,16,16
real-data,16,16
banks,16,13
wka,16,5
wrinkle,16,10
noiseless,16,15
sub-map,16,11
sacrificed,16,16
sinus-lifting,16,6
torque-angle,16,13
shore,16,14
model-mediated,16,13
furnished,16,16
traceability,16,13
piloted,16,16
altimeter,16,14
single-channel,16,16
subsymbolic,16,11
vectored,16,12
frequency-dependent,16,15
tpf,16,6
unavoidably,16,16
conductance,16,10
normalize,16,16
scenery,16,16
hrtf,16,5
haptics-enabled,16,13
open-circuit,16,15
youbot,16,14
cfa,16,8
smcs,16,9
palmar,16,13
newtons,16,12
rigid-bodied,16,16
confusing,16,15
mods,16,9
region-wise,16,13
uncoordinated,16,15
unperturbed,16,14
de-facto,16,16
sub-policies,16,11
ontological,16,16
ventricle,16,11
ckf,16,10
grousers,16,10
i-auv,16,8
occluder,16,9
ethylene,16,13
thermals,16,8
rbo,16,10
ugs,16,5
trainee's,16,10
step-wise,16,14
contributor,16,16
all-in-focus,16,8
interframe,16,13
instructing,16,16
pik,16,4
ionizing,16,13
audio-based,16,13
fencing,16,5
toss,16,6
jeopardizing,16,16
non-causal,16,9
neuromechanical,16,13
trl,16,8
debridement,16,9
group-based,16,12
bnn,16,8
pouches,16,13
factor-graph,16,15
touchscreen,16,11
sleeves,16,14
fliers,16,12
abaqus,16,14
dec-pomdps,16,7
boiling,16,12
gis,16,8
straw,16,8
excavate,16,15
reinforces,16,16
under-ice,16,8
hand-tuning,16,16
back-stepping,16,12
colloidal,16,12
afs,16,10
prestressed,16,12
wand,16,6
fpcb,16,4
fff,16,8
nuisance,16,14
vgg,16,13
pre-computation,16,13
doas,16,10
textile-based,16,15
hsmm,16,10
reproductive,16,14
life-threatening,16,16
ismc,16,9
klt,16,9
apc,16,7
mediator,16,14
between-subjects,16,15
model-less,16,11
airdrop,16,7
gmrf,16,7
predators,16,15
excelling,16,16
bvi,16,6
surfel-based,16,12
orchestrate,16,15
moveit,16,11
in-grasp,16,8
dueling,16,13
ultra-wide,16,15
falsely,16,16
confidence-aware,16,13
macro-mini,16,11
sub-networks,16,16
aneurysms,16,15
mpt,16,5
handwritten,16,12
t-less,16,15
action-value,16,10
revolutionizing,16,16
hitchhiking,16,6
subunits,16,11
spatial-aware,16,13
multiplex,16,10
monetary,16,13
rmses,16,16
ert-based,16,8
human-designed,16,14
system-specific,16,13
teb,16,8
reflex-based,16,13
feedforward-feedback,16,14
mori,16,13
fish-inspired,16,13
bluerov,16,16
torque-control,16,14
staggered,16,15
mentor,16,10
fde,16,14
dur,16,6
linkage-based,16,13
micromanufacturing,16,16
ocr,16,13
h-lip,16,6
convlstm,16,10
high-sensitivity,16,16
hqp,16,10
fast-lio,16,10
map-free,16,16
fwrs,16,6
formation-containment,16,4
assurances,16,12
polylines,16,12
retrieval-based,16,14
sindy,16,9
in-lab,16,15
prior-based,16,14
multidomain,16,13
overhangs,16,14
inconvenience,16,15
tofu,16,10
uncovers,16,16
simulation-trained,16,16
single-sensor,16,14
hosted,16,16
iaps,16,6
dissolved,16,12
executability,16,13
jam,16,14
suavs,16,8
human-following,16,13
ampc,16,7
state-of-charge,16,15
parameter-efficient,16,15
within-subjects,16,16
task-motion,16,10
s-shape,16,14
ments,16,15
gvs,16,9
rsj,16,15
self-energizing,16,6
submit,16,12
emotionally,16,14
uptake,16,15
ingenuity,16,13
electrotactile,16,7
kurtosis,16,13
mvo,16,6
asl,16,6
additively,16,15
piezomotor,16,6
ftir,16,6
retrofit,16,11
dementia,16,7
cross-scene,16,11
osl,16,7
lmc,16,6
dse,16,7
thyroid,16,5
tda,16,9
nonidentical,16,13
flagship,16,16
slag,16,5
superlimb,16,5
styled-content,16,2
wolf,16,9
mscrs,16,7
run-to-failure,16,14
fopid,16,4
rectifier,16,13
sugeno,16,15
quasi-synchronization,16,4
techrxiv,16,8
dgdcs,16,3
coal-fired,16,6
matheuristic,16,5
human-cyber-physical,16,8
electronically,15,14
inductor,15,13
modeler,15,14
reticle,15,7
observatory,15,8
evidently,15,15
submicron,15,14
inter-task,15,11
cad-based,15,15
remedies,15,15
experiential,15,15
oru,15,10
slowed,15,15
shuffle,15,10
programme,15,12
slalom,15,13
dma,15,8
surveyor,15,11
scatter,15,15
csg,15,11
ral,15,11
soft-finger,15,12
cusps,15,10
conjunctive,15,11
spacial,15,14
input-dependent,15,12
fmc,15,9
n-degree-of-freedom,15,15
zero-gravity,15,14
nondeterminism,15,13
hermes,15,7
straightening,15,13
regenerate,15,15
collar,15,10
batting,15,11
interphalangeal,15,13
complaint,15,15
proc,15,15
autom,15,14
halves,15,14
tightened,15,13
jtf,15,4
multimanipulator,15,11
yamabico,15,15
energized,15,12
extrapolating,15,15
integrability,15,12
period-doubling,15,14
insignificant,15,15
scale-space,15,10
effector's,15,13
nonoptimal,15,13
actuator-based,15,14
shuttles,15,9
combinational,15,14
tilts,15,15
time-scales,15,14
ais,15,9
barycentric,15,14
coordinate-invariant,15,14
delineation,15,14
subjecting,15,15
invert,15,15
subtly,15,15
pressure-sensitive,15,13
polyhedrons,15,12
four-axis,15,12
potential-field,15,14
ehs,15,6
suspected,15,13
radiological,15,12
lhd,15,11
expedition,15,13
memorizes,15,13
orc,15,3
metaphor,15,8
climbed,15,15
ministry,15,15
succession,15,15
orthogonalization,15,13
remote-control,15,13
n-finger,15,9
accord,15,14
recalling,15,14
micron-scale,15,14
noncircular,15,12
inferencing,15,10
spatula,15,13
enveloped,15,14
cross-covariance,15,13
micro-manipulator,15,11
dac,15,7
intricacy,15,15
self-reconfigure,15,15
unveil,15,15
aural,15,9
quasilinear,15,5
self-calibrating,15,14
dosage,15,13
anesthesia,15,11
interrupting,15,15
sla,15,10
radiated,15,10
dissipativity,15,13
t-shaped,15,13
mathematica,15,11
stabilise,15,15
objectivity,15,8
multi-obstacle,15,13
mistake,15,14
loosening,15,14
camera-space,15,11
probed,15,15
human-generated,15,14
unconsciously,15,15
gough,15,13
overhaul,15,7
transmittance,15,15
proximate,15,12
motion's,15,15
planer,15,14
minimised,15,15
immovable,15,14
chromosome,15,11
inputted,15,15
vr-based,15,14
excellence,15,14
handler,15,13
definitive,15,15
bursts,15,14
horticultural,15,9
belly,15,10
instructor,15,12
biomass,15,10
toilet,15,13
genes,15,12
fixate,15,12
software-based,15,15
cascades,15,14
wavelet-based,15,12
punctures,15,15
station-keeping,15,12
compaction,15,13
striving,15,15
nanoelectromechanical,15,15
human-care,15,8
masticatory,15,6
cauchy,15,13
quarter-car,15,10
kappa,15,11
life-cycle,15,11
pal,15,12
non-time,15,9
maximisation,15,15
samsung,15,12
moore,15,11
obviates,15,15
d-optimality,15,11
holography,15,12
lumps,15,11
human-size,15,13
pre-calibration,15,15
confer,15,15
compile,15,15
helpers,15,10
preferential,15,12
sse,15,8
furnish,15,15
re-sampling,15,11
real-word,15,15
zpetc,15,4
telesurgical,15,11
beam-based,15,11
warmth,15,8
doctor's,15,12
wavelets,15,13
lwpr,15,9
nesting,15,12
polybot,15,9
backscatter,15,9
skipping,15,10
distorts,15,15
jogging,15,11
csr,15,6
golden,15,12
decompression,15,10
taste,15,11
intramedullary,15,7
tracker's,15,14
ignorance,15,12
time-driven,15,15
photogrammetric,15,13
declining,15,15
genbu,15,3
consolidating,15,15
imperfection,15,12
disjunctive,15,10
sacrificial,15,13
pba,15,7
amm,15,6
liu,15,14
affording,15,15
lifetimes,15,14
non-parallel,15,14
narrows,15,15
blobs,15,14
ultralight,15,13
stratification,15,12
openhrp,15,10
pointers,15,15
unwrapping,15,8
asia,15,14
rechargeable,15,13
bile,15,13
sun-synchronous,15,5
evaporation,15,12
businesses,15,14
hampering,15,15
hitch,15,10
responded,15,15
flesh,15,9
globalization,15,15
debate,15,13
niche,15,14
brazil,15,10
cross-axis,15,9
sculpture,15,10
talker,15,11
tensioned,15,14
piezostack,15,6
fingerpad,15,10
reinforcement-learning,15,15
m-estimator,15,11
sparked,15,15
articulatory,15,9
urethra,15,9
oceanography,15,14
zero-g,15,12
task-adaptive,15,12
impressively,15,15
biomembrane,15,3
ias,15,3
re-orientation,15,13
ogsps,15,7
curvature-based,15,13
rounding,15,13
circularly,15,14
timeline,15,12
stepped,15,13
femtosecond,15,10
human-powered,15,9
config,15,9
four-limbed,15,9
omit,15,15
mrfs,15,8
mini-whegs,15,8
prc,15,7
rmf,15,5
reconfigures,15,15
radiologist,15,11
interlimb,15,9
administered,15,14
pre-shaping,15,7
sensitively,15,15
invention,15,13
radians,15,13
cool,15,13
on-body,15,10
glare,15,14
suv,15,11
superbot,15,10
cable-conduit,15,7
non-backdrivable,15,13
histogram-based,15,15
underlining,15,15
wheel-legs,15,8
enduring,15,14
tagging,15,12
transhumeral,15,10
deflects,15,14
semi-passive,15,10
proxies,15,14
victoria,15,15
corneal,15,7
hpf,15,9
females,15,13
arraying,15,9
striders,15,9
ultrasound-based,15,15
exceedingly,15,15
kinematic-based,15,14
vsj,15,8
ugv's,15,9
collapses,15,15
bioelectric,15,9
keywords,15,14
cardiomyocytes,15,9
forward-facing,15,14
randomizing,15,15
covariant,15,12
singing,15,8
relearning,15,14
state-of,15,15
cannulas,15,11
intra-operatively,15,14
concentrically,15,15
pseudo-rigid,15,15
electro-hydrostatic,15,11
disconnecting,15,15
prestress,15,11
owners,15,13
inductors,15,9
ancient,15,12
axel,15,7
kelvin-voigt,15,15
ahrs,15,12
design-time,15,12
least-cost,15,12
rhc,15,10
irep,15,6
justifies,15,14
backflip,15,15
human-interpretable,15,14
magnify,15,15
cfm,15,5
self-replicating,15,9
self-replication,15,10
lim,15,6
middlewares,15,10
statuses,15,14
abf,15,5
small-diameter,15,14
leaking,15,13
minimum-cost,15,13
cosimulation,15,14
variable-curvature,15,12
pose-estimation,15,15
beating-heart,15,14
material's,15,15
legged-wheeled,15,9
chess,15,8
prescriptive,15,9
singapore,15,13
driver-assistance,15,15
retargeted,15,14
prefers,15,14
wheel-based,15,14
lamb,15,10
icsi,15,8
sensibility,15,10
tacit,15,8
launches,15,15
flooding,15,14
disregarded,15,14
kino-dynamic,15,13
electrolysis,15,9
pgm,15,9
smartly,15,13
heavy-load,15,12
sums-of-squares,15,13
non-invasively,15,13
faculty,15,15
roundabouts,15,15
dba,15,10
non-lambertian,15,13
prominence,15,15
cpf,15,9
footfall,15,13
kld,15,10
tailed,15,14
laryngeal,15,11
spanner,15,6
f-score,15,15
parametrize,15,15
leaps,15,13
semg-based,15,12
non-robust,15,14
night-time,15,12
unprocessed,15,15
neurorobotic,15,13
assert,15,15
cca,15,7
mortality,15,14
ultra-lightweight,15,15
feature-poor,15,12
unsynchronized,15,14
cable-pulley,15,8
optitrack,15,14
un-modeled,15,14
informativeness,15,13
unattended,15,14
imf,15,7
intellectual,15,14
restaurant,15,14
intrusive,15,15
scripted,15,14
lcm,15,8
brand,15,14
cwc,15,6
svsa,15,4
almost-surely,15,15
up-and-down,15,12
body-environment,15,10
gait-based,15,10
dual-slip,15,4
context-specific,15,14
poured,15,8
escalating,15,15
tdm,15,8
relu,15,11
fixed-size,15,14
kilohertz,15,14
stealthiness,15,12
loc,15,9
underpin,15,15
crowd-sourced,15,12
laban,15,8
resource-aware,15,13
push-grasping,15,9
any-angle,15,8
publishing,15,15
countermeasure,15,13
modelbased,15,15
obstructive,15,14
fibrillation,15,15
centerlines,15,11
micromanipulations,15,11
ehas,15,8
bop,15,9
particulate,15,13
authorities,15,12
microfiber,15,5
offboard,15,14
polylactic,15,15
hydrofoil,15,8
resizing,15,9
near-miss,15,3
nutrients,15,14
depleted,15,9
dual-path,15,12
africa,15,12
hkust-aerial-robotics,15,14
environment-aware,15,12
pollutant,15,8
child's,15,11
everyone,15,15
hurricane,15,9
socially-compliant,15,10
atari,15,12
clone,15,15
suspending,15,15
suction-based,15,14
sensor-specific,15,14
vive,15,12
high-strength,15,15
lively,15,15
vot,15,8
stuff,15,9
offset-free,15,12
correspondence-based,15,14
cultures,15,11
accelerators,15,14
centrality,15,10
channel-wise,15,13
pesticide,15,12
morl,15,6
hazy,15,6
ssi,15,5
segmentation-based,15,14
mm-diameter,15,15
selfish,15,10
drop-off,15,12
dodging,15,10
pca-based,15,9
ait,15,5
avc,15,4
personalizing,15,15
telemedicine,15,10
deeplabv,15,11
fertilizer,15,12
open-access,15,15
miniaturizing,15,14
exciter,15,6
mmp,15,6
image-only,15,13
aquaculture,15,7
person-following,15,10
fukushima,15,15
spacer,15,10
livox,15,9
reachbot,15,5
happy,15,14
mvsec,15,13
tta,15,4
tiago,15,15
battery-free,15,12
jaad,15,14
low-carbon,15,10
trolleys,15,9
hzd-based,15,8
gat,15,11
question-answering,15,12
nano-drones,15,9
srb,15,10
tod,15,7
personalised,15,12
int-ball,15,5
internet-scale,15,14
perturbation-based,15,14
inaccessibility,15,15
uie,15,4
hardware-based,15,15
eat,15,10
attack-defense,15,10
asymptomatic,15,2
shortcut,15,12
single-motor,15,13
moma,15,3
silk,15,11
ureteroscope,15,8
uois,15,8
affirming,15,15
co-learning,15,8
fwav,15,6
risk-bounded,15,7
acp,15,8
mcpf,15,4
offspring,15,14
multi-type,15,12
visual-lidar,15,12
moral,15,9
mamba-based,15,12
str,15,5
amota,15,12
temporal-spatial,15,11
segmental,15,9
longwall,15,3
imp,15,8
manipu,15,15
ima,15,4
eavesdropping,15,11
css,15,8
low-gain,15,12
nonexpert,15,13
mouth-opening,15,3
uncanny,15,10
vibrators,15,5
ric,15,7
monolithically,15,14
airbag,15,10
telerehabilitation,15,9
slammot,15,4
lamina,15,8
dc-dc,15,13
hammerstein,15,13
smps,15,8
microsecond,15,14
msh,15,3
apnea,15,4
hexrotor,15,8
neuroimaging,15,11
erector,15,13
dumbbell,15,10
docker,15,13
polarimetric,15,6
spillage,15,9
spmsm,15,5
courtesy,15,5
abc,15,9
snap-fit,15,7
mop,15,8
sma-driven,15,7
micropuncture,15,4
tdcrs,15,8
fpas,15,3
multi-motor,15,8
ladrc,15,4
cee,15,5
applica,15,9
runout,15,12
innovators,15,15
takagi,15,14
intercell,15,3
tariffs,15,6
bsss,15,3
memristive,15,7
mhsts,15,3
thermoacoustic,15,2
succinct,14,14
issuing,14,13
three-joint,14,11
microelectronics,14,14
underspecified,14,10
programing,14,14
gray-level,14,12
systolic,14,14
misses,14,14
gem,14,7
suggestion,14,14
enormously,14,14
massachusetts,14,13
small-batch,14,14
ill-suited,14,14
mechanization,14,11
rectifies,14,14
moveable,14,12
innermost,14,12
agreements,14,14
attributable,14,12
nonsymmetric,14,12
forty,14,14
caos,14,8
schedulers,14,14
daes,14,9
video-rate,14,12
two-degree,14,14
rotex,14,14
multimodel,14,13
c-surface,14,4
backtrack,14,11
delineated,14,14
selectable,14,12
terminated,14,14
forelimb,14,7
rips,14,4
developable,14,8
spray-painting,14,10
pole-zero,14,11
slew,14,12
conceptualized,14,14
asic,14,8
areal,14,13
scara-type,14,14
zero-error,14,11
disabling,14,13
variable-structure,14,13
conf,14,14
colocated,14,11
insulated,14,14
popov,14,13
computer-generated,14,14
six-link,14,13
pumped,14,14
latitude,14,11
bind,14,14
expandability,14,13
hyperredundant,14,11
worthwhile,14,14
wang,14,12
stimulates,14,13
mil,14,9
two-tier,14,11
c-spaces,14,14
seven-link,14,14
departs,14,14
phase-plane,14,11
pits,14,13
multimotion,14,5
canceled,14,14
flexspline,14,8
preimage,14,8
nilpotent,14,11
hsi,14,9
inadvertent,14,14
underdetermined,14,14
counterclockwise,14,14
independency,14,13
consequential,14,12
chromatic,14,11
computer-integrated,14,14
clp,14,3
overtime,14,12
pre-set,14,14
circulate,14,13
in-contact,14,12
intersected,14,14
eliciting,14,14
reciprocally,14,12
voice-coil,14,13
clarification,14,14
removable,14,9
flexed,14,14
somersaulting,14,5
tapes,14,11
swelling,14,13
polished,14,12
envelopment,14,8
sce,14,7
ditches,14,13
arthroplasty,14,14
non-model-based,14,9
pull-in,14,11
half-space,14,11
insect's,14,12
sinks,14,13
far-away,14,12
out-perform,14,14
electrically-driven,14,14
polite,14,7
hsc,14,6
touch-down,14,11
interferometers,14,10
gda,14,7
rus,14,10
high-volume,14,14
spms,14,9
declared,14,13
expediting,14,14
time-optimality,14,13
fist,14,11
force-motion,14,13
indenter,14,10
seedling,14,5
creature,14,14
coprime,14,12
material-handling,14,11
tending,14,14
roller-skating,14,5
mmw,14,7
metres,14,14
repertoires,14,13
biomanipulation,14,12
post-training,14,11
work-piece,14,9
recorder,14,11
dual-use,14,9
minefield,14,9
precomputing,14,14
taps,14,11
synchronisation,14,12
limp,14,9
rhombus,14,12
rival,14,14
passable,14,11
elucidates,14,14
emanating,14,14
barn,14,9
conjectured,14,14
substantiates,14,14
payload's,14,11
counteracts,14,14
alternation,14,12
sighted,14,10
phaser,14,4
prohibited,14,14
continuous-wave,14,14
discretisation,14,12
appreciation,14,14
predecessors,14,13
coli,14,9
convective,14,11
america,14,13
spokes,14,13
npid,14,4
tricycle,14,9
syclop,14,7
sub-controller,14,8
recommends,14,14
wave-like,14,14
shortcuts,14,11
hormone,14,9
renewed,14,14
hologram,14,10
comets,14,12
dives,14,11
embodying,14,14
holon,14,4
signum,14,11
spreads,14,14
assembler,14,10
atlases,14,9
mindstorms,14,10
miniaturize,14,14
ligand,14,8
parsed,14,13
fus,14,6
multi-walled,14,13
wipe,14,10
middle-size,14,13
htm,14,9
rev,14,6
sweden,14,14
axis-aligned,14,14
destroying,14,14
unicycle-type,14,14
rrs,14,8
edible,14,5
unites,14,14
alcohol,14,10
high-acceleration,14,13
behalf,14,14
impulse-based,14,11
spars,14,7
intracytoplasmic,14,13
refilling,14,9
local-to-global,14,12
viper,14,7
range-finders,14,13
phonemes,14,8
ail,14,7
penetrated,14,14
hypersphere,14,11
misdetection,14,9
collapsible,14,13
digitalization,14,14
odors,14,9
mpd,14,5
metric-topological,14,12
small-signal,14,8
telemanipulator,14,11
heritage,14,13
pressurizing,14,14
gmecs,14,6
mtbf,14,5
recoil,14,10
mld,14,5
dances,14,10
london,14,11
bookshelf,14,13
fetus,14,8
resistible,14,9
repeatably,14,14
subordinate,14,10
ill-posedness,14,12
csiro,14,12
phototaxis,14,10
pps,14,7
neurodynamics,14,10
crouch,14,9
neuroprosthesis,14,10
m-estimation,14,13
nutation,14,6
pmma,14,10
interconnects,14,12
aob,14,10
scratching,14,10
parameterisation,14,11
beginner,14,13
beamformer,14,10
oscar,14,9
serpenoid,14,12
nodding,14,9
ell,14,8
rehabilitate,14,13
protruding,14,14
demographic,14,12
radiology,14,10
gsf,14,3
inhibits,14,14
olfaction,14,9
pir,14,8
under-constrained,14,14
grace,14,7
configures,14,14
field-tested,14,13
self-similar,14,14
loaders,14,10
costing,14,14
forklifts,14,11
readability,14,11
elder,14,9
workbench,14,13
annually,14,13
underrepresented,14,11
uvs,14,10
shielded,14,14
well-controlled,14,13
eif,14,10
bi-modal,14,11
zig-zag,14,13
octarm,14,11
system-on-chip,14,14
preoperatively,14,13
paw,14,9
pin-array,14,6
salt,14,13
stitched,14,13
usarsim,14,11
morphs,14,13
slp,14,6
mortar,14,11
inventories,14,12
tripedal,14,8
fds,14,8
finalized,14,14
sba,14,9
inhibiting,14,14
loud,14,13
stators,14,12
distributor,14,7
binning,14,7
polypyrrole,14,11
swims,14,12
granted,14,14
antagonism,14,11
freeze,14,13
acetabular,14,9
one-hop,14,9
bpm,14,8
eigen,14,10
granting,14,14
neuromusculoskeletal,14,12
vent,14,11
roms,14,10
invest,14,14
first-ever,14,14
phasic,14,7
pauses,14,12
co-training,14,10
microcapsules,14,7
subtracted,14,12
androids,14,8
rbc,14,6
cdpms,14,5
rewriting,14,13
pull-off,14,14
grazing,14,10
songs,14,7
musicians,14,12
puzzles,14,10
microdevices,14,12
action-based,14,8
non-magnetic,14,11
exposures,14,11
rvm,14,4
ift,14,6
uio,14,7
pebble,14,11
gtx,14,14
hunt-crossley,14,13
mmnn,14,2
aka,14,14
signal-based,14,13
ballast,14,11
swaps,14,9
torque-to-weight,14,11
natural-looking,14,12
mug,14,11
pre-processed,14,13
lvs,14,6
difficult-to-model,14,13
competitor,14,13
easiness,14,14
jcbb,14,7
microdevice,14,8
tss,14,6
unimanual,14,11
perpetual,14,12
odds,14,13
point-of-view,14,14
eulerian,14,10
superparamagnetic,14,11
affinities,14,9
boulders,14,13
lpa,14,6
perforated,14,8
revolutions,14,13
fdes,14,6
hifu,14,8
enhancer,14,12
declined,14,12
artists,14,11
e-sem,14,5
context-free,14,9
post-operative,14,13
rdt,14,5
per-point,14,13
interclass,14,9
mogp,14,5
counterexamples,14,9
untapped,14,14
azimuthal,14,12
single-item,14,10
sequence-dependent,14,13
continuous-space,14,14
soften,14,14
catheter's,14,13
loop-closures,14,13
velocimetry,14,14
vacant,14,13
roboearth,14,7
tow,14,10
csd,14,4
octahedral,14,8
nanomanipulations,14,7
normalised,14,13
sentry,14,8
radar-only,14,12
rasterization,14,10
label-free,14,14
raycasting,14,11
rocker-bogie,14,8
encloses,14,14
self-paced,14,11
remapping,14,9
taper,14,6
elastography,14,7
post-processed,14,14
moo,14,10
froude,14,11
races,14,12
vst,14,8
synergy-based,14,12
intentionality,14,11
reshapes,14,14
robot-world,14,9
osc,14,6
kingdom,14,14
culturing,14,7
minimizer,14,10
downward-looking,14,13
dds,14,10
bi-objective,14,12
disappears,14,13
beach,14,12
dancer,14,9
no-fly,14,11
tuple,14,11
durus,14,6
r-slip,14,7
non-maximum,14,14
full-resolution,14,10
dec-pomdp,14,11
dead-end,14,13
kapandji,14,12
eddy-current,14,10
laptops,14,12
settled,14,12
underdeveloped,14,14
tomographic,14,12
mota,14,13
deactivated,14,13
all-day,14,10
raven-ii,14,11
boasts,14,14
d-slip,14,7
multi-degrees-of-freedom,14,14
peppers,14,9
annotator,14,13
lstms,14,13
semi-static,14,10
hemiparesis,14,13
ikea,14,12
virtualization,14,14
target-domain,14,9
global-shutter,14,10
perforating,14,3
ucb,14,10
tango,14,14
natively,14,14
pmi,14,7
admittance-controlled,14,10
dilemmas,14,8
hurt,14,14
voc,14,13
inter-object,14,13
convnet,14,12
straps,14,10
undermines,14,14
slabs,14,7
ppe,14,6
flag,14,13
okvis,14,11
dcc,14,6
cattle,14,5
tip-extending,14,11
granules,14,11
hopefully,14,14
vgr,14,2
deviated,14,14
multi-scenario,14,12
subject-independent,14,9
leakages,14,11
constituents,14,13
blindness,14,11
docks,14,9
intervehicle,14,9
replaying,14,14
data-dependent,14,14
category-agnostic,14,11
ingestible,14,13
user-adaptive,14,13
subjectivity,14,13
vastus,14,11
orders-of-magnitude,14,14
aha,14,2
inference-based,14,13
mcd,14,10
contact-aided,14,10
piezo-driven,14,13
orderly,14,13
room-scale,14,13
conduits,14,8
htc,14,12
industrial-grade,14,13
ethz-asl,14,14
enablers,14,14
waam,14,5
occlusion-free,14,14
caution,14,14
clfs,14,13
xrl,14,4
surpassed,14,14
hdvs,14,6
kimera,14,7
europa,14,10
muddy,14,11
multipole,14,13
disrupts,14,14
highd,14,13
unet,14,11
dcf,14,6
motion-aware,14,13
task-and-motion,14,12
recurrently,14,13
encircle,14,12
c-means,14,13
prefabricated,14,12
habit,14,8
hyper-redundancy,14,13
trusting,14,12
highdimensional,14,14
scan-to-scan,14,13
msrr,14,9
ultra-fast,14,11
diversify,14,14
rvt,14,4
colonoscopies,14,9
herbicide,14,8
kullback,14,13
leibler,14,13
demodulation,14,11
lidar-inertial-visual,14,11
fast-growing,14,14
underperform,14,14
riders,14,8
labour-intensive,14,14
ors,14,10
threatening,14,14
robot-terrain,14,12
unannotated,14,13
frida,14,6
ct-sdr,14,6
yarns,14,8
mfrl,14,6
cost-aware,14,10
illness,14,11
updrafts,14,6
auroc,14,12
underscored,14,14
fast-changing,14,14
zero-torque,14,13
unwieldy,14,14
secrets,14,10
usde,14,6
novel-view,14,11
gossip,14,9
self-model,14,7
nrsfm,14,4
pomcp,14,6
groundbreaking,14,14
pylori,14,3
ccp,14,7
front-view,14,12
beginners,14,12
decimeter-level,14,14
terrestrial-aerial,14,8
hfc,14,6
geq,14,10
planted,14,12
prebuilt,14,13
vlm-based,14,14
indenters,14,8
low-overlap,14,9
tokenization,14,8
first-principle,14,10
reverie,14,8
particularities,14,14
kine,14,13
zinc,14,8
interdigital,14,10
multi-agv,14,9
vrcc,14,3
rbfnns,14,8
sbm,14,4
acm-r,14,4
piezoactuator,14,7
leased,14,3
multi-frequency,14,11
enjoying,14,13
feathering,14,6
ude,14,6
analogously,14,14
high-energy,14,14
mooring,14,8
bcd,14,9
inertial-aided,14,10
wilderness,14,11
playful,14,10
copula,14,8
pmv,14,4
tribot,14,5
fpca,14,6
skylight,14,9
vgrf,14,4
vsdea,14,2
tsr,14,5
plant-wide,14,9
ttre,14,2
squirrel,14,6
aeroengine,14,10
restaurants,14,13
supply-demand,14,10
e-taxi,14,2
maml,14,10
lus,14,4
motif,14,5
sne,14,5
co-optimize,14,12
renew,14,14
pta,14,6
aphi,14,4
latin,14,12
fin-ray,14,9
deepbhmr,14,2
ao-grasp,14,1
pftc,14,3
hilo,14,4
deepc,14,5
triboelectric,14,9
sheaths,14,9
cdcs,14,3
citation,14,12
uv-c,14,4
timetable,14,7
mspace,14,3
sbpm,14,2
brake-by-wire,14,9
meta-heuristics,14,8
wie,14,11
astrobots,14,2
pleased,14,14
myocardial,14,4
piezoelectric-driven,14,11
moray,14,1
scitopia,14,14
heaven,14,14
microforming,14,2
tft,14,2
monthly,14,5
demagnetization,14,6
oms,14,5
ahu,14,6
feedstock,14,2
dhn,14,2
flss,14,11
pncm,14,1
pmbp,14,1
photodetectors,13,9
netherlands,13,12
nongeometric,13,8
transistors,13,10
entropies,13,9
workpart,13,6
pole-placement,13,13
prolog,13,13
motorola,13,13
conversions,13,11
degenerates,13,13
alv,13,9
inches,13,11
mdof,13,6
prof,13,10
oscillated,13,12
load-dependent,13,10
consortium,13,12
multi-attribute,13,9
redirect,13,12
orbiter,13,12
aberration,13,13
rotatory,13,12
timoshenko,13,12
february,13,12
whiteboard,13,11
labyrinth,13,7
trimmed,13,12
corporate,13,12
hic,13,7
concerted,13,10
freed,13,13
debug,13,13
focusses,13,11
compliancy,13,11
safeness,13,10
single-model,13,12
salisbury,13,13
reads,13,13
slotine,13,12
revising,13,13
rivet,13,8
distributed-parameter,13,11
motion-control,13,13
quartic,13,9
ditch,13,6
visible-light,13,11
creases,13,13
self-repairing,13,8
six-joint,13,13
documenting,13,13
orientating,13,13
multiply,13,13
patching,13,13
aberrations,13,7
force-moment,13,9
reprogrammed,13,13
grease,13,8
noncausal,13,11
collision-avoiding,13,11
n-step,13,10
parameterizable,13,13
convergences,13,13
unusable,13,13
intimately,13,13
poorer,13,13
multiport,13,9
weakest,13,10
reserves,13,12
fastener,13,8
punctured,13,13
sage,13,5
presumed,13,13
chimera,13,4
graph-structured,13,13
ill-defined,13,13
task-independent,13,13
context-sensitive,13,11
grinder,13,9
hill-climbing,13,13
disambiguating,13,12
aic,13,7
laboratory-based,13,13
cocontraction,13,7
qft,13,6
spring-mass-damper,13,10
mercury,13,8
motor-based,13,10
ltm,13,4
user-selected,13,13
symptom,13,10
macros,13,11
tangents,13,12
sizable,13,13
hopfield,13,11
recognizability,13,8
electropneumatic,13,12
dahl,13,11
metamodel,13,9
time-state,13,7
near-real-time,13,11
kanban,13,6
self-improvement,13,9
radio-controlled,13,13
prescription,13,8
receptacle,13,8
neurophysiology,13,12
suf,13,3
integrally,13,12
moons,13,12
compasses,13,8
plucker,13,9
unambiguously,13,12
airgap,13,9
toronto,13,13
matchings,13,12
hexagon,13,11
residing,13,13
npd,13,5
vdp,13,4
taxonomies,13,11
owning,13,13
hilly,13,12
range-of-motion,13,12
taskspace,13,9
electrostatically,13,13
stripping,13,9
interferometric,13,13
sub-spaces,13,10
if-then,13,12
imss,13,4
land-based,13,13
robot-obstacle,13,12
tact,13,11
struck,13,12
coincidence,13,13
sodium,13,12
quadruple,13,11
non-intersecting,13,13
forecasted,13,12
recoveries,13,10
articulated-body,13,8
postulated,13,13
telephone,13,10
vacuuming,13,13
factorial,13,13
inclinometers,13,11
co-ordination,13,11
softly,13,12
semi-automatically,13,13
seedlings,13,6
grafting,13,13
quarry,13,11
ndp,13,5
search-space,13,12
hyperboloidal,13,9
atm,13,7
fcfs,13,9
imposition,13,13
linearisation,13,11
algebras,13,13
counterexample,13,10
deadzone,13,10
platinum,13,11
convoying,13,10
high-pass,13,11
changeover,13,9
psychophysics,13,13
locally-optimal,13,12
aircraft's,13,12
scientist,13,12
accesses,13,13
mdl,13,9
anode,13,11
crystals,13,9
concavities,13,11
questionable,13,13
quasi-linear,13,13
extruded,13,10
resonators,13,9
nocturnal,13,7
monoped,13,12
reversals,13,11
vgt,13,5
switzerland,13,13
overhang,13,12
bivariate,13,13
comet,13,10
blank,13,11
pseudo-random,13,13
overshooting,13,12
billions,13,13
sensorised,13,11
rally,13,12
hamilton-jacobi-isaacs,13,12
meteorites,13,5
realizability,13,12
singularity-robust,13,13
turk,13,13
problem's,13,13
interpenetration,13,12
import,13,13
pentium,13,13
communication-constrained,13,12
discreteness,13,11
sectional,13,12
manus,13,12
open-pit,13,12
moods,13,9
subdividing,13,13
electro-rheological,13,12
weave,13,9
pre-clinical,13,12
hmds,13,9
target-tracking,13,13
pre-selected,13,13
davinci,13,13
infant's,13,6
stand-up,13,6
presumably,13,13
low-torque,13,13
rgs,13,6
precluding,13,13
frail,13,11
ssp,13,8
musculature,13,11
tmr,13,6
cls,13,6
sonographer,13,13
discrete-state,13,11
theater,13,11
pre-requisite,13,13
reaming,13,7
d-lipm,13,8
repositioned,13,13
unorganized,13,13
consonant,13,5
antarctica,13,11
spectrometer,13,11
judges,13,12
mrinspect,13,9
parkinson,13,8
marketplace,13,12
locator,13,10
pvfc,13,5
implanting,13,13
tele-micromanipulation,13,9
close-to-optimal,13,13
patient-side,13,10
museums,13,13
wholebody,13,13
multizone,13,10
acceleration-level,13,6
extensors,13,11
high-mobility,13,10
realising,13,13
ste,13,4
nac,13,6
cctv,13,8
equity,13,8
point-by-point,13,11
envisage,13,12
slid,13,12
lower-mobility,13,3
galvanometer,13,12
mandibular,13,6
harmless,13,13
livelock,13,9
pcg,13,6
microelectrode,13,6
overturn,13,10
foot's,13,12
robot-sensor,13,12
renewal,13,11
sir,13,8
trick,13,11
deposits,13,10
ultrasonography,13,11
inquiry,13,12
viterbi,13,12
inertial-based,13,10
avionics,13,12
cobotic,13,7
fun,13,10
pre-calculated,13,13
cross-talk,13,12
daughter,13,6
transrectal,13,11
ime,13,4
tiers,13,11
ent,13,10
maximises,13,13
seawater,13,11
tactic,13,12
hippocampal,13,8
u-shape,13,11
pbs,13,8
lrv,13,2
percept,13,10
lengthen,13,12
precious,13,13
scalably,13,11
transitioned,13,13
nimble,13,13
grassmann,13,12
swallow,13,11
telexistence,13,8
chloride,13,13
waypoint-based,13,10
ptl,13,5
tractably,13,13
self-moving,13,8
discloses,13,13
subcomponents,13,12
csa,13,10
electrocardiogram,13,12
oven,13,12
changer,13,11
fib,13,12
crlb,13,11
supply-chain,13,6
pre-tension,13,7
lbp,13,8
pdc,13,9
oversampling,13,11
ward,13,9
pliable,13,10
hris,13,9
stigmergy,13,11
gantry-tau,13,9
biomaterial,13,9
monterey,13,10
bikes,13,10
multi-axial,13,10
sis,13,7
opponent's,13,10
experimenters,13,10
cube-shaped,13,9
miniaturised,13,13
lizards,13,11
soft-magnetic,13,11
overlays,13,11
submap-based,13,13
seesaw,13,6
portraits,13,11
spins,13,13
ontology-based,13,13
thermo,13,8
pre-contact,13,12
cryogenic,13,7
buildup,13,13
idm,13,9
percussive,13,8
lecture,13,9
cabled,13,11
bony,13,12
basilisk,13,11
micro-particles,13,12
blunt,13,11
crushed,13,11
brm,13,6
self-reported,13,12
electrolyte,13,12
junior,13,11
donor,13,11
clicking,13,10
cartridge,13,8
curtain,13,9
non-symmetric,13,9
epa,13,9
co-exist,13,13
virtual-reality,13,13
dragged,13,13
torque-driven,13,9
spastic,13,7
obstacle-aided,13,11
surface's,13,13
eigenvectors,13,10
undetermined,13,12
eigenvector,13,11
undesirably,13,13
underside,13,12
bfs,13,6
sof,13,4
haptic-enabled,13,12
globe,13,13
cans,13,11
asperities,13,9
backed,13,13
trackable,13,11
filed,13,13
underestimated,13,13
fault-detection,13,10
realms,13,11
cbct,13,6
disappearing,13,12
arousal,13,11
lls,13,7
hark,13,10
wls,13,7
phasing,13,12
mei,13,4
roadways,13,13
recomputed,13,12
lightning,13,10
banked,13,8
robotics-based,13,11
misplaced,13,11
centric,13,12
non-monotonic,13,13
regularizing,13,12
burgeoning,13,13
excites,13,13
cyclist,13,13
raindrops,13,8
blockages,13,12
high-friction,13,11
non-hierarchical,13,12
workings,13,13
wanted,13,13
rescuing,13,12
hamming,13,13
codewords,13,6
achilles,13,9
hero,13,7
variable-pitch,13,7
wta,13,6
supercapacitor,13,6
dysphagia,13,5
human-safe,13,13
practiced,13,13
lexicon,13,9
eye-tracking,13,13
discretizations,13,13
distinctively,13,13
parses,13,12
parameter-free,13,12
terrainability,13,8
mileage,13,13
conceive,13,13
fostered,13,13
vibrate,13,13
self-fold,13,12
double-limb,13,9
icrs,13,9
underestimation,13,12
idim,13,6
ltlmop,13,7
pvt,13,3
highlevel,13,13
hello,13,13
sprint,13,6
mabel,13,7
troubleshooting,13,10
thinner,13,11
octopus-inspired,13,13
lps,13,4
pre-planning,13,11
subcellular,13,8
gondola,13,5
d-net,13,6
apr,13,8
range-limited,13,13
microobject,13,10
exchangeable,13,12
knobs,13,11
adjectives,13,7
coreset,13,8
starleth,13,9
migrating,13,12
omniwheels,13,8
recommender,13,10
bandits,13,13
revolving,13,9
design's,13,13
deficit,13,13
multi-part,13,9
ffd,13,5
dsl,13,9
constraint-aware,13,12
geodetic,13,7
non-real-time,13,10
cosserat-rod,13,10
paper-based,13,9
insect-like,13,11
endangering,13,13
intermodal,13,8
key-points,13,9
post-process,13,13
unguided,13,13
lifestyle,13,11
mid-flight,13,12
rgb-d-based,13,13
region-of-interest,13,13
publicly-available,13,13
hmp,13,5
unsupported,13,9
calculi,13,4
nature's,13,13
indoor-outdoor,13,12
imprint,13,7
renderable,13,11
difficult-to-reach,13,12
minir-ii,13,8
interleave,13,13
nematode,13,11
multicellular,13,9
topographies,13,13
actuator-driven,13,11
front-facing,13,13
signifies,13,13
smartphone-based,13,13
ultrathin,13,9
centralization,13,7
motion-level,13,13
turbt,13,6
ompl,13,11
bmis,13,10
bandwidth-limited,13,11
biped's,13,12
handrail,13,10
corrupting,13,13
casual,13,12
darwin-op,13,13
redefine,13,13
bronchoscopic,13,7
beet,13,11
overt,13,9
egain,13,11
fingernails,13,8
under-segmentation,13,12
sender,13,11
walk-man,13,11
bnb,13,7
grapes,13,8
back-to-back,13,13
metabolism,13,9
vegetable,13,9
cse,13,10
governors,13,9
long-run,13,12
vin,13,6
caterpillar-like,13,8
suav,13,6
strain-limiting,13,12
undistorted,13,13
lathe,13,12
hydra,13,6
separator,13,8
self-constructed,13,13
stimuli-responsive,13,11
collisionfree,13,12
true-north,13,4
etas,13,5
confers,13,13
permanence,13,7
furthering,13,13
maestro,13,6
multilinks,13,7
convolution-based,13,13
quadrants,13,10
apartments,13,12
semantics-aware,13,9
self-interested,13,11
emi,13,8
asa,13,6
elicitation,13,12
taxiing,13,7
sol,13,8
ego-noise,13,7
imitator,13,8
electrified,13,8
self-recorded,13,12
stricter,13,12
good-quality,13,12
headsets,13,10
lightest,13,11
ptls,13,4
armband,13,9
unwinding,13,11
insoles,13,9
optoacoustic,13,5
yoshimura,13,11
grafts,13,8
mmr,13,4
classification-based,13,12
mpnet,13,6
powerlines,13,7
wildfires,13,13
mins,13,10
nordland,13,13
righting,13,9
lego-loam,13,7
longer-term,13,12
genus,13,10
pmcs,13,3
bristles,13,10
anchor-based,13,13
lidar-visual,13,12
multiway,13,7
eis,13,4
uncertainty-based,13,13
norm-bounded,13,12
milk,13,11
tensegrity-based,13,11
amortized,13,11
unleash,13,13
apertures,13,12
rcnn,13,11
autocomplete,13,4
wayfinding,13,8
gnn-based,13,11
rte,13,9
kimera-multi,13,3
hungry,13,13
imitation-based,13,11
low-density,13,13
ifc,13,5
sars,13,9
clipper,13,3
hamlyn,13,11
intracorporeal,13,12
pointgoal,13,9
snowfall,13,8
ego-agent,13,6
hodograph,13,12
semantic-based,13,10
tors,13,10
rfc,13,5
hsa,13,6
tracklets,13,6
mhpc,13,4
class-incremental,13,9
robophysical,13,12
incineration,13,10
pie,13,11
tracklet,13,8
action-space,13,8
slotted,13,12
force-impedance,13,11
expert-level,13,13
spade,13,7
cross-frame,13,9
in-space,13,12
bell,13,13
defending,13,12
virtualhome,13,13
auto-labeling,13,10
shunted,13,10
pat,13,8
dgr,13,10
aliengo,13,11
image-text,13,12
iap,13,6
countering,13,13
full-pose,13,12
signalized,13,11
prolongs,13,12
ser,13,7
sws,13,3
vaes,13,8
catl,13,5
dipper,13,4
synergic,13,9
learningbased,13,11
quantizers,13,7
qdd,13,9
gitlab,13,13
pioneers,13,13
hd-semg,13,6
crl,13,6
hiro,13,5
meter-scale,13,13
crafting,13,12
patch-level,13,12
dgs-slam,13,9
utm,13,8
arboreal,13,12
high-reward,13,13
rip,13,3
error-free,13,13
offloaded,13,10
defenses,13,8
dpt,13,4
purity,13,10
pto,13,6
cos,13,7
messenger,13,6
ribs,13,10
bender,13,9
surmounting,13,10
eod,13,6
czmp,13,3
ibr,13,5
impc,13,6
ild,13,5
capillaries,13,9
mcps,13,5
in-cylinder,13,8
dwt,13,12
vocabularies,13,8
aperiodically,13,8
encased,13,13
hdp,13,8
ncp,13,7
dlc,13,3
soft-robot,13,9
sack,13,3
superresolution,13,5
bsm,13,8
retuning,13,13
spad,13,1
mdn,13,10
tensor-based,13,11
spandex,13,7
ver,13,7
hard-to-model,13,13
ian,13,8
cavitation,13,6
lisa,13,4
omr,13,2
hangrawler,13,2
auscultation,13,4
crmi,13,4
pnl,13,4
znn,13,7
entanglements,13,7
rephotography,13,2
pneunet,13,10
eqa,13,5
sfe,13,5
empc,13,6
organoids,13,5
tcpa,13,3
multifrequency,13,11
premier,13,13
motor-joint,13,3
window-cleaning,13,3
wts,13,5
milligram,13,8
load-side,13,5
subdomain,13,11
schedulable,13,8
hdds,13,9
prstl,13,3
editor-in-chief,13,13
csea,13,2
multioutput,13,12
octopi,13,3
nanomotors,13,3
sellers,13,4
buyers,13,4
queer,13,1
biorobot,13,3
up-to-the-minute,13,13
titles,13,13
avi,13,5
ambs,13,11
piezoelectric-actuated,13,8
grid-connected,13,10
hst,13,3
hgv,13,3
hfvs,13,5
sosm,13,3
blfs,13,9
froth,13,3
sensor-to-controller,13,11
bpmn,13,2
pdob,13,2
l-pbf,13,2
lot-splitting,13,1
roboec,13,1
zenoness,13,1
kiln,13,1
wch,13,1
stvs,13,2
peripherals,12,10
fac,12,6
tst,12,4
pennsylvania,12,12
brooks,12,6
gage,12,12
lagrange-euler,12,9
substitutions,12,11
multiprocessing,12,11
interrelationships,12,12
potentiality,12,12
bundling,12,8
typed,12,10
pipelining,12,12
inverse-kinematics,12,12
cartesian-based,12,11
viz,12,12
spr,12,9
owl,12,9
imprecisely,12,12
perturbs,12,12
stating,12,12
welder,12,6
welded,12,11
proceeding,12,12
isomorphism,12,12
sinusoid,12,11
lts,12,7
tetrahedra,12,8
raibert's,12,9
postal,12,7
maple,12,8
perceptible,12,11
valleys,12,9
computer-vision,12,12
moore-penrose,12,11
through-hole,12,8
vectorization,12,8
load-sharing,12,10
designate,12,12
orthotics,12,12
necessitated,12,12
rti,12,7
gilbert,12,10
ration,12,12
infrequently,12,12
micro-motion,12,5
int,12,12
priced,12,12
nonminimum-phase,12,9
brittleness,12,12
skew-symmetric,12,11
manpower,12,11
nonmonotonic,12,11
self-location,12,11
in-motion,12,5
strange,12,8
kth,12,10
subprocesses,12,9
flow-shop,12,8
omission,12,12
mediation,12,12
n-sided,12,11
dpss,12,4
kohonen's,12,10
localizations,12,12
left-hand,12,10
hfm,12,5
eigenstructure,12,8
vrc,12,4
neurocontroller,12,8
error-driven,12,12
neumann,12,11
task-planning,12,12
cancelled,12,11
inria,12,12
kinestatic,12,9
exercising,12,11
resorts,12,12
counterbalancing,12,11
crux,12,12
devote,12,12
pessimistic,12,12
mars-like,12,11
ball-screw,12,7
satellite-based,12,12
deleting,12,11
inhibited,12,12
xy-plane,12,9
mover's,12,12
sub-network,12,11
satisficing,12,10
somehow,12,12
fired,12,12
arma,12,7
tells,12,12
aggravated,12,11
vector-field,12,10
venous,12,10
specularities,12,12
wisely,12,12
thoughts,12,12
backing,12,10
tbd,12,6
crashing,12,12
wheelchair-mounted,12,12
clears,12,12
robot-camera,12,10
teleoperates,12,12
bacterium,12,11
dme,12,7
sub-modules,12,10
edited,12,12
tpns,12,8
assortment,12,9
contest,12,11
ordnance,12,12
telemonitoring,12,6
sinusoidally,12,11
skateboard,12,8
sub-centimeter,12,12
mid-range,12,10
traveler,12,7
redistribute,12,12
two-camera,12,8
halls,12,11
prr,12,8
feedthrough,12,7
wavy,12,6
slant,12,9
walkable,12,8
penetrations,12,11
downloading,12,11
berry,12,6
bunch,12,9
doubt,12,11
dual-camera,12,11
director,12,11
ultra-precision,12,8
unlearned,12,8
incompatibilities,12,10
telemanipulated,12,10
dyad,12,11
flawed,12,12
rod-like,12,11
teleoperator's,12,11
infra-red,12,10
kalman-filter,12,12
yo-yo,12,3
persistency,12,12
rfnn,12,3
analog-to-digital,12,12
side-to-side,12,11
distally,12,11
ror,12,4
mia,12,5
piecewise-constant,12,11
motion-controlled,12,10
speedy,12,12
semi-rigid,12,11
functioned,12,11
kgf,12,11
shrunk,12,11
arthroscopy,12,7
drumming,12,7
terminating,12,12
resupply,12,9
frame-invariant,12,9
neutralize,12,12
full-dimensional,12,12
grabbed,12,11
micro-electromechanical,12,12
short-lived,12,11
free-joint,12,8
micro-gripper,12,10
human-demonstrated,12,9
counted,12,12
rigor,12,12
transform-based,12,12
mops,12,5
supermarkets,12,12
nexus,12,9
eight-legged,12,11
extents,12,12
hearts,12,9
conformance,12,12
fujitsu,12,12
negotiations,12,8
harunobu,12,6
collision-tolerant,12,9
unsegmented,12,10
discretised,12,12
co-planar,12,7
earthmoving,12,7
quadtrees,12,8
caring,12,11
interconnecting,12,12
six-wheeled,12,11
unidentified,12,11
bomb,12,11
mazes,12,12
flattened,12,12
unscheduled,12,11
single-vehicle,12,11
nomadic,12,12
two-module,12,12
undue,12,12
present-day,12,11
holograms,12,10
vents,12,10
exam,12,6
younger,12,10
robo-centric,12,8
self-localize,12,12
caster-like,12,10
rcn,12,4
inter-joint,12,9
abduction-adduction,12,10
enlargement,12,10
tactor,12,7
rodents,12,9
collateral,12,12
apparatuses,12,9
single-body,12,10
excitement,12,9
extremes,12,11
needle-like,12,8
hms,12,5
inhibitor,12,9
mwnts,12,8
tpa,12,7
visualizes,12,12
on-screen,12,8
snake's,12,10
way-point,12,10
electro-active,12,10
washout,12,7
deadlock-prone,12,7
mnn,12,5
desks,12,11
spoon,12,10
lagrange-d'alembert,12,10
upu,12,8
racer,12,7
invested,12,12
robian,12,5
treadport,12,8
robot-independent,12,9
summit,12,8
neurobiological,12,11
rtm,12,7
urological,12,7
sdk,12,11
slosh,12,4
msp,12,5
manifestation,12,11
double-acting,12,11
servovalves,12,10
foils,12,7
nuts,12,11
recirculation,12,10
smm,12,4
hnn,12,4
operational-space,12,9
sits,12,12
crouching,12,9
outgoing,12,12
lectures,12,11
happiness,12,10
sadness,12,12
perpendicularly,12,12
biomimetics,12,12
transponders,12,11
svm-based,12,12
msl,12,9
cybernetics,12,8
directive,12,11
mav's,12,8
workability,12,6
re-calibration,12,11
heaters,12,11
transcutaneous,12,11
storm,12,8
redistributing,12,12
chessboard,12,11
zipping,12,9
rat's,12,8
rivals,12,11
leaky,12,11
relabeling,12,11
unaided,12,12
dosing,12,8
pegasus,12,4
cycab,12,7
chain-like,12,9
tradition,12,12
self-organizes,12,11
camera-robot,12,12
penguin,12,8
latches,12,12
ipn,12,6
drp,12,4
trus,12,6
darwin,12,6
egress,12,10
methacrylate,12,12
carving,12,11
sfs,12,6
re-design,12,12
markup,12,12
sideway,12,9
nicely,12,12
six-strut,12,7
triangulations,12,10
photographic,12,11
handlebar,12,9
advection-diffusion,12,12
stigmergic,12,7
boxfish,12,6
declare,12,12
mech,12,12
arthropods,12,11
imported,12,12
collided,12,6
dampening,12,9
scenario-specific,12,11
best-known,12,12
larger-scale,12,11
esns,12,4
strata,12,8
ispace,12,5
aug,12,12
spectroscopic,12,10
prbm,12,5
lgmd,12,2
child-robot,12,8
rao-blackwellised,12,12
mobile-robot,12,9
distorting,12,12
reeds-shepp,12,8
unintentionally,12,11
recommending,12,12
discernible,12,12
pressure-sinkage,12,5
rsp,12,4
ldr,12,7
self-similarity,12,11
convincingly,12,12
cvd,12,9
nmm,12,10
slippages,12,12
arva,12,4
forensic,12,7
sheet-like,12,11
co-activation,12,9
studio,12,9
unraveling,12,4
penalty-based,12,10
helium,12,11
wave-based,12,9
transposed,12,10
fully-distributed,12,7
neo-hookean,12,10
fraunhofer,12,9
metropolitan,12,11
unauthorized,12,11
front-wheel,12,9
buav,12,2
opensource,12,12
threatened,12,12
filtration,12,10
photometrically,12,10
multiplying,12,12
data-level,12,8
upf,12,7
ro-slam,12,7
non-probabilistic,12,10
multi-segmented,12,8
motivational,12,8
ldp,12,5
submersibles,12,12
non-collision,12,9
chain-type,12,9
factorize,12,12
softened,12,11
t-branch,12,6
bio-inspiration,12,12
high-priority,12,9
landed,12,12
blackouts,12,10
input-state,12,11
inadequately,12,12
runways,12,10
mprs,12,5
linearizations,12,12
pores,12,9
non-autonomous,12,11
submodels,12,11
punctual,12,12
ablate,12,11
gridmap,12,7
refuel,12,10
elicits,12,12
wrench-closure,12,8
highly-accurate,12,12
ltr,12,8
consolidate,12,12
two-staged,12,12
dispense,12,10
pythagorean,12,12
saxophone,12,6
psf,12,10
non-existence,12,11
sirius,12,6
ball-shaped,12,12
angle-based,12,11
polynomial-based,12,11
disengaging,12,10
silicon-on-insulator,12,11
coworker,12,10
unperceived,12,10
payoffs,12,8
traumatic,12,12
zero-velocity,12,11
multi-module,12,11
co-registered,12,9
bronchi,12,8
sprung,12,11
psrs,12,5
dsss,12,5
bystanders,12,12
instantiates,12,12
hospitalization,12,10
zero-order,12,11
cross-sensor,12,9
scrub,12,5
platform-specific,12,10
multi-unit,12,11
dormant,12,10
stereo-camera,12,12
tolerates,12,12
micro-fluidic,12,9
micro-air,12,12
blender,12,12
ping,12,11
rsw,12,5
enucleation,12,9
academy,12,12
ati,12,11
reweighting,12,9
osteolysis,12,9
v-slam,12,8
tele,12,10
multinomial,12,10
schooling,12,9
pleasing,12,11
recharged,12,12
stimulator,12,11
isr,12,6
farmland,12,8
ultra-short,12,11
visions,12,12
lasso,12,10
d-ndt,12,5
barometer,12,11
infrastructure-based,12,9
sorter,12,7
advisable,12,12
feasibly,12,12
bhr,12,10
capsubot,12,3
pullout,12,11
annealed,12,9
microrobot's,12,11
player's,12,9
treadmills,12,10
frame-straddling,12,3
kai,12,6
minds,12,9
mfg,12,3
caging-based,12,9
covariates,12,7
exchanger,12,8
interchangeability,12,11
refrigerators,12,4
rheotaxis,12,6
competently,12,12
delegated,12,11
lugs,12,7
subdimensional,12,5
yoke,12,10
relative-pose,12,10
pois,12,7
parrot,12,12
uninformed,12,11
rtf,12,6
fluid-based,12,11
arp,12,5
automata-based,12,11
cost-optimal,12,10
day-night,12,12
tele-control,12,8
daylight,12,12
colorized,12,9
delineates,12,12
dining,12,12
illuminance,12,9
interlocked,12,12
cephalopods,12,12
bi-criteria,12,5
thermal-infrared,12,4
up-to-scale,12,10
secures,12,12
multi-physics,12,12
alex,12,6
cds,12,4
sluggish,12,11
upper-bounded,12,11
hanger,12,5
human-provided,12,11
fore-aft,12,11
precluded,12,12
piled,12,10
bi-rrt,12,7
gendered,12,4
stalling,12,12
maternal,12,6
arbitrary-shaped,12,11
fbg-based,12,10
baggage,12,9
gtsp,12,8
laugh,12,4
keyword,12,7
confinement,12,10
penalization,12,11
pause,12,10
reassignment,12,10
unhindered,12,11
csail,12,11
inhand,12,12
lbt-rrt,12,2
segregate,12,10
cucumber,12,7
tibial,12,7
invokes,12,12
framerate,12,11
nouns,12,7
inversion-eversion,12,4
closedloop,12,11
drake,12,12
late-fusion,12,11
robot-agnostic,12,12
dreamer,12,5
multiple-shooting,12,11
lazily,12,12
cfc,12,7
sitl,12,11
consistencies,12,11
invite,12,12
autorotation,12,6
dec-posmdp,12,6
scoliosis,12,7
crankshaft,12,9
psas,12,6
tentacle-like,12,11
uni,12,11
mli,12,8
step-up,12,7
vlc,12,7
policy-based,12,9
controller-based,12,11
aero,12,11
ungraspable,12,10
proxemic,12,9
pens,12,6
sixth,12,9
honey,12,9
omm,12,3
d-lidar,12,9
non-interactive,12,9
category-specific,12,10
source-domain,12,8
reprogram,12,12
microcatheters,12,9
pre-stretch,12,10
action-conditioned,12,12
robustifying,12,10
vesicle,12,3
sorghum,12,8
semantic-level,12,9
drainage,12,9
error-related,12,10
autoencoding,12,10
police,12,12
valve-controlled,12,12
explicable,12,4
mucosal,12,9
knowrob,12,7
stdp,12,5
pixhawk,12,5
keratoplasty,12,8
dalk,12,6
allocentric,12,10
salto,12,6
ubiquity,12,12
sensor-level,12,10
inspirations,12,12
dcnns,12,9
free-fall,12,11
handshakes,12,8
instance-specific,12,10
linear-complexity,12,11
llama,12,10
hygiene,12,11
panthera,12,8
multi-locomotion,12,9
reinforcement-learning-based,12,12
rmps,12,7
janus,12,5
densenet,12,10
turret,12,5
object-wise,12,9
optimisation-based,12,10
remoras,12,4
perfusion,12,8
mixed-product,12,3
mobilenetv,12,11
multi-player,12,10
undisturbed,12,12
refiner,12,9
daisy,12,5
pellets,12,5
hallucinated,12,10
ligament,12,11
tom,12,8
front-ends,12,10
steppable,12,5
over-ground,12,10
sandpaper,12,11
cleargrasp,12,6
cape,12,6
circumferentially,12,12
nocs,12,8
rna,12,7
constraint-satisfying,12,11
microinjections,12,6
gardens,12,11
umbrella,12,11
soda,12,8
time-extended,12,12
memristors,12,6
well-performing,12,11
ecbs,12,6
two-mass,12,12
deepmind,12,12
mcu,12,9
hourglass,12,8
rellis,12,7
robot-learning,12,12
elastoplastic,12,11
invalidate,12,12
action-aware,12,8
fcm,12,6
cleverly,12,12
self-imitation,12,7
regurgitation,12,7
turnover,12,10
mekf,12,7
symmetry-aware,12,10
uass,12,7
residual-based,12,11
weathers,12,11
tomatoes,12,11
wastes,12,10
synthetic-to-real,12,11
foa,12,4
pseudo-lidar,12,6
airl,12,4
inpainted,12,9
mucus,12,5
pro-posed,12,12
collision-inclusive,12,8
synthia,12,11
dbscan,12,11
venture,12,10
tep,12,10
elastomer-based,12,12
gvfs,12,7
quality-diversity,12,10
snowy,12,12
mvtp,12,3
governments,12,12
cinematographic,12,6
re-positioning,12,11
reference-tracking,12,8
dsec,12,10
ingeniously,12,12
painless,12,11
sub-swarms,12,4
single-stream,12,10
rightarrow,12,7
indistinct,12,9
feather,12,9
dro,12,6
wristed,12,8
aqua,12,10
venipuncture,12,6
fundus,12,8
subsystem-based,12,10
lidar's,12,11
robi,12,8
dtact,12,3
single-core,12,12
impactful,12,11
athletes,12,10
hps,12,5
womd,12,11
ebms,12,6
multi-quadrotor,12,7
swin,12,10
metaverse,12,5
distribution-based,12,12
dlomatch,12,11
belief-dependent,12,5
gmp,12,3
five-fold,12,12
fcf,12,5
devoid,12,12
falter,12,11
step-and-scan,12,5
rlhf,12,7
lvlm,12,7
high-stakes,12,12
declines,12,12
variable-diameter,12,7
d-nuscenes,12,11
edge-aware,12,10
passivation,12,10
pose-only,12,8
pickers,12,8
cdrm,12,4
delan,12,4
pct,12,4
sde,12,6
inflates,12,11
quantize,12,10
dl-based,12,8
student-teacher,12,11
autopilots,12,11
pseudolabel,12,7
politeness,12,6
staging,12,9
strap,12,7
iac,12,7
vlfm,12,2
lgpr,12,4
igibson,12,8
llm-generated,12,8
quality-of-service,12,12
ble,12,12
overestimated,12,11
nitrate,12,7
robo,12,6
paddles,12,10
self-reflection,12,8
gvf,12,5
breaches,12,9
source-seeking,12,6
oversimplify,12,11
forelimbs,12,6
bark,12,5
low-risk,12,11
environ,12,11
tive,12,12
recon,12,7
aln,12,3
windshield,12,9
tpms,12,6
nonconservative,12,8
infusion,12,11
errt,12,5
semiglobally,12,12
lse,12,7
servo-driven,12,10
non-critical,12,10
ldv,12,4
smms,12,3
milligrams,12,9
cryptographic,12,9
psmc,12,6
plaque,12,6
vfr,12,6
delay-dependent,12,10
userpsilas,12,8
microbubbles,12,8
wisar,12,4
ppd,12,6
self-body,12,6
jenga,12,5
buck,12,10
stp,12,7
cardiomyocyte,12,5
payment,12,10
crr,12,2
ccea,12,2
eutectic,12,12
congestions,12,10
sub-models,12,8
variabilities,12,11
edition,12,9
prrt,12,2
robogami,12,6
fever,12,5
biog,12,2
iron-core,12,7
cubesat,12,6
microinjector,12,3
electromechanically,12,9
strain-based,12,10
casualties,12,10
broccoli,12,3
industrial-scale,12,10
attrition,12,7
micro-agents,12,5
branch-and-cut,12,12
functionalization,12,11
musashi,12,10
lfrl,12,2
pwl,12,4
sbmp,12,7
bayesian-based,12,8
element-wise,12,9
teaser,12,6
chargers,12,5
ultrawideband,12,11
mappo,12,11
xprize,12,10
d-bpp,12,5
afr,12,3
mvtec,12,10
rainfall,12,6
rfmp,12,2
spss,12,4
rvs,12,5
prhand,12,1
ray-inspired,12,5
magnetic-driven,12,10
multi-period,12,8
m-cdpr,12,3
mots,12,3
pge,12,4
encircling,12,9
vns,12,8
teng,12,5
sawtooth,12,10
back-support,12,7
bfc,12,4
nonconstant,12,11
rolling-contact,12,9
ferrofluidic,12,5
fjsp,12,6
varepsilon,12,7
event-trigger,12,7
niss,12,3
anticollision,12,7
pil,12,4
performance-based,12,10
vpns,12,3
srg,12,5
mathvariant,12,2
multimotor,12,10
afm-based,12,9
multiparameter,12,9
peh,12,3
antiswing,12,9
nox,12,2
mtpa,12,3
sguub,12,12
hdps,12,2
controller-to-actuator,12,12
intensification,12,11
no-wait,12,7
backlogging,12,2
backorder,12,4
eavesdropper,12,5
lfa,12,3
ship-mounted,12,2
stuck-at,12,3
mtdc,12,3
municipal,12,11
ibrs,12,3
semen,12,2
plnn,12,2
atdr,12,1
addc,12,1
soe,12,2
adaptative,11,9
bureau,11,10
deducing,11,11
rccl,11,6
runge-kutta,11,11
multi-input-multi-output,11,11
deduction,11,11
knowledge-guided,11,9
condense,11,11
thesis,11,9
shin,11,8
anyway,11,11
conclusive,11,11
microelectronic,11,7
object-related,11,10
slenderness,11,10
non-human,11,10
val,11,8
state-machine,11,11
adeptone,11,10
methodical,11,11
demonstrative,11,11
interpolator,11,9
prover,11,7
etched,11,11
road-following,11,7
restructured,11,9
human-to-human,11,11
apprentice,11,7
usages,11,11
encompassed,11,11
model-matching,11,10
university's,11,11
mrp,11,7
unilaterally,11,11
stabilities,11,11
conclusively,11,11
edf,11,6
utilizations,11,9
dexter,11,5
abort,11,9
rank-deficient,11,9
adaptor,11,10
illuminating,11,11
azimuths,11,9
cladding,11,7
skilful,11,10
demonstrably,11,11
nonblocking,11,7
outermost,11,10
task-directed,11,9
torque-speed,11,11
worsen,11,11
syntactic,11,10
foreshortening,11,10
near-time-optimal,11,8
boundary-value,11,11
low-velocity,11,10
local-minima,11,8
off-center,11,11
single-level,11,10
asserted,11,11
gluing,11,8
cit,11,5
ceases,11,11
axioms,11,9
separations,11,9
quadrilateral,11,11
scratches,11,9
purchasing,11,10
mips,11,7
dataflow,11,8
coatings,11,10
ctm,11,4
ill-conditioning,11,11
atom,11,7
spdm,11,8
two-parameter,11,11
sense-plan-act,11,10
circling,11,8
trajectory-planning,11,10
intersample,11,7
robot-task,11,11
rearranges,11,11
moment-based,11,10
deleted,11,11
frt,11,4
undercarriage,11,9
toxic,11,10
consistence,11,10
photoelectric,11,9
inverses,11,10
levitator,11,6
tele-existence,11,7
mir,11,8
tis,11,5
trajectory-level,11,11
disturbs,11,10
view-time,11,3
trajectory-following,11,11
epns,11,4
monkey,11,7
locomotes,11,11
ablative,11,9
toleranced,11,8
contradicting,11,11
elastic-joint,11,6
mrl,11,7
yes,11,10
plannings,11,10
arl,11,6
december,11,11
two-state,11,8
tweaking,11,10
unprepared,11,11
cramped,11,11
schur,11,9
plugs,11,8
rule-base,11,10
gallbladder,11,7
downstroke,11,10
burrs,11,8
defocused,11,6
vendor,11,10
controlshell,11,4
ddm,11,8
replayed,11,11
above-ground,11,8
underdamped,11,11
went,11,11
sonar-ring,11,4
hds,11,7
second-stage,11,10
loadings,11,11
four-dof,11,11
asi,11,5
tsukuba,11,11
windowing,11,9
rougher,11,10
splicing,11,8
shock-absorbing,11,10
mediate,11,11
hyperedges,11,5
postgraduate,11,11
alternated,11,11
robot-motion,11,10
re-estimation,11,10
tangentbug,11,4
proximally,11,9
time-aware,11,10
arc-length,11,9
simo,11,8
henceforth,11,11
inside-out,11,7
nonintegrable,11,10
dante,11,5
wits,11,3
remote-center-of-motion,11,9
point-like,11,10
arthroscopic,11,7
neutralization,11,10
modularly,11,10
distortion-free,11,11
self-identification,11,7
icss,11,5
lasalle,11,11
time-correlated,11,8
strenuous,11,11
organised,11,11
ship's,11,6
cell's,11,7
primitive-based,11,10
motive,11,11
atacama,11,6
hang,11,10
siemens,11,10
widens,11,11
fixating,11,10
lesson,11,8
dog-like,11,6
paris,11,10
multi-thread,11,9
microbes,11,6
one-on-one,11,10
obtrusive,11,11
water-filled,11,11
x-screw,11,2
load-sensitive,11,7
libero,11,10
fractions,11,9
cartons,11,4
wamoeba,11,7
graph-like,11,11
zipper,11,7
believable,11,8
forwarding,11,9
pervasively,11,11
vectorial,11,11
rainbow,11,8
petrochemical,11,9
lower-limbs,11,10
anti-phase,11,9
oversized,11,10
momr,11,5
five-dimensional,11,11
cabling,11,10
stumbling,11,11
rtos,11,6
recomputing,11,11
prints,11,8
hemodynamic,11,10
pitches,11,9
polymerase,11,10
trackability,11,7
authoritative,11,9
re-designed,11,10
isdn,11,9
lwl,11,3
rebuilding,11,11
confused,11,11
hertzian,11,11
self-adapting,11,10
dtm,11,6
abrasion,11,11
air-core,11,10
d-based,11,11
hics,11,2
bvh,11,4
stereo-matching,11,7
weekly,11,9
identifiers,11,11
user-interface,11,9
parting,11,3
coloration,11,9
nearness,11,10
fine-grain,11,9
performer,11,9
exacerbate,11,11
foldability,11,8
residues,11,9
antibody,11,6
pre-loading,11,5
therapeutics,11,11
delineating,11,10
cadavers,11,9
out-of-phase,11,9
jhu,11,11
over-determined,11,11
rebuild,11,11
camera-in-hand,11,10
multithreaded,11,11
vpa,11,3
nevada,11,10
cci,11,6
paucity,11,11
tonic,11,7
mates,11,8
pre-assigned,11,10
das,11,5
large-scaled,11,11
memorizing,11,10
scarcely,11,11
mountains,11,11
predation,11,7
hopkins,11,11
grassmann-cayley,11,7
shelving,11,9
equilibriums,11,7
probe's,11,10
out-of-sequence,11,9
lightness,11,11
vacancy,11,6
orthoglide,11,7
narrative,11,11
stomp,11,10
lrm,11,6
gymnastics,11,7
injure,11,11
shelter,11,8
receptionist,11,8
nanoprobe,11,8
wax,11,8
multi-variate,11,11
homeostasis,11,9
pre-filtering,11,10
bridle,11,4
piv,11,7
chopper,11,6
ged,11,4
portal,11,8
omniscient,11,6
lds,11,5
viral,11,9
appointed,11,10
membranous,11,9
khr,11,7
sewn,11,9
mfe,11,4
assertion,11,11
declaration,11,7
extractions,11,10
user-friendliness,11,9
harbors,11,11
self-confidence,11,7
fitts,11,10
dop,11,8
phalange,11,9
co-ordinate,11,8
scorpion,11,4
gantries,11,8
interviewed,11,11
reparameterization,11,10
mlda,11,7
gsps,11,6
fbm,11,3
counter-intuitive,11,11
strouhal,11,10
eel,11,7
kite,11,5
wreck,11,9
complex-valued,11,7
kink,11,5
d-slam,11,9
seif,11,6
discharged,11,11
cst,11,6
adjoining,11,10
stretches,11,10
frogs,11,9
amalgamation,11,11
ubli,11,11
wing-box,11,4
inter-image,11,8
slds,11,3
synthesis-based,11,10
retroreflective,11,8
fbs,11,8
chiefly,11,9
tesla,11,11
discriminatory,11,8
lamellae,11,5
risking,11,11
btss,11,3
widening,11,11
buy,11,7
fis,11,7
all-wheel,11,8
t-test,11,10
dlo's,11,7
speaker's,11,7
image-guidance,11,11
confronting,11,11
ankle-joint,11,6
intersects,11,10
selling,11,11
outlets,11,11
iff,11,7
any-time,11,10
standoff,11,10
enact,11,11
gci,11,8
flashing,11,11
ostraciiform,11,5
vanish,11,11
interstitial,11,9
hydrophilic,11,11
susm,11,3
pmr,11,5
retailers,11,8
childbirth,11,5
preparatory,11,11
seeded,11,10
oss,11,5
ogm,11,9
salinity,11,11
thumb's,11,6
zero-torsion,11,4
deformity,11,7
rankings,11,10
prolonging,11,10
triad,11,11
subteams,11,8
nodule,11,8
enemy,11,8
excised,11,10
subdivide,11,11
transperineal,11,10
blackout,11,6
reliability-based,11,8
open-field,11,7
discourse,11,9
saliency-based,11,11
semiconductive,11,6
monoarticular,11,10
preparations,11,11
downside,11,11
decomposable,11,11
time-window,11,11
dspace,11,10
krasovskii,11,11
leave-one-out,11,10
fully-constrained,11,11
constriction,11,9
rdj-da,11,2
mandible,11,8
saxophonist,11,6
aldebaran,11,11
precurvature,11,7
mask-based,11,11
camouflage,11,9
wcw,11,3
d-printing,11,10
discerning,11,9
non-ground,11,6
reaction-based,11,9
bloom,11,8
fatigued,11,11
worsens,11,11
electropermanent,11,11
chirality,11,8
idp,11,4
loosing,11,11
bodyweight,11,9
irstea,11,6
illumination-invariant,11,9
sockets,11,9
yoyo,11,2
nonintuitive,11,11
foreseeable,11,10
semiparametric,11,7
falsification,11,8
slithering,11,7
mcsb-ica,11,3
group's,11,11
sharper,11,11
zonotopes,11,10
mirrored,11,11
homeomorphic,11,9
lower-cost,11,10
swapped,11,11
ramifications,11,10
accompanies,11,11
ntp,11,5
unfolds,11,11
cost-based,11,11
uninstrumented,11,9
change-point,11,8
larynx,11,7
plate's,11,5
mobilization,11,10
populating,11,11
gyrocompass,11,5
actualize,11,11
pants,11,9
well-aligned,11,10
wells,11,9
high-efficient,11,10
hmas,11,5
performers,11,10
impractically,11,11
scrubbing,11,4
pst,11,8
mmc,11,4
self-sustained,11,11
detection-based,11,11
all-to-all,11,10
mrm,11,5
drying,11,6
step-down,11,7
wrinkled,11,8
shirts,11,9
upside-down,11,11
reprojected,11,10
moths,11,9
lithium,11,9
multi-region,11,9
dnet,11,6
glycol,11,11
methane,11,6
vibration-driven,11,9
pre-compute,11,11
shallow-water,11,8
y-shaped,11,9
micropillar,11,6
cleaners,11,11
time-division,11,9
arrhythmia,11,10
gmm-based,11,8
freiburg,11,9
subsequences,11,8
ensemble-based,11,9
motion-tracking,11,11
mats,11,8
tongues,11,9
cdts,11,5
wide-field,11,9
duo,11,7
sponges,11,7
kfs,11,8
de-noising,11,9
lower-extremity,11,11
synthesise,11,9
place-recognition,11,7
human-preferred,11,8
measurement-based,11,9
perforations,11,8
enthusiasm,11,8
ackerman,11,11
correlative,11,11
exploitable,11,10
inadmissible,11,10
generalising,11,11
imfs,11,5
fixed-parameter,11,10
time-parameterized,11,10
eu-funded,11,11
estimator-based,11,8
specializing,11,11
sub-region,11,8
follower's,11,11
safety-oriented,11,10
gecko-like,11,9
tendrils,11,5
tucker,11,11
remodeling,11,9
unfriendly,11,11
feature-less,11,10
tpad,11,4
rads,11,3
urbanization,11,11
vascular-like,11,7
microtube,11,10
reduced-gravity,11,5
rebuilt,11,10
secrecy,11,6
recruit,11,11
csqmi,11,7
nonslip,11,9
cmr,11,4
transanal,11,7
single-sided,11,8
anova,11,11
velcro,11,9
middlebury,11,9
c-alex,11,3
iks,11,4
mtm,11,5
non-strict,11,9
corkscrew,11,5
flares,11,5
microjet,11,4
seven-dof,11,11
forefront,11,11
moa,11,4
mid-stance,11,7
color-depth,11,9
vga,11,11
muscle-based,11,8
slc,11,6
small-amplitude,11,10
tip-based,11,7
semidense,11,8
microcoils,11,6
top-ranked,11,11
bur,11,6
lqg-mp,11,6
internal-loop,11,9
sea-driven,11,8
pesticides,11,10
sound-based,11,8
impoverishment,11,6
octorotor,11,8
imagines,11,11
gaze-based,11,10
multi-category,11,9
bathroom,11,11
dpm,11,4
actuatable,11,7
ungrounded,11,10
abandon,11,11
grey-box,11,9
smal,11,3
monocopter,11,6
nano-robotic,11,5
spectrograms,11,7
phenotypes,11,8
two-photon,11,11
polices,11,11
multi-cable,11,7
ethically,11,8
operable,11,11
archimedean,11,11
archaeology,11,11
rubik's,11,4
mucosa,11,9
turnaround,11,10
drop-in,11,10
fiber-based,11,11
distractor,11,10
three-section,11,9
cma,11,6
jaxon,11,11
opensim,11,8
adc,11,7
apparel,11,11
low-confidence,11,9
mastered,11,11
cow,11,6
map-centric,11,6
stunts,11,6
multi-room,11,11
roundness,11,8
fourfold,11,11
cargoes,11,10
bio-actuator,11,5
non-dominant,11,9
nrmse,11,7
heaps,11,8
pneumatically-driven,11,10
backflips,11,5
motifs,11,5
homomorphic,11,10
curriculum-based,11,8
exomars,11,8
score-based,11,8
bedside,11,8
regularizes,11,11
nature-inspired,11,11
mislead,11,11
logo,11,5
decluttering,11,10
non-vanishing,11,8
pht,11,3
roam,11,5
lwir,11,8
vhip,11,4
road-agents,11,4
corpora,11,10
convnets,11,8
randomisation,11,9
shape-adaptive,11,10
out-of-sample,11,7
igs,11,8
deep-seated,11,11
potato,11,9
pmd,11,6
pix,11,4
opencv,11,8
moca,11,5
scaled-down,11,11
pear,11,7
tele-operate,11,10
spaceflight,11,8
fpr,11,6
subtractive,11,11
layup,11,4
robotica,11,5
upsample,11,10
vrus,11,7
fras,11,5
pulp,11,8
allocator,11,8
waterproofing,11,10
quanser,11,10
cataract,11,8
batch-processing,11,3
polyculture,11,4
dynamics-aware,11,11
concatenate,11,11
democratize,11,11
non-ego,11,7
risk-neutral,11,8
randomize,11,11
dmdsm,11,3
gut,11,5
reform,11,6
non-disabled,11,10
mob,11,4
revisions,11,10
learnability,11,8
disco,11,5
tailor-made,11,11
eed,11,4
kirigami-inspired,11,8
lidar-visual-inertial,11,11
glasshouse,11,8
appli,11,10
gpd,11,4
curve-based,11,11
thorny,11,11
task-conditioned,11,8
dichotomy,11,11
ros-gazebo,11,11
curation,11,11
under-canopy,11,8
angry,11,10
roboat,11,4
hsas,11,3
underpinned,11,11
poisson's,11,10
gbp,11,6
graph-slam,11,8
ndf,11,4
tactile-sensing,11,8
canals,11,7
learning-driven,11,8
pseudo-labeling,11,9
bcpd,11,3
full-stack,11,10
oois,11,4
self-distillation,11,8
meta-world,11,9
nano-drone,11,7
reconnect,11,11
bert,11,11
hoi,11,5
visdrone,11,11
e-skins,11,7
scuba,11,9
coid,11,2
av's,11,8
spectrometers,11,7
source-free,11,8
arrest,11,8
role-based,11,5
logits,11,9
mile,11,8
calvin,11,9
crochet,11,1
industrialization,11,11
etna,11,11
staple,11,7
seg,11,4
trust-based,11,9
mrd,11,5
apg,11,4
desiderata,11,9
co-optimizing,11,11
inn,11,4
hilti,11,9
emptying,11,8
svgd,11,7
neo,11,5
class-aware,11,8
hocbfs,11,6
commendable,11,11
breakfast,11,11
transplanting,11,6
toolboxes,11,10
gcrl,11,5
text-to-image,11,9
encoding-decoding,11,8
feature-sparse,11,8
bpp,11,6
soar,11,3
edged,11,3
ase,11,4
ooi,11,5
lasa,11,11
dino,11,9
tum-rgbd,11,11
miscommunication,11,9
mnp,11,5
mapping-based,11,9
ecr,11,4
taxel-based,11,6
environment-adaptive,11,11
navigators,11,9
retinex,11,8
amvs,11,5
attendees,11,8
vsi,11,3
vfm,11,7
feedback-controlled,11,9
nod,11,4
field-driven,11,9
embraced,11,10
real-to-sim-to-real,11,10
frame-level,11,11
inference-time,11,10
intracranial,11,10
fast-livo,11,8
partial-to-full,11,9
memory-augmented,11,9
helipr,11,9
latency-aware,11,4
acd,11,6
looped,11,9
cod,11,5
d-cbfs,11,3
sdg,11,5
ning,11,11
posi,11,8
tation,11,10
matic,11,10
lmm,11,7
geo,11,9
fnc,11,2
masonry,11,6
affine-invariant,11,10
atc,11,7
thicker,11,11
rogue,11,8
hra,11,5
offensive,11,9
multi-node,11,8
variable-gain,11,8
dispose,11,10
ipd,11,4
motoring,11,10
field-oriented,11,11
gorilla,11,5
worthy,11,11
touchpad,11,4
self-localizing,11,5
lobe,11,10
rbr,11,4
legendre,11,9
zmm,11,3
micropusher,11,2
aggregations,11,7
moga,11,4
nrs,11,4
spermaceti,11,2
warming,11,11
proto,11,5
anteroposterior,11,11
nanogripper,11,3
smo,11,7
marangoni,11,6
plush,11,5
kangaroo,11,8
cdt,11,7
fake,11,9
elongating,11,8
milliscale,11,10
fixed-pitch,11,8
flank,11,7
tas,11,4
lat,11,4
pcp,11,5
roll-pitch,11,8
rsvp,11,4
diabetes,11,7
dfn,11,4
pcn,11,5
reconciling,11,10
all-round,11,9
rmrs,11,3
tsdfs,11,6
spinae,11,11
deltoid,11,9
approximation-free,11,7
bulkiness,11,11
water-jet,11,6
geltip,11,3
kronecker,11,9
emts,11,3
aoi,11,7
gear-based,11,10
segmap,11,3
tec,11,5
ect,11,4
scd,11,3
dtl,11,4
railways,11,10
mhd,11,3
transactional,11,2
reticular,11,5
xai,11,6
tampering,11,11
yards,11,8
fjms,11,3
home-care,11,3
windup,11,9
organoid,11,4
smr,11,4
sttw,11,2
fwavs,11,6
ecd,11,4
dual-attention,11,8
cec,11,4
prestretched,11,10
ksa,11,4
jan,11,7
hydrostats,11,5
water-air,11,9
icu,11,5
multicomponent,11,9
chillers,11,7
freshness-keeping,11,2
tensegrities,11,8
axb,11,7
semg-driven,11,9
funding,11,9
irp,11,3
tscs,11,2
vft,11,3
foodservice,11,2
fully-soft,11,3
hocbf,11,7
projectiles,11,6
replicable,11,11
differentiators,11,8
physics-constrained,11,7
e-visits,11,4
ocs,11,4
predictor-based,11,6
human-exosuit,11,5
kgs,11,2
hmrs,11,3
snm,11,3
sans-serif,11,1
sacks,11,3
day-ahead,11,8
edna,11,4
assays,11,6
microprobe,11,4
amt,11,7
homopolar,11,6
smelting,11,8
esos,11,7
supertwisting,11,9
cpps,11,4
fss,11,5
emsd,11,3
geophone,11,2
gini,11,5
eca,11,3
prosumers,11,5
drcs,11,2
schizophrenic,11,1
end-edge,11,1
quality-unrelated,11,4
epdn,11,1
miroc,11,1
pess,11,2
etms,11,8
vrpspdtw,11,1
etsmc,11,1
d-detectability,11,1
magnetothermal,11,1
apic,11,1
psre,11,2
mm-llms,11,1
colleagues,10,10
hear,10,9
mason,10,10
multiplexed,10,10
multi-jointed,10,10
meaningfully,10,10
light-stripe,10,6
c-surfaces,10,5
predictor-corrector,10,8
nonoverlapping,10,9
overviews,10,10
sobel,10,9
interprocess,10,10
effecting,10,9
regenerating,10,9
multi-tasks,10,8
interpolations,10,10
darboux,10,6
transistor,10,9
msrs,10,5
insures,10,10
nations,10,10
navlab,10,7
near-minimum,10,10
duke,10,6
mttr,10,3
craig,10,10
chipping,10,4
anti-collision,10,4
sonic,10,9
brown,10,9
robot-level,10,9
realisation,10,10
menu,10,6
bidimensional,10,9
resists,10,10
pooled,10,7
constitution,10,8
ferry,10,7
consulting,10,8
reassembled,10,10
seven-axis,10,9
resolved-rate,10,10
swing-free,10,7
application-dependent,10,9
phase-shifted,10,9
unsensed,10,10
robotics-related,10,10
calculator,10,7
tangling,10,9
workable,10,9
slowest,10,9
arose,10,10
chamferless,10,8
elaboration,10,10
part-mating,10,7
collision-detection,10,10
donald,10,8
dual-drive,10,8
superimposition,10,8
combinatorics,10,10
free-motion,10,9
precalculated,10,10
exactness,10,10
unconnected,10,9
damps,10,10
stereopsis,10,9
data-fusion,10,9
sliding-mode-based,10,8
factorizations,10,8
variable-sized,10,7
dumping,10,9
single-master,10,7
succinctly,10,10
hera,10,4
single-pass,10,10
preconditioned,10,9
clean-up,10,10
scanline,10,3
designer's,10,10
paradigmatic,10,10
barbalat's,10,10
pebbles,10,9
cognizant,10,10
overdetermined,10,10
lawrence,10,6
manipulabilities,10,7
huang,10,9
flashlight,10,9
hubble,10,5
oversimplified,10,10
migrated,10,10
hexa,10,7
juggler,10,6
informationally,10,5
dither,10,6
electroplating,10,7
underpinnings,10,10
nonpassive,10,7
cooperates,10,10
hydrostatically,10,10
dual-manipulator,10,9
spcm,10,3
singleton,10,8
fop,10,3
restraints,10,9
equalities,10,9
parallel-serial,10,9
venus,10,10
untrustworthy,10,8
least-norm,10,8
torque-to-mass,10,10
piezoceramics,10,8
broadened,10,10
chord,10,10
seventeen,10,10
spps,10,4
bounces,10,10
propositional,10,10
fixtureless,10,8
hand-mounted,10,9
trc,10,7
hmm-based,10,10
ann-based,10,8
meta-level,10,7
clumsy,10,10
levitate,10,10
contact-point,10,10
ges,10,7
electro-optical,10,10
short-duration,10,10
history-dependent,10,10
platonic,10,7
figured,10,10
irreducible,10,9
petroleum,10,9
epidural,10,6
triangulation-based,10,9
fluctuates,10,10
fixtured,10,10
deleterious,10,10
stepsize,10,7
interrelation,10,9
sub-chains,10,8
fuzzy-neural,10,6
lead-lag,10,8
helmet,10,7
overloaded,10,10
philadelphia,10,9
customised,10,10
tbg,10,5
eco,10,6
mason's,10,9
lrs,10,6
tele-surgery,10,10
image-plane,10,9
rate-independent,10,8
nps,10,7
archimedes,10,7
rccs,10,4
fixed-camera,10,10
geology,10,10
micro-world,10,8
nasda,10,10
whole-hand,10,10
narrowband,10,7
toolkits,10,7
efficacious,10,10
crossbeam,10,7
narrowly,10,10
motoman,10,10
bumpers,10,9
patented,10,9
vise,10,5
kinaesthetic,10,8
furnaces,10,6
reclaimer,10,3
collinearity,10,9
semi-closed,10,4
disadvantageous,10,10
conferencing,10,6
expansiveness,10,8
miro,10,9
re-plans,10,10
lloyd,10,8
ctpn,10,4
small-time,10,10
pathfinder,10,7
multiple-dof,10,9
feature-driven,10,9
subtleties,10,10
brushed,10,8
fscr,10,2
mem,10,5
disperse,10,10
elaborating,10,10
eye-tracker,10,8
high-ratio,10,8
pd-type,10,10
pulsing,10,9
shape-from-motion,10,5
kineto-static,10,9
millimetre,10,9
haar,10,9
work-in-progress,10,10
foe,10,5
infinity-norm,10,6
albert,10,4
preshapes,10,9
inseparable,10,10
symbolized,10,7
mechanic,10,9
supple,10,8
jrob,10,4
aft,10,7
life-like,10,9
institutes,10,8
inefficiently,10,10
applicative,10,10
torque-controllable,10,10
neutrally,10,9
multispeed,10,6
fasten,10,10
microorganism,10,9
mattress,10,6
csc,10,5
warn,10,9
non-technical,10,10
carton,10,4
drf,10,3
texturing,10,10
pets,10,9
micro-particle,10,9
gravity-induced,10,10
earned,10,10
human-based,10,8
java-based,10,10
single-rod,10,7
self-intersection,10,8
potential-field-based,10,7
synthesised,10,10
bip,10,6
radar's,10,10
commercial-off-the-shelf,10,10
sculptures,10,8
user-guided,10,8
handlers,10,10
one-piece,10,10
pneumatically-actuated,10,9
depth-of-field,10,10
boulder,10,5
premises,10,9
re-usability,10,10
handy,10,10
off-centered,10,8
austin,10,10
power-law,10,9
fine-scale,10,10
antarctic,10,9
compartment,10,9
sided,10,9
quasi-random,10,4
re-used,10,9
pulsation,10,7
detouring,10,8
mbda,10,3
tool-based,10,10
ant-like,10,6
advise,10,10
subchain,10,10
hat,10,7
titan-viii,10,5
jini,10,6
palate,10,8
inert,10,10
preferentially,10,10
tiling,10,9
collaborated,10,9
first-generation,10,9
arnold,10,8
micro-surgery,10,9
analysis-based,10,10
many-to-many,10,10
resumed,10,9
han,10,7
filler,10,9
bearings-only,10,9
ebid,10,6
waiter,10,8
fibres,10,7
coherency,10,10
consciousness,10,7
pleasure,10,10
vibrated,10,10
neurally,10,9
modifier,10,7
contractible,10,9
parallel-type,10,8
conjugated,10,8
upper-torso,10,10
vowel,10,8
survivor,10,8
dag,10,10
frvf,10,3
housed,10,10
mandrel,10,7
ethanol,10,8
cosmetic,10,8
human-symbiotic,10,7
stake,10,8
tfg,10,4
blow,10,8
cooperated,10,10
harming,10,10
anger,10,10
full-cycle,10,7
amazing,10,10
accessory,10,10
exhausted,10,10
stylized,10,9
sensing-based,10,10
geo-referencing,10,9
contour-based,10,9
specularity,10,6
gymnast,10,7
irrational,10,8
subconscious,10,8
tessellations,10,6
titrus,10,4
amps,10,3
feedback-linearization,10,9
munich,10,10
effectivity,10,9
parallelepiped,10,7
wrench-feasible,10,10
collars,10,7
artwork,10,7
noticing,10,10
portfolio,10,9
multi-variable,10,10
loiter,10,9
supporter,10,8
transcranial,10,10
chorion,10,6
permutation-invariant,10,7
subsequence,10,7
plurality,10,9
safeguards,10,9
position-velocity,10,7
dolphins,10,10
galvanotaxis,10,6
opengl,10,10
tiled,10,8
institution,10,10
ctl,10,4
wisdom,10,10
gimbals,10,9
watches,10,9
typing,10,10
deadband,10,6
unknotting,10,5
multicast,10,5
meniscus,10,9
ropf,10,7
zero-mean,10,10
micrometric,10,10
barcelona,10,9
warm-up,10,10
non-determinism,10,8
nanorods,10,7
exhaustion,10,9
time-limited,10,9
ture,10,10
passive-type,10,6
piezo-electric,10,10
kiteplane,10,3
astonishing,10,10
metric-based,10,10
sap,10,5
u-turn,10,10
llc,10,8
urologist,10,4
human-uav,10,9
contact-space,10,7
mpeg,10,9
exponents,10,6
purchase,10,9
geriatric,10,5
high-impedance,10,9
bic,10,8
four-way,10,10
force-controllable,10,9
foveation,10,7
auctioning,10,10
vibro-tactile,10,6
architects,10,10
born,10,10
maxwell's,10,9
flooded,10,8
microarrays,10,5
event-related,10,10
swarm-bot,10,3
multi-constraint,10,8
one-port,10,6
paper's,10,10
non-slip,10,8
lending,10,10
re-initialization,10,10
obstetricians,10,5
forget,10,9
asom,10,2
redirection,10,9
excavating,10,8
forelegs,10,7
cusum,10,8
stamps,10,9
sooner,10,10
broadcasted,10,9
multi-cue,10,7
slosh-free,10,5
trough,10,10
forearms,10,8
consoles,10,6
catches,10,10
vestibulo-ocular,10,10
fem-based,10,10
euclidian,10,4
lyapunov-type,10,10
intelligibility,10,7
tremor-free,10,9
cached,10,8
translation-invariant,10,9
ufo,10,3
non-functional,10,10
roomba,10,6
awakening,10,4
motorcycles,10,9
microsurgeries,10,8
scraping,10,8
bpms,10,4
buoys,10,9
camber,10,7
honeybee,10,6
analogs,10,10
exemplarily,10,9
side-scan,10,8
jigsaw,10,6
spacers,10,9
sigma-point,10,8
cif,10,4
pendular,10,8
brain-controlled,10,8
lsr,10,6
disengage,10,10
unconscious,10,9
elasto-geometrical,10,5
thunniform,10,6
fade,10,6
dslx,10,2
couch,10,7
barrels,10,6
berlin,10,9
purse,10,3
lsh,10,7
downlink,10,3
detriment,10,10
pipetting,10,5
inter-leg,10,6
trajectory-generation,10,8
pre-calibrated,10,10
pre-established,10,10
form-factor,10,10
mul,10,9
etf,10,3
bypassed,10,10
optimiser,10,8
monochromatic,10,10
kinesthetically,10,10
grammatical,10,8
limiters,10,5
kelvin,10,8
resampled,10,5
single-integrator,10,9
redirecting,10,10
self-optimizing,10,6
tactors,10,8
mlr,10,6
anonymity,10,9
oppose,10,10
superhuman,10,10
shank-mounted,10,6
undermining,10,10
terrain-dependent,10,9
fields-of-view,10,9
leash,10,5
musician,10,7
subdomains,10,6
ssg,10,5
fid,10,6
trachea,10,8
interchangeably,10,10
solitary,10,10
fully-connected,10,10
uvmss,10,5
info,10,10
cupboard,10,9
lucia,10,10
presume,10,10
avert,10,10
imagining,10,10
tiered,10,7
smf,10,3
sub-millisecond,10,10
topo-metric,10,9
co-axial,10,8
dusty,10,9
human-pose,10,6
omnipresent,10,10
sma-actuated,10,10
cab,10,6
naked,10,9
flytrap,10,8
wine,10,7
jerk-limited,10,8
of-the-art,10,10
multi-kernel,10,7
mvc,10,8
wpir,10,3
path's,10,10
deprivation,10,8
vertexes,10,6
cooperativeness,10,7
distance-dependent,10,9
constraint-satisfaction,10,10
launcher,10,7
colonic,10,7
testbench,10,9
soft-robotics,10,10
pancake,10,6
microgels,10,3
geophysical,10,10
vendors,10,9
compartments,10,10
eit-based,10,9
recipient,10,7
tangle,10,9
time-stamped,10,10
light-weighted,10,10
capsule's,10,6
slac,10,3
amputated,10,8
inadequacy,10,8
congenital,10,10
uterus,10,7
iq-asymtre,10,4
spiraling,10,6
nanomanipulators,10,8
connective,10,10
l-slam,10,4
visitation,10,9
samara,10,8
time-space,10,8
backlash-like,10,7
intrusions,10,10
growers,10,8
educators,10,8
hma,10,5
diaphragms,10,10
erroneously,10,10
enceladus,10,7
gridworld,10,10
epms,10,6
esem,10,4
high-dexterity,10,9
reward-based,10,9
admittance-based,10,9
comparability,10,10
upstairs,10,9
histological,10,9
shut,10,10
friction-induced,10,8
wasteful,10,10
nanoelectronics,10,9
never-before-seen,10,10
bootstraps,10,10
photocoagulation,10,10
high-latency,10,8
volume-based,10,7
manoeuvrable,10,6
kalman-based,10,10
shap,10,7
pim,10,6
income,10,8
model-checking,10,8
rapyuta,10,3
pus,10,5
bner,10,9
dies,10,4
echocardiography,10,10
meta-algorithm,10,7
air-to-air,10,9
cytoplasm,10,6
vest,10,9
ppcp,10,4
employees,10,10
sagittal-plane,10,10
non-steady,10,6
sgm,10,9
reminders,10,5
excision,10,5
angiography,10,9
levy,10,7
stationarity,10,10
z-axes,10,8
laser-induced,10,8
stents,10,7
feats,10,10
non-markov,10,5
tablets,10,10
moving-platform,10,10
sch,10,8
fibrous,10,9
torpedo-shaped,10,8
understudied,10,10
key-frames,10,9
convoluted,10,10
morning,10,10
postconditions,10,4
disturbance-observer-based,10,10
fatiguing,10,10
esr,10,5
nuc,10,6
transesophageal,10,9
sambots,10,3
sbpi,10,3
high-probability,10,10
uploading,10,9
lasts,10,9
m-estimators,10,7
state-estimator,10,6
ddr,10,5
mri-based,10,9
sanity,10,9
shannon's,10,8
scts,10,6
matsuoka,10,5
chirp,10,8
deflated,10,8
pseudorigid-body,10,8
basing,10,10
cubically,10,10
scale-up,10,8
langevin,10,10
parameter-dependent,10,10
on-the-go,10,8
warps,10,9
body-weight,10,8
spats,10,2
cartography,10,9
place-dependent,10,9
high-powered,10,10
depthmap,10,6
m-blocks,10,2
evoke,10,9
stowing,10,10
mns,10,7
ejected,10,8
hallucinate,10,10
restrains,10,10
super-coiled,10,10
algae,10,8
unobservability,10,10
hoop,10,9
parallel-elastic,10,8
foresighted,10,9
recreating,10,10
multi-day,10,7
rafs,10,3
ray-casting,10,9
sensor-free,10,9
self-sealing,10,8
electrospinning,10,5
obstacle-dense,10,10
sidestep,10,10
sparsified,10,9
sublevel,10,8
chet,10,10
up-sampling,10,7
lotus,10,3
cvs,10,5
facades,10,8
semi-implicit,10,8
sounding,10,7
catastrophically,10,10
smac,10,8
roboticist,10,10
rollator,10,7
signify,10,10
cyberspace,10,9
dvt,10,4
quad-rotors,10,5
skf,10,7
queryable,10,9
overflow,10,9
recasting,10,10
sparsity-inducing,10,9
pollen,10,6
point-cloud-based,10,10
mam,10,4
pkm's,10,3
positive-stiffness,10,6
ridesharing,10,3
battle,10,10
shape-aware,10,6
flickering,10,9
impetus,10,10
administer,10,9
consolidates,10,10
uni-directional,10,8
multi-stream,10,8
padding,10,10
taping,10,2
three-arm,10,9
vignetting,10,6
unbearable,10,9
metric-scale,10,7
high-contrast,10,9
paraplegics,10,7
brachii,10,9
pose-dependent,10,8
extendability,10,10
bronchoscopes,10,10
spilling,10,8
mbzirc,10,9
time-optimized,10,9
drifted,10,8
bisimulation,10,4
slowdowns,10,10
body-parts,10,2
non-transparent,10,8
instrument-tissue,10,10
rope-climbing,10,3
lubricated,10,8
tendril,10,6
energy-limited,10,8
housework,10,10
matures,10,10
myotubes,10,4
case-specific,10,10
hydration,10,7
booster,10,9
geo-tagged,10,10
sub-meter,10,10
triceps,10,8
multi-imu,10,5
multigait,10,5
scleral,10,5
attention-aware,10,8
bloodstream,10,9
toolset,10,9
psv,10,4
quasi-direct-drive,10,9
distinguishability,10,8
re-train,10,10
rack-and-pinion,10,9
wellknown,10,10
ocid,10,7
meta-model,10,10
sample-inefficient,10,10
low-data,10,10
legitimate,10,7
dual-rotor,10,10
supercoiled,10,9
time-efficiency,10,10
d-aware,10,7
ethercat,10,9
is-mpc,10,6
second-best,10,10
tutorials,10,10
unregulated,10,7
co-attention,10,6
pinnae,10,6
threedimensional,10,10
off-nominal,10,7
journals,10,8
mri-powered,10,4
multilateration,10,6
spike-based,10,10
openvins,10,7
videography,10,10
gallium-indium,10,10
orthonormal,10,10
repetitiveness,10,8
tre,10,4
inflection,10,10
neurodynamic,10,6
vmrd,10,10
orange,10,10
stressful,10,10
unoptimized,10,10
lidar-slam,10,6
lidar-equipped,10,10
point-pair,10,6
huber,10,10
attachable,10,10
human-multi-robot,10,5
cross-camera,10,7
ppa,10,4
empathetic,10,6
uvc,10,3
escorting,10,8
isoperimetric,10,5
recalibrate,10,10
non-stretchable,10,8
object-detection,10,7
top-performing,10,10
intensify,10,10
goose,10,5
mosquitoes,10,6
instance-wise,10,9
ihgp,10,3
corrugated,10,7
collision-aware,10,9
self-guided,10,7
globally-consistent,10,9
pvm,10,4
elective,10,3
superb,10,10
herders,10,5
afnet,10,3
unprotected,10,8
hill-type,10,10
single-scan,10,8
land-air,10,5
domain-dependent,10,9
tiltable,10,9
op-swab,10,3
wlr,10,4
frobenius,10,9
mini-batch,10,9
co-working,10,9
simulator-based,10,9
non-learning-based,10,10
trending,10,10
physics-aware,10,10
parachute,10,4
shapley,10,7
down-sampling,10,10
cayley,10,5
system-of-systems,10,8
dor,10,4
neurovascular,10,5
networks-based,10,9
nonspecific,10,8
lsp,10,5
hku-mars,10,10
catcher,10,4
subtree,10,7
jaywalking,10,5
control-aware,10,9
open-hardware,10,9
cinempc,10,3
disjointed,10,9
stains,10,9
bt-espresso,10,1
rkf,10,4
posts,10,9
cs-brm,10,2
false-negative,10,8
dex,10,8
cifar,10,6
non-rigidly,10,10
abd,10,4
homepage,10,10
edge-computing,10,8
counterintuitive,10,10
bird-eye-view,10,10
unrecoverable,10,6
sgnet,10,3
vinet,10,2
mr-slam,10,3
high-impact,10,10
sub-gram,10,5
surrol,10,6
gan-based,10,10
tcl,10,5
sweat,10,6
contributors,10,10
maph,10,5
atsp,10,6
voxel-wise,10,9
sim-and-real,10,3
igc,10,4
ebm,10,5
scarp,10,2
data-inefficient,10,10
time-windows,10,6
co-transportation,10,8
squad,10,6
confidentiality,10,8
rpf,10,5
mimu,10,4
kubernetes,10,7
interchanges,10,4
mighty,10,6
class-wise,10,9
dair-v,10,10
long-stroke,10,10
batched,10,8
carbon-fiber,10,8
asses,10,10
tra,10,6
lymph,10,4
cropping,10,8
excelled,10,10
vitactip,10,2
pbo,10,6
cross-task,10,9
antecedent,10,8
well-connected,10,6
next-step,10,7
quantiles,10,7
n-mpc,10,3
blinker,10,2
umr,10,3
td-cms,10,3
control-invariant,10,4
rpo,10,4
degenerative,10,9
goal-agnostic,10,5
densify,10,9
morbidity,10,9
meta-learning-based,10,10
tokenizer,10,7
one-hot,10,7
interventionists,10,3
scanrefer,10,7
diagrammatic,10,4
sli,10,3
chiral,10,4
starshaped,10,3
splat,10,10
hhs,10,2
cppr,10,5
manuals,10,9
rec,10,6
bottlenecked,10,10
icd,10,5
cherry,10,6
post-collision,10,9
turing,10,10
dtsp,10,5
keystone,10,10
instruction-following,10,7
cbts,10,4
oracles,10,8
pcnl,10,5
communication-efficient,10,9
overtwisting,10,3
c-uniform,10,2
redefines,10,10
hannes,10,7
anemometer,10,8
sedan,10,7
chunk,10,9
avocado,10,4
cross-fusion,10,7
maniskill,10,6
hauvs,10,9
denoise,10,10
stereotyped,10,8
mcg,10,4
rithms,10,10
func,10,10
quot,10,3
rep,10,7
cation,10,9
namics,10,9
proach,10,9
mation,10,10
rithm,10,10
john,10,9
bode,10,8
space-constrained,10,10
blink,10,9
multi-focus,10,4
physical-based,10,10
load-to-weight,10,8
amd,10,4
nnc,10,3
tracking-based,10,10
unboundedness,10,4
tdl,10,4
fwt,10,3
sociable,10,7
hrm,10,5
freshness,10,7
multiwalled,10,9
sensor-integrated,10,9
passability,10,8
prosody,10,6
oxidation,10,7
confronts,10,10
ham,10,5
fin's,10,6
array-based,10,9
trilayer,10,8
sgc,10,3
sclerosis,10,10
mcor,10,4
anti-slip,10,7
unequivocally,10,10
expeditions,10,9
three-axial,10,7
resp,10,5
custom-developed,10,10
peptide,10,5
ink-jet,10,5
rubbers,10,10
chemotherapy,10,4
anthropomimetic,10,7
demes,10,4
fcc,10,4
guitar,10,4
qot,10,2
predictably,10,10
flatten,10,9
linearization-based,10,7
undistortion,10,8
micrometer-scale,10,9
track-following,10,9
microtubes,10,5
anticipative,10,6
benches,10,9
calcium,10,8
spanwise,10,3
dobs,10,8
vkc,10,4
kengoro,10,9
large-volume,10,8
laughter,10,3
unfocused,10,6
stiffness-based,10,9
narrow-band,10,5
self-folded,10,9
bristle-bot,10,5
multisession,10,5
e-cosmo,10,3
orchestrated,10,9
human-vehicle,10,7
traveling-wave,10,9
multi-timescale,10,8
ds-slam,10,4
light-field,10,5
degeneracy-aware,10,5
schmidt,10,8
piusbl,10,3
welcoming,10,5
flam,10,2
personalisation,10,4
risk-constrained,10,3
posture-dependent,10,5
cce,10,4
iort,10,4
disk-type,10,6
daiichi,10,10
officers,10,8
plywood,10,3
grus,10,7
resiliently,10,8
rotation-aware,10,5
tsallis,10,5
ana,10,9
millipede,10,6
scaler,10,4
qoi,10,3
mtrl,10,5
ocrtoc,10,2
soft-continuum,10,4
olive,10,4
ms-znn,10,2
trochoidal,10,3
dlm,10,4
cdu,10,2
road-network,10,3
srh,10,4
mre,10,3
mentioning,10,10
ftmpc,10,3
image-to-point,10,4
type-ii,10,4
liquid-gas,10,9
cushioning,10,6
target-specific,10,7
crop-weed,10,6
rebot,10,2
microstructural,10,7
fgo,10,5
geso,10,4
high-viscosity,10,5
foot-end,10,6
biosyncretic,10,2
vam,10,3
disclosure,10,9
eng,10,9
readmission,10,3
multimobile,10,4
dcd,10,2
masce,10,3
swarmstl,10,3
piezoactuated,10,7
hcc,10,4
dobc,10,5
reb,10,2
rubik,10,3
angle-dependent,10,5
biplane,10,7
rca,10,4
ebi,10,2
recyclable,10,4
interactional,10,4
stapling,10,2
exotendon,10,2
sapf,10,4
msrc,10,2
pgp,10,4
ureteroscopy,10,6
g-code,10,7
multi-machine,10,10
pure-feedback,10,6
citerefgrp,10,4
gurobi,10,9
pregrasping,10,6
lgl,10,2
federation,10,8
decoupler,10,3
stowage,10,3
bandaging,10,2
ext-link,10,4
bcs,10,4
optogenetic,10,7
larval,10,5
digestion,10,4
rispa,10,3
fsdcr,10,1
radiator,10,5
linear-motor-driven,10,7
occlusive,10,6
bonder,10,3
nftsm,10,4
equivalent-input-disturbance,10,10
slv,10,1
wob,10,1
frd,10,3
vmd,10,4
converter-based,10,5
sov,10,3
mbi,10,2
quality-relevant,10,6
snm-qc,10,1
dgdc,10,3
papermaking,10,3
parafoils,10,2
voecc,10,1
scnt,10,2
dwelling,10,2
rum,10,2
fsps,10,1
ironmaking,10,3
nsea-based,10,2
pmu,10,3
multi-workflows,10,1
current-state,10,5
lun,10,1
ccfd,10,1
bfip,10,2
r-ms,10,1
besss,10,4
biait,10,1
hobbing,10,2
dsf,10,2
galopp,10,1
non-fragile,10,3
qfldsa,10,1
gsnn,10,1
ladrcs,10,1
szn,10,1
